date_idx,cap_rate
1,0.017193546738131536
2,0.01719279490161947
3,0.017192043065107406
4,0.01719129122859534
5,0.017190539392083277
6,0.017189787555571212
7,0.01718903571905915
8,0.017188283882547086
9,0.01718753204603502
10,0.017186780209522957
11,0.017186028373010892
12,0.017185276536498827
13,0.017184524699986763
14,0.017183772863474698
15,0.017183021026962633
16,0.01718226919045057
17,0.017181517353938504
18,0.01718076551742644
19,0.017180013680914374
20,0.017179261844402313
21,0.01717851000789025
22,0.017177758171378184
23,0.01717700633486612
24,0.017176254498354054
25,0.01717550266184199
26,0.017174750825329925
27,0.01717399898881786
28,0.017173247152305796
29,0.01717249531579373
30,0.017171743479281666
31,0.0171709916427696
32,0.017170239806257537
33,0.017169487969745476
34,0.01716873613323341
35,0.017167984296721346
36,0.01716723246020928
37,0.017166480623697217
38,0.017165728787185152
39,0.017164976950673087
40,0.017164225114161023
41,0.017163473277648958
42,0.017162721441136893
43,0.01716196960462483
44,0.017161217768112764
45,0.0171604659316007
46,0.017159714095088638
47,0.017158962258576573
48,0.01715821042206451
49,0.017157458585552444
50,0.01715670674904038
51,0.017155954912528314
52,0.01715520307601625
53,0.017154451239504185
54,0.01715369940299212
55,0.017152947566480056
56,0.01715219572996799
57,0.017151443893455926
58,0.017150692056943865
59,0.0171499402204318
60,0.017149188383919736
61,0.01714843654740767
62,0.017147684710895606
63,0.01714693287438354
64,0.017146181037871477
65,0.017145429201359412
66,0.017144677364847347
67,0.017143925528335283
68,0.017143173691823218
69,0.017142421855311153
70,0.01714167001879909
71,0.017140918182287027
72,0.017140166345774963
73,0.017139414509262898
74,0.017138662672750833
75,0.01713791083623877
76,0.017137158999726704
77,0.01713640716321464
78,0.017135655326702574
79,0.01713490349019051
80,0.017134151653678445
81,0.01713339981716638
82,0.017132647980654316
83,0.01713189614414225
84,0.01713114430763019
85,0.017130392471118125
86,0.01712964063460606
87,0.017128888798093996
88,0.01712813696158193
89,0.017127385125069866
90,0.0171266332885578
91,0.017140345226805843
92,0.017154057165053884
93,0.017167769103301925
94,0.017181481041549967
95,0.01719519297979801
96,0.017208904918046053
97,0.017222616856294094
98,0.017236328794542136
99,0.017250040732790177
100,0.01726375267103822
101,0.01727746460928626
102,0.0172911765475343
103,0.017304888485782342
104,0.017318600424030387
105,0.01733231236227843
106,0.01734602430052647
107,0.01735973623877451
108,0.017373448177022553
109,0.017387160115270594
110,0.017400872053518635
111,0.017414583991766677
112,0.017428295930014718
113,0.017442007868262763
114,0.017455719806510804
115,0.017469431744758845
116,0.017483143683006887
117,0.017496855621254928
118,0.01751056755950297
119,0.01752427949775101
120,0.017537991435999052
121,0.017551703374247093
122,0.01756541531249514
123,0.01757912725074318
124,0.01759283918899122
125,0.017606551127239262
126,0.017620263065487304
127,0.017633975003735345
128,0.017647686941983386
129,0.017661398880231428
130,0.01767511081847947
131,0.017688822756727514
132,0.017702534694975555
133,0.017716246633223597
134,0.017729958571471638
135,0.01774367050971968
136,0.01775738244796772
137,0.017771094386215762
138,0.017784806324463803
139,0.017798518262711845
140,0.017812230200959886
141,0.01782594213920793
142,0.017839654077455972
143,0.017853366015704013
144,0.017867077953952055
145,0.017880789892200096
146,0.017894501830448137
147,0.01790821376869618
148,0.01792192570694422
149,0.01793563764519226
150,0.017949349583440306
151,0.017963061521688348
152,0.01797677345993639
153,0.01799048539818443
154,0.01800419733643247
155,0.018017909274680513
156,0.018031621212928554
157,0.018045333151176596
158,0.018059045089424637
159,0.018072757027672682
160,0.018086468965920723
161,0.018100180904168765
162,0.018113892842416806
163,0.018127604780664847
164,0.01814131671891289
165,0.01815502865716093
166,0.01816874059540897
167,0.018182452533657013
168,0.018196164471905057
169,0.0182098764101531
170,0.01822358834840114
171,0.01823730028664918
172,0.018251012224897223
173,0.018264724163145264
174,0.018278436101393306
175,0.018292148039641347
176,0.018305859977889388
177,0.018319571916137433
178,0.018333283854385474
179,0.018346995792633516
180,0.018360707730881557
181,0.0183744196691296
182,0.01839742269774155
183,0.018420425726353495
184,0.018443428754965446
185,0.018466431783577396
186,0.018489434812189343
187,0.018512437840801293
188,0.01853544086941324
189,0.01855844389802519
190,0.01858144692663714
191,0.018604449955249087
192,0.018627452983861037
193,0.018650456012472987
194,0.018673459041084934
195,0.018696462069696884
196,0.01871946509830883
197,0.01874246812692078
198,0.01876547115553273
199,0.018788474184144678
200,0.01881147721275663
201,0.01883448024136858
202,0.018857483269980525
203,0.018880486298592476
204,0.018903489327204426
205,0.018926492355816373
206,0.018949495384428323
207,0.01897249841304027
208,0.01899550144165222
209,0.01901850447026417
210,0.019041507498876117
211,0.019064510527488067
212,0.019087513556100017
213,0.019110516584711964
214,0.019133519613323914
215,0.01915652264193586
216,0.01917952567054781
217,0.01920252869915976
218,0.019225531727771708
219,0.01924853475638366
220,0.01927153778499561
221,0.019294540813607555
222,0.019317543842219505
223,0.019340546870831456
224,0.019363549899443402
225,0.019386552928055353
226,0.0194095559566673
227,0.01943255898527925
228,0.0194555620138912
229,0.019478565042503147
230,0.019501568071115097
231,0.019524571099727047
232,0.019547574128338994
233,0.019570577156950944
234,0.01959358018556289
235,0.01961658321417484
236,0.01963958624278679
237,0.019662589271398738
238,0.019685592300010688
239,0.01970859532862264
240,0.019731598357234585
241,0.019754601385846535
242,0.019777604414458486
243,0.019800607443070432
244,0.019823610471682383
245,0.01984661350029433
246,0.01986961652890628
247,0.01989261955751823
248,0.019915622586130177
249,0.019938625614742127
250,0.019961628643354073
251,0.019984631671966024
252,0.020007634700577974
253,0.02003063772918992
254,0.02005364075780187
255,0.02007664378641382
256,0.020099646815025768
257,0.020122649843637718
258,0.02014565287224967
259,0.020168655900861615
260,0.020191658929473565
261,0.020214661958085516
262,0.020237664986697462
263,0.020260668015309412
264,0.02028367104392136
265,0.02030667407253331
266,0.02032967710114526
267,0.020352680129757206
268,0.020375683158369157
269,0.020398686186981103
270,0.020421689215593054
271,0.020444692244205004
272,0.02046769527281695
273,0.0204906983014289
274,0.020509053003536195
275,0.02052740770564349
276,0.020545762407750783
277,0.02056411710985808
278,0.020582471811965375
279,0.02060082651407267
280,0.020619181216179963
281,0.020637535918287257
282,0.02065589062039455
283,0.020674245322501845
284,0.02069260002460914
285,0.020710954726716437
286,0.02072930942882373
287,0.020747664130931025
288,0.02076601883303832
289,0.020784373535145614
290,0.020802728237252908
291,0.020821082939360202
292,0.020839437641467496
293,0.020857792343574794
294,0.020876147045682088
295,0.020894501747789382
296,0.020912856449896676
297,0.02093121115200397
298,0.020949565854111264
299,0.02096792055621856
300,0.020986275258325856
301,0.02100462996043315
302,0.021022984662540444
303,0.02104133936464774
304,0.021059694066755032
305,0.021078048768862327
306,0.02109640347096962
307,0.021114758173076915
308,0.021133112875184212
309,0.021151467577291506
310,0.0211698222793988
311,0.021188176981506095
312,0.02120653168361339
313,0.021224886385720683
314,0.021243241087827977
315,0.02126159578993527
316,0.02127995049204257
317,0.021298305194149863
318,0.021316659896257157
319,0.02133501459836445
320,0.021353369300471745
321,0.02137172400257904
322,0.021390078704686333
323,0.02140843340679363
324,0.021426788108900925
325,0.02144514281100822
326,0.021463497513115513
327,0.021481852215222808
328,0.0215002069173301
329,0.021518561619437396
330,0.02153691632154469
331,0.021555271023651987
332,0.02157362572575928
333,0.021591980427866576
334,0.02161033512997387
335,0.021628689832081164
336,0.021647044534188458
337,0.021665399236295752
338,0.02168375393840305
339,0.021702108640510344
340,0.021720463342617638
341,0.021738818044724932
342,0.021757172746832226
343,0.02177552744893952
344,0.021793882151046814
345,0.02181223685315411
346,0.021830591555261406
347,0.0218489462573687
348,0.021867300959475994
349,0.02188565566158329
350,0.021904010363690583
351,0.021922365065797877
352,0.02194071976790517
353,0.02195907447001247
354,0.021977429172119763
355,0.021995783874227057
356,0.02201413857633435
357,0.022032493278441645
358,0.02205084798054894
359,0.022069202682656233
360,0.022087557384763527
361,0.02210591208687082
362,0.02212426678897812
363,0.022142621491085413
364,0.022160976193192707
365,0.0221793308953
366,0.02215123768023299
367,0.02212314446516598
368,0.022095051250098967
369,0.022066958035031958
370,0.022038864819964945
371,0.022010771604897936
372,0.021982678389830923
373,0.021954585174763914
374,0.0219264919596969
375,0.02189839874462989
376,0.02187030552956288
377,0.021842212314495867
378,0.021814119099428857
379,0.021786025884361845
380,0.021757932669294835
381,0.021729839454227823
382,0.021701746239160814
383,0.0216736530240938
384,0.021645559809026788
385,0.02161746659395978
386,0.021589373378892766
387,0.021561280163825757
388,0.021533186948758744
389,0.021505093733691735
390,0.021477000518624723
391,0.021448907303557713
392,0.0214208140884907
393,0.021392720873423688
394,0.02136462765835668
395,0.021336534443289666
396,0.021308441228222657
397,0.021280348013155644
398,0.021252254798088635
399,0.021224161583021622
400,0.021196068367954613
401,0.0211679751528876
402,0.021139881937820588
403,0.02111178872275358
404,0.021083695507686566
405,0.021055602292619557
406,0.021027509077552544
407,0.020999415862485535
408,0.020971322647418522
409,0.020943229432351513
410,0.0209151362172845
411,0.020887043002217488
412,0.02085894978715048
413,0.020830856572083466
414,0.020802763357016456
415,0.020774670141949444
416,0.020746576926882435
417,0.020718483711815422
418,0.020690390496748413
419,0.0206622972816814
420,0.020634204066614387
421,0.020606110851547378
422,0.020578017636480365
423,0.020549924421413356
424,0.020521831206346344
425,0.020493737991279334
426,0.02046564477621232
427,0.020437551561145312
428,0.0204094583460783
429,0.020381365131011287
430,0.020353271915944278
431,0.020325178700877265
432,0.020297085485810256
433,0.020268992270743243
434,0.020240899055676234
435,0.02021280584060922
436,0.02018471262554221
437,0.0201566194104752
438,0.020128526195408187
439,0.020100432980341178
440,0.020072339765274165
441,0.020044246550207156
442,0.020016153335140143
443,0.019988060120073134
444,0.01995996690500612
445,0.01993187368993911
446,0.0199037804748721
447,0.019875687259805087
448,0.019847594044738077
449,0.019819500829671065
450,0.019791407614604056
451,0.019763314399537043
452,0.019735221184470034
453,0.01970712796940302
454,0.01967903475433601
455,0.019650941539269
456,0.019689678068125778
457,0.01972841459698256
458,0.01976715112583934
459,0.01980588765469612
460,0.0198446241835529
461,0.01988336071240968
462,0.01992209724126646
463,0.01996083377012324
464,0.019999570298980023
465,0.0200383068278368
466,0.02007704335669358
467,0.020115779885550363
468,0.02015451641440714
469,0.020193252943263924
470,0.020231989472120702
471,0.020270726000977485
472,0.020309462529834264
473,0.020348199058691042
474,0.020386935587547825
475,0.020425672116404604
476,0.020464408645261386
477,0.020503145174118165
478,0.020541881702974944
479,0.020580618231831726
480,0.020619354760688505
481,0.020658091289545287
482,0.020696827818402066
483,0.020735564347258845
484,0.020774300876115627
485,0.020813037404972406
486,0.020851773933829188
487,0.020890510462685967
488,0.020929246991542746
489,0.020967983520399528
490,0.021006720049256307
491,0.02104545657811309
492,0.021084193106969868
493,0.021122929635826647
494,0.02116166616468343
495,0.021200402693540208
496,0.02123913922239699
497,0.02127787575125377
498,0.02131661228011055
499,0.02135534880896733
500,0.02139408533782411
501,0.02143282186668089
502,0.02147155839553767
503,0.02151029492439445
504,0.02154903145325123
505,0.02158776798210801
506,0.021626504510964793
507,0.02166524103982157
508,0.021703977568678354
509,0.021742714097535133
510,0.02178145062639191
511,0.021820187155248694
512,0.021858923684105473
513,0.02189766021296225
514,0.021936396741819034
515,0.021975133270675812
516,0.022013869799532595
517,0.022052606328389374
518,0.022091342857246156
519,0.022130079386102935
520,0.022168815914959714
521,0.022207552443816496
522,0.022246288972673275
523,0.022285025501530057
524,0.022323762030386836
525,0.022362498559243618
526,0.022401235088100397
527,0.022439971616957176
528,0.022478708145813958
529,0.022517444674670737
530,0.022556181203527516
531,0.022594917732384298
532,0.022633654261241077
533,0.02267239079009786
534,0.022711127318954638
535,0.02274986384781142
536,0.0227886003766682
537,0.022827336905524978
538,0.02286607343438176
539,0.02290480996323854
540,0.022943546492095318
541,0.0229822830209521
542,0.02302101954980888
543,0.02305975607866566
544,0.02309849260752244
545,0.023137229136379223
546,0.023175965665236
547,0.02315590510573204
548,0.023135844546228072
549,0.02311578398672411
550,0.023095723427220143
551,0.02307566286771618
552,0.023055602308212218
553,0.02303554174870825
554,0.02301548118920429
555,0.022995420629700326
556,0.02297536007019636
557,0.022955299510692397
558,0.02293523895118843
559,0.022915178391684467
560,0.022895117832180505
561,0.02287505727267654
562,0.022854996713172576
563,0.022834936153668613
564,0.022814875594164646
565,0.022794815034660684
566,0.022774754475156717
567,0.022754693915652754
568,0.02273463335614879
569,0.022714572796644825
570,0.022694512237140863
571,0.022674451677636896
572,0.022654391118132933
573,0.02263433055862897
574,0.022614269999125004
575,0.02259420943962104
576,0.02257414888011708
577,0.022554088320613112
578,0.02253402776110915
579,0.022513967201605183
580,0.02249390664210122
581,0.022473846082597258
582,0.02245378552309329
583,0.02243372496358933
584,0.022413664404085366
585,0.0223936038445814
586,0.022373543285077437
587,0.02235348272557347
588,0.022333422166069507
589,0.022313361606565545
590,0.02229330104706158
591,0.022273240487557616
592,0.02225317992805365
593,0.022233119368549686
594,0.022213058809045724
595,0.022192998249541757
596,0.022172937690037794
597,0.02215287713053383
598,0.022132816571029865
599,0.022112756011525903
600,0.022092695452021936
601,0.022072634892517973
602,0.02205257433301401
603,0.022032513773510044
604,0.02201245321400608
605,0.02199239265450212
606,0.021972332094998152
607,0.02195227153549419
608,0.021932210975990223
609,0.02191215041648626
610,0.021892089856982298
611,0.02187202929747833
612,0.02185196873797437
613,0.021831908178470402
614,0.02181184761896644
615,0.021791787059462477
616,0.02177172649995851
617,0.021751665940454547
618,0.021731605380950585
619,0.02171154482144662
620,0.021691484261942656
621,0.02167142370243869
622,0.021651363142934726
623,0.021631302583430764
624,0.021611242023926797
625,0.021591181464422834
626,0.021571120904918868
627,0.021551060345414905
628,0.021530999785910943
629,0.021510939226406976
630,0.021490878666903013
631,0.02147081810739905
632,0.021450757547895084
633,0.02143069698839112
634,0.02141063642888716
635,0.021390575869383192
636,0.02137051530987923
637,0.021350454750375263
638,0.0213303941908713
639,0.021351033207349376
640,0.02137167222382745
641,0.021392311240305526
642,0.0214129502567836
643,0.021433589273261677
644,0.021454228289739752
645,0.021474867306217827
646,0.0214955063226959
647,0.021516145339173974
648,0.02153678435565205
649,0.021557423372130124
650,0.0215780623886082
651,0.021598701405086275
652,0.02161934042156435
653,0.021639979438042425
654,0.0216606184545205
655,0.021681257470998576
656,0.02170189648747665
657,0.021722535503954726
658,0.0217431745204328
659,0.021763813536910877
660,0.021784452553388952
661,0.021805091569867027
662,0.0218257305863451
663,0.021846369602823174
664,0.02186700861930125
665,0.021887647635779325
666,0.0219082866522574
667,0.021928925668735475
668,0.02194956468521355
669,0.021970203701691626
670,0.0219908427181697
671,0.022011481734647776
672,0.02203212075112585
673,0.022052759767603927
674,0.022073398784082
675,0.022094037800560077
676,0.022114676817038152
677,0.022135315833516224
678,0.0221559548499943
679,0.022176593866472374
680,0.02219723288295045
681,0.022217871899428525
682,0.0222385109159066
683,0.022259149932384675
684,0.02227978894886275
685,0.022300427965340826
686,0.0223210669818189
687,0.022341705998296976
688,0.02236234501477505
689,0.022382984031253127
690,0.022403623047731202
691,0.022424262064209277
692,0.02244490108068735
693,0.022465540097165424
694,0.0224861791136435
695,0.022506818130121575
696,0.02252745714659965
697,0.022548096163077725
698,0.0225687351795558
699,0.022589374196033876
700,0.02261001321251195
701,0.022630652228990026
702,0.0226512912454681
703,0.022671930261946176
704,0.02269256927842425
705,0.022713208294902327
706,0.022733847311380402
707,0.022754486327858474
708,0.02277512534433655
709,0.022795764360814624
710,0.0228164033772927
711,0.022837042393770775
712,0.02285768141024885
713,0.022878320426726925
714,0.022898959443205
715,0.022919598459683076
716,0.02294023747616115
717,0.022960876492639226
718,0.0229815155091173
719,0.023002154525595377
720,0.023022793542073452
721,0.023043432558551527
722,0.0230640715750296
723,0.023084710591507674
724,0.02310534960798575
725,0.023125988624463825
726,0.0231466276409419
727,0.023167266657419975
728,0.02318790567389805
729,0.023208544690376125
730,0.0232291837068542
731,0.023213654011181972
732,0.023198124315509747
733,0.02318259461983752
734,0.02316706492416529
735,0.023151535228493062
736,0.023136005532820837
737,0.02312047583714861
738,0.02310494614147638
739,0.023089416445804152
740,0.023073886750131927
741,0.0230583570544597
742,0.02304282735878747
743,0.023027297663115242
744,0.023011767967443017
745,0.02299623827177079
746,0.02298070857609856
747,0.022965178880426332
748,0.022949649184754107
749,0.02293411948908188
750,0.02291858979340965
751,0.022903060097737425
752,0.022887530402065197
753,0.02287200070639297
754,0.02285647101072074
755,0.022840941315048515
756,0.022825411619376287
757,0.02280988192370406
758,0.02279435222803183
759,0.022778822532359605
760,0.022763292836687377
761,0.022747763141015148
762,0.02273223344534292
763,0.022716703749670695
764,0.022701174053998466
765,0.022685644358326238
766,0.022670114662654013
767,0.022654584966981785
768,0.022639055271309556
769,0.022623525575637328
770,0.022607995879965103
771,0.022592466184292875
772,0.022576936488620646
773,0.022561406792948418
774,0.022545877097276193
775,0.022530347401603965
776,0.022514817705931736
777,0.022499288010259508
778,0.022483758314587283
779,0.022468228618915054
780,0.022452698923242826
781,0.022437169227570598
782,0.022421639531898373
783,0.022406109836226144
784,0.022390580140553916
785,0.022375050444881688
786,0.022359520749209463
787,0.022343991053537234
788,0.022328461357865006
789,0.02231293166219278
790,0.022297401966520553
791,0.022281872270848324
792,0.022266342575176096
793,0.02225081287950387
794,0.022235283183831642
795,0.022219753488159414
796,0.022204223792487186
797,0.02218869409681496
798,0.022173164401142732
799,0.022157634705470504
800,0.022142105009798276
801,0.02212657531412605
802,0.022111045618453822
803,0.022095515922781594
804,0.02207998622710937
805,0.02206445653143714
806,0.022048926835764912
807,0.022033397140092684
808,0.02201786744442046
809,0.02200233774874823
810,0.021986808053076002
811,0.021971278357403774
812,0.02195574866173155
813,0.02194021896605932
814,0.021924689270387092
815,0.021909159574714863
816,0.02189362987904264
817,0.02187810018337041
818,0.021862570487698182
819,0.021847040792025953
820,0.02183151109635373
821,0.0218159814006815
822,0.02180702157593368
823,0.021798061751185857
824,0.021789101926438036
825,0.02178014210169021
826,0.02177118227694239
827,0.021762222452194568
828,0.021753262627446746
829,0.021744302802698925
830,0.021735342977951103
831,0.021726383153203282
832,0.021717423328455457
833,0.021708463503707635
834,0.021699503678959814
835,0.021690543854211992
836,0.02168158402946417
837,0.02167262420471635
838,0.021663664379968528
839,0.021654704555220703
840,0.02164574473047288
841,0.02163678490572506
842,0.02162782508097724
843,0.021618865256229417
844,0.021609905431481596
845,0.021600945606733774
846,0.02159198578198595
847,0.021583025957238128
848,0.021574066132490306
849,0.021565106307742485
850,0.021556146482994663
851,0.021547186658246842
852,0.02153822683349902
853,0.021529267008751195
854,0.021520307184003374
855,0.021511347359255552
856,0.02150238753450773
857,0.02149342770975991
858,0.021484467885012088
859,0.021475508060264267
860,0.02146654823551644
861,0.02145758841076862
862,0.0214486285860208
863,0.021439668761272977
864,0.021430708936525156
865,0.021421749111777334
866,0.021412789287029513
867,0.021403829462281688
868,0.021394869637533866
869,0.021385909812786045
870,0.021376949988038223
871,0.021367990163290402
872,0.02135903033854258
873,0.02135007051379476
874,0.021341110689046934
875,0.021332150864299113
876,0.02132319103955129
877,0.02131423121480347
878,0.021305271390055648
879,0.021296311565307827
880,0.021287351740560005
881,0.02127839191581218
882,0.02126943209106436
883,0.021260472266316537
884,0.021251512441568716
885,0.021242552616820894
886,0.021233592792073073
887,0.02122463296732525
888,0.021215673142577426
889,0.021206713317829605
890,0.021197753493081783
891,0.021188793668333962
892,0.02117983384358614
893,0.02117087401883832
894,0.021161914194090498
895,0.021152954369342673
896,0.02114399454459485
897,0.02113503471984703
898,0.021126074895099208
899,0.021117115070351387
900,0.021108155245603565
901,0.021099195420855744
902,0.02109023559610792
903,0.021081275771360097
904,0.021072315946612276
905,0.021063356121864454
906,0.021054396297116633
907,0.02104543647236881
908,0.02103647664762099
909,0.021027516822873165
910,0.021018556998125344
911,0.021009597173377522
912,0.0210006373486297
913,0.02100438906845935
914,0.021008140788289005
915,0.021011892508118656
916,0.02101564422794831
917,0.02101939594777796
918,0.021023147667607614
919,0.021026899387437264
920,0.02103065110726692
921,0.02103440282709657
922,0.021038154546926223
923,0.021041906266755873
924,0.021045657986585527
925,0.021049409706415178
926,0.021053161426244832
927,0.021056913146074482
928,0.021060664865904136
929,0.021064416585733787
930,0.02106816830556344
931,0.02107192002539309
932,0.021075671745222745
933,0.021079423465052396
934,0.02108317518488205
935,0.0210869269047117
936,0.02109067862454135
937,0.021094430344371005
938,0.021098182064200655
939,0.02110193378403031
940,0.02110568550385996
941,0.021109437223689614
942,0.021113188943519264
943,0.021116940663348918
944,0.02112069238317857
945,0.021124444103008223
946,0.021128195822837873
947,0.021131947542667527
948,0.021135699262497178
949,0.02113945098232683
950,0.021143202702156482
951,0.021146954421986136
952,0.021150706141815787
953,0.02115445786164544
954,0.02115820958147509
955,0.021161961301304745
956,0.021165713021134396
957,0.02116946474096405
958,0.0211732164607937
959,0.02117696818062335
960,0.021180719900453004
961,0.021184471620282655
962,0.02118822334011231
963,0.02119197505994196
964,0.021195726779771613
965,0.021199478499601264
966,0.021203230219430918
967,0.02120698193926057
968,0.021210733659090222
969,0.021214485378919873
970,0.021218237098749527
971,0.021221988818579177
972,0.02122574053840883
973,0.021229492258238482
974,0.021233243978068136
975,0.021236995697897786
976,0.02124074741772744
977,0.02124449913755709
978,0.021248250857386745
979,0.021252002577216395
980,0.02125575429704605
981,0.0212595060168757
982,0.02126325773670535
983,0.021267009456535004
984,0.021270761176364655
985,0.02127451289619431
986,0.02127826461602396
987,0.021282016335853613
988,0.021285768055683264
989,0.021289519775512918
990,0.021293271495342568
991,0.021297023215172222
992,0.021300774935001873
993,0.021304526654831527
994,0.021308278374661177
995,0.02131203009449083
996,0.02131578181432048
997,0.021319533534150135
998,0.021323285253979786
999,0.02132703697380944
1000,0.02133078869363909
1001,0.021334540413468744
1002,0.021338292133298395
1003,0.02134204385312805
1004,0.0213457955729577
1005,0.021358746645411236
1006,0.021371697717864773
1007,0.02138464879031831
1008,0.021397599862771847
1009,0.021410550935225384
1010,0.02142350200767892
1011,0.021436453080132457
1012,0.021449404152585994
1013,0.02146235522503953
1014,0.021475306297493068
1015,0.021488257369946605
1016,0.02150120844240014
1017,0.02151415951485368
1018,0.021527110587307215
1019,0.021540061659760752
1020,0.021553012732214293
1021,0.02156596380466783
1022,0.021578914877121366
1023,0.021591865949574903
1024,0.02160481702202844
1025,0.021617768094481977
1026,0.021630719166935514
1027,0.02164367023938905
1028,0.021656621311842587
1029,0.021669572384296124
1030,0.02168252345674966
1031,0.021695474529203198
1032,0.021708425601656735
1033,0.02172137667411027
1034,0.02173432774656381
1035,0.021747278819017345
1036,0.021760229891470882
1037,0.02177318096392442
1038,0.021786132036377956
1039,0.021799083108831493
1040,0.02181203418128503
1041,0.021824985253738566
1042,0.021837936326192103
1043,0.02185088739864564
1044,0.021863838471099177
1045,0.021876789543552714
1046,0.02188974061600625
1047,0.021902691688459788
1048,0.021915642760913324
1049,0.02192859383336686
1050,0.021941544905820398
1051,0.02195449597827394
1052,0.021967447050727475
1053,0.021980398123181012
1054,0.02199334919563455
1055,0.022006300268088086
1056,0.022019251340541623
1057,0.02203220241299516
1058,0.022045153485448696
1059,0.022058104557902233
1060,0.02207105563035577
1061,0.022084006702809307
1062,0.022096957775262844
1063,0.02210990884771638
1064,0.022122859920169918
1065,0.022135810992623454
1066,0.02214876206507699
1067,0.022161713137530528
1068,0.022174664209984065
1069,0.022187615282437602
1070,0.02220056635489114
1071,0.022213517427344676
1072,0.022226468499798212
1073,0.02223941957225175
1074,0.022252370644705286
1075,0.022265321717158823
1076,0.02227827278961236
1077,0.022291223862065897
1078,0.022304174934519434
1079,0.02231712600697297
1080,0.02233007707942651
1081,0.022343028151880044
1082,0.022355979224333584
1083,0.02236893029678712
1084,0.022381881369240658
1085,0.022394832441694195
1086,0.022407783514147732
1087,0.02242073458660127
1088,0.022433685659054806
1089,0.022446636731508342
1090,0.02245958780396188
1091,0.022472538876415416
1092,0.022485489948868953
1093,0.02249844102132249
1094,0.022511392093776027
1095,0.022524343166229564
1096,0.0225372942386831
1097,0.022529955610280115
1098,0.02252261698187713
1099,0.022515278353474145
1100,0.022507939725071164
1101,0.02250060109666818
1102,0.022493262468265194
1103,0.02248592383986221
1104,0.022478585211459224
1105,0.02247124658305624
1106,0.022463907954653257
1107,0.022456569326250272
1108,0.022449230697847287
1109,0.022441892069444302
1110,0.022434553441041317
1111,0.022427214812638332
1112,0.022419876184235348
1113,0.022412537555832366
1114,0.02240519892742938
1115,0.022397860299026396
1116,0.02239052167062341
1117,0.022383183042220426
1118,0.02237584441381744
1119,0.02236850578541446
1120,0.022361167157011475
1121,0.02235382852860849
1122,0.022346489900205505
1123,0.02233915127180252
1124,0.022331812643399535
1125,0.022324474014996553
1126,0.022317135386593568
1127,0.022309796758190583
1128,0.022302458129787598
1129,0.022295119501384613
1130,0.022287780872981628
1131,0.022280442244578643
1132,0.02227310361617566
1133,0.022265764987772677
1134,0.02225842635936969
1135,0.022251087730966707
1136,0.02224374910256372
1137,0.022236410474160737
1138,0.022229071845757755
1139,0.02222173321735477
1140,0.022214394588951785
1141,0.0222070559605488
1142,0.022199717332145815
1143,0.02219237870374283
1144,0.022185040075339845
1145,0.022177701446936864
1146,0.02217036281853388
1147,0.022163024190130894
1148,0.02215568556172791
1149,0.022148346933324924
1150,0.02214100830492194
1151,0.022133669676518957
1152,0.022126331048115972
1153,0.022118992419712987
1154,0.022111653791310002
1155,0.022104315162907017
1156,0.022096976534504032
1157,0.022089637906101047
1158,0.022082299277698066
1159,0.02207496064929508
1160,0.022067622020892096
1161,0.02206028339248911
1162,0.022052944764086126
1163,0.02204560613568314
1164,0.02203826750728016
1165,0.022030928878877174
1166,0.02202359025047419
1167,0.022016251622071204
1168,0.02200891299366822
1169,0.022001574365265234
1170,0.021994235736862253
1171,0.021986897108459268
1172,0.021979558480056283
1173,0.021972219851653298
1174,0.021964881223250313
1175,0.021957542594847328
1176,0.021950203966444343
1177,0.02194286533804136
1178,0.021935526709638376
1179,0.02192818808123539
1180,0.021920849452832406
1181,0.02191351082442942
1182,0.021906172196026436
1183,0.021898833567623455
1184,0.02189149493922047
1185,0.021884156310817485
1186,0.0218768176824145
1187,0.021879856273356268
1188,0.021882894864298032
1189,0.0218859334552398
1190,0.02188897204618157
1191,0.021892010637123333
1192,0.0218950492280651
1193,0.02189808781900687
1194,0.021901126409948637
1195,0.021904165000890402
1196,0.02190720359183217
1197,0.021910242182773938
1198,0.021913280773715703
1199,0.02191631936465747
1200,0.02191935795559924
1201,0.021922396546541004
1202,0.021925435137482772
1203,0.02192847372842454
1204,0.021931512319366304
1205,0.021934550910308073
1206,0.02193758950124984
1207,0.02194062809219161
1208,0.021943666683133373
1209,0.02194670527407514
1210,0.02194974386501691
1211,0.021952782455958674
1212,0.021955821046900442
1213,0.02195885963784221
1214,0.021961898228783975
1215,0.021964936819725743
1216,0.02196797541066751
1217,0.021971014001609276
1218,0.021974052592551044
1219,0.021977091183492812
1220,0.02198012977443458
1221,0.021983168365376345
1222,0.021986206956318113
1223,0.02198924554725988
1224,0.021992284138201645
1225,0.021995322729143413
1226,0.02199836132008518
1227,0.022001399911026946
1228,0.022004438501968714
1229,0.022007477092910482
1230,0.022010515683852247
1231,0.022013554274794015
1232,0.022016592865735783
1233,0.02201963145667755
1234,0.022022670047619316
1235,0.022025708638561084
1236,0.022028747229502852
1237,0.022031785820444617
1238,0.022034824411386385
1239,0.022037863002328153
1240,0.022040901593269917
1241,0.022043940184211686
1242,0.022046978775153454
1243,0.022050017366095218
1244,0.022053055957036986
1245,0.022056094547978754
1246,0.022059133138920523
1247,0.022062171729862287
1248,0.022065210320804055
1249,0.022068248911745823
1250,0.022071287502687588
1251,0.022074326093629356
1252,0.022077364684571124
1253,0.02208040327551289
1254,0.022083441866454657
1255,0.022086480457396425
1256,0.02208951904833819
1257,0.022092557639279958
1258,0.022095596230221726
1259,0.022098634821163494
1260,0.02210167341210526
1261,0.022104712003047026
1262,0.022107750593988795
1263,0.02211078918493056
1264,0.022113827775872327
1265,0.022116866366814095
1266,0.02211990495775586
1267,0.022122943548697628
1268,0.022125982139639396
1269,0.02212902073058116
1270,0.02213205932152293
1271,0.022135097912464697
1272,0.022138136503406465
1273,0.02214117509434823
1274,0.022144213685289998
1275,0.022147252276231766
1276,0.02215029086717353
1277,0.0221533294581153
1278,0.022154218400334748
1279,0.022155107342554197
1280,0.02215599628477365
1281,0.0221568852269931
1282,0.02215777416921255
1283,0.022158663111431998
1284,0.02215955205365145
1285,0.0221604409958709
1286,0.02216132993809035
1287,0.022162218880309798
1288,0.022163107822529247
1289,0.0221639967647487
1290,0.02216488570696815
1291,0.0221657746491876
1292,0.022166663591407048
1293,0.022167552533626497
1294,0.02216844147584595
1295,0.0221693304180654
1296,0.02217021936028485
1297,0.022171108302504298
1298,0.02217199724472375
1299,0.0221728861869432
1300,0.02217377512916265
1301,0.0221746640713821
1302,0.022175553013601548
1303,0.022176441955821
1304,0.02217733089804045
1305,0.0221782198402599
1306,0.022179108782479348
1307,0.0221799977246988
1308,0.02218088666691825
1309,0.0221817756091377
1310,0.02218266455135715
1311,0.022183553493576598
1312,0.02218444243579605
1313,0.0221853313780155
1314,0.02218622032023495
1315,0.0221871092624544
1316,0.022187998204673848
1317,0.0221888871468933
1318,0.02218977608911275
1319,0.0221906650313322
1320,0.02219155397355165
1321,0.0221924429157711
1322,0.02219333185799055
1323,0.02219422080021
1324,0.02219510974242945
1325,0.022195998684648898
1326,0.02219688762686835
1327,0.0221977765690878
1328,0.02219866551130725
1329,0.0221995544535267
1330,0.02220044339574615
1331,0.0222013323379656
1332,0.02220222128018505
1333,0.0222031102224045
1334,0.02220399916462395
1335,0.0222048881068434
1336,0.02220577704906285
1337,0.0222066659912823
1338,0.02220755493350175
1339,0.0222084438757212
1340,0.02220933281794065
1341,0.0222102217601601
1342,0.02221111070237955
1343,0.022211999644599
1344,0.02221288858681845
1345,0.0222137775290379
1346,0.02221466647125735
1347,0.0222155554134768
1348,0.02221644435569625
1349,0.0222173332979157
1350,0.02221822224013515
1351,0.0222191111823546
1352,0.02222000012457405
1353,0.022220889066793502
1354,0.02222177800901295
1355,0.0222226669512324
1356,0.02222355589345185
1357,0.0222244448356713
1358,0.02222533377789075
1359,0.0222262227201102
1360,0.02222711166232965
1361,0.0222280006045491
1362,0.02222888954676855
1363,0.022229778488988
1364,0.02223066743120745
1365,0.0222315563734269
1366,0.02223244531564635
1367,0.022233334257865802
1368,0.02223422320008525
1369,0.0222351121423047
1370,0.022245807080302396
1371,0.022256502018300095
1372,0.02226719695629779
1373,0.022277891894295486
1374,0.022288586832293185
1375,0.02229928177029088
1376,0.02230997670828858
1377,0.022320671646286275
1378,0.02233136658428397
1379,0.02234206152228167
1380,0.022352756460279365
1381,0.02236345139827706
1382,0.02237414633627476
1383,0.022384841274272455
1384,0.02239553621227015
1385,0.02240623115026785
1386,0.022416926088265544
1387,0.02242762102626324
1388,0.02243831596426094
1389,0.022449010902258634
1390,0.022459705840256333
1391,0.02247040077825403
1392,0.022481095716251724
1393,0.022491790654249423
1394,0.02250248559224712
1395,0.022513180530244814
1396,0.022523875468242513
1397,0.02253457040624021
1398,0.022545265344237904
1399,0.022555960282235603
1400,0.0225666552202333
1401,0.022577350158230994
1402,0.022588045096228693
1403,0.022598740034226388
1404,0.022609434972224087
1405,0.022620129910221783
1406,0.022630824848219478
1407,0.022641519786217177
1408,0.022652214724214872
1409,0.022662909662212568
1410,0.022673604600210267
1411,0.022684299538207962
1412,0.022694994476205658
1413,0.022705689414203357
1414,0.022716384352201052
1415,0.02272707929019875
1416,0.022737774228196447
1417,0.022748469166194142
1418,0.02275916410419184
1419,0.022769859042189537
1420,0.022780553980187232
1421,0.02279124891818493
1422,0.022801943856182626
1423,0.022812638794180322
1424,0.02282333373217802
1425,0.022834028670175716
1426,0.022844723608173412
1427,0.02285541854617111
1428,0.022866113484168806
1429,0.022876808422166505
1430,0.0228875033601642
1431,0.022898198298161896
1432,0.022908893236159595
1433,0.02291958817415729
1434,0.022930283112154986
1435,0.022940978050152685
1436,0.02295167298815038
1437,0.022962367926148076
1438,0.022973062864145775
1439,0.02298375780214347
1440,0.022994452740141166
1441,0.023005147678138865
1442,0.02301584261613656
1443,0.02302653755413426
1444,0.023037232492131954
1445,0.02304792743012965
1446,0.02305862236812735
1447,0.023069317306125044
1448,0.02308001224412274
1449,0.02309070718212044
1450,0.023101402120118134
1451,0.02311209705811583
1452,0.02312279199611353
1453,0.023133486934111224
1454,0.02314418187210892
1455,0.02315487681010662
1456,0.023165571748104314
1457,0.023176266686102013
1458,0.02318696162409971
1459,0.023197656562097404
1460,0.023208351500095103
1461,0.0232190464380928
1462,0.023212523923417893
1463,0.023206001408742984
1464,0.02319947889406808
1465,0.02319295637939317
1466,0.023186433864718265
1467,0.02317991135004336
1468,0.02317338883536845
1469,0.023166866320693546
1470,0.023160343806018637
1471,0.023153821291343732
1472,0.023147298776668827
1473,0.023140776261993918
1474,0.023134253747319013
1475,0.023127731232644104
1476,0.0231212087179692
1477,0.023114686203294293
1478,0.023108163688619385
1479,0.02310164117394448
1480,0.02309511865926957
1481,0.023088596144594666
1482,0.02308207362991976
1483,0.02307555111524485
1484,0.023069028600569946
1485,0.023062506085895038
1486,0.023055983571220132
1487,0.023049461056545227
1488,0.02304293854187032
1489,0.023036416027195413
1490,0.023029893512520504
1491,0.0230233709978456
1492,0.023016848483170694
1493,0.023010325968495785
1494,0.02300380345382088
1495,0.02299728093914597
1496,0.022990758424471066
1497,0.02298423590979616
1498,0.022977713395121252
1499,0.022971190880446347
1500,0.022964668365771438
1501,0.022958145851096533
1502,0.022951623336421628
1503,0.02294510082174672
1504,0.022938578307071814
1505,0.022932055792396905
1506,0.022925533277722
1507,0.022919010763047094
1508,0.022912488248372186
1509,0.02290596573369728
1510,0.02289944321902237
1511,0.022892920704347466
1512,0.02288639818967256
1513,0.022879875674997652
1514,0.022873353160322747
1515,0.02286683064564784
1516,0.022860308130972933
1517,0.022853785616298028
1518,0.02284726310162312
1519,0.022840740586948214
1520,0.022834218072273305
1521,0.0228276955575984
1522,0.022821173042923495
1523,0.022814650528248586
1524,0.02280812801357368
1525,0.022801605498898772
1526,0.022795082984223867
1527,0.02278856046954896
1528,0.022782037954874053
1529,0.022775515440199148
1530,0.02276899292552424
1531,0.022762470410849334
1532,0.02275594789617443
1533,0.02274942538149952
1534,0.022742902866824614
1535,0.022736380352149706
1536,0.0227298578374748
1537,0.022723335322799895
1538,0.022716812808124986
1539,0.02271029029345008
1540,0.022703767778775173
1541,0.022697245264100267
1542,0.022690722749425362
1543,0.022684200234750453
1544,0.022677677720075548
1545,0.02267115520540064
1546,0.022664632690725734
1547,0.02265811017605083
1548,0.02265158766137592
1549,0.022645065146701015
1550,0.022638542632026106
1551,0.0226320201173512
1552,0.022642694740485286
1553,0.02265336936361937
1554,0.022664043986753455
1555,0.02267471860988754
1556,0.022685393233021624
1557,0.02269606785615571
1558,0.022706742479289794
1559,0.02271741710242388
1560,0.022728091725557963
1561,0.022738766348692048
1562,0.022749440971826133
1563,0.022760115594960217
1564,0.022770790218094302
1565,0.022781464841228387
1566,0.022792139464362468
1567,0.022802814087496553
1568,0.022813488710630637
1569,0.022824163333764722
1570,0.022834837956898807
1571,0.02284551258003289
1572,0.022856187203166976
1573,0.02286686182630106
1574,0.022877536449435146
1575,0.02288821107256923
1576,0.022898885695703315
1577,0.0229095603188374
1578,0.022920234941971485
1579,0.02293090956510557
1580,0.022941584188239654
1581,0.02295225881137374
1582,0.022962933434507823
1583,0.022973608057641908
1584,0.022984282680775993
1585,0.022994957303910078
1586,0.023005631927044162
1587,0.023016306550178247
1588,0.02302698117331233
1589,0.023037655796446416
1590,0.0230483304195805
1591,0.023059005042714586
1592,0.02306967966584867
1593,0.023080354288982755
1594,0.02309102891211684
1595,0.023101703535250925
1596,0.02311237815838501
1597,0.02312305278151909
1598,0.023133727404653175
1599,0.02314440202778726
1600,0.023155076650921345
1601,0.02316575127405543
1602,0.023176425897189514
1603,0.0231871005203236
1604,0.023197775143457684
1605,0.02320844976659177
1606,0.023219124389725853
1607,0.023229799012859938
1608,0.023240473635994022
1609,0.023251148259128107
1610,0.023261822882262192
1611,0.023272497505396277
1612,0.02328317212853036
1613,0.023293846751664446
1614,0.02330452137479853
1615,0.023315195997932615
1616,0.0233258706210667
1617,0.023336545244200785
1618,0.02334721986733487
1619,0.023357894490468954
1620,0.02336856911360304
1621,0.023379243736737124
1622,0.02338991835987121
1623,0.023400592983005293
1624,0.023411267606139378
1625,0.023421942229273462
1626,0.023432616852407544
1627,0.02344329147554163
1628,0.023453966098675713
1629,0.023464640721809798
1630,0.023475315344943883
1631,0.023485989968077967
1632,0.023496664591212052
1633,0.023507339214346137
1634,0.02351801383748022
1635,0.023528688460614306
1636,0.02353936308374839
1637,0.023550037706882476
1638,0.02356071233001656
1639,0.023571386953150645
1640,0.02358206157628473
1641,0.023592736199418814
1642,0.0236034108225529
1643,0.023599705794726762
1644,0.023596000766900622
1645,0.023592295739074485
1646,0.023588590711248348
1647,0.023584885683422208
1648,0.02358118065559607
1649,0.023577475627769934
1650,0.023573770599943793
1651,0.023570065572117656
1652,0.02356636054429152
1653,0.02356265551646538
1654,0.023558950488639242
1655,0.023555245460813105
1656,0.023551540432986965
1657,0.023547835405160828
1658,0.02354413037733469
1659,0.02354042534950855
1660,0.023536720321682414
1661,0.023533015293856277
1662,0.023529310266030137
1663,0.023525605238204
1664,0.023521900210377863
1665,0.023518195182551722
1666,0.023514490154725586
1667,0.02351078512689945
1668,0.02350708009907331
1669,0.02350337507124717
1670,0.023499670043421034
1671,0.023495965015594898
1672,0.023492259987768757
1673,0.02348855495994262
1674,0.023484849932116483
1675,0.023481144904290343
1676,0.023477439876464206
1677,0.02347373484863807
1678,0.02347002982081193
1679,0.023466324792985792
1680,0.023462619765159655
1681,0.023458914737333515
1682,0.023455209709507378
1683,0.02345150468168124
1684,0.0234477996538551
1685,0.023444094626028963
1686,0.023440389598202827
1687,0.023436684570376686
1688,0.02343297954255055
1689,0.023429274514724412
1690,0.023425569486898272
1691,0.023421864459072135
1692,0.023418159431245998
1693,0.023414454403419858
1694,0.02341074937559372
1695,0.023407044347767584
1696,0.023403339319941444
1697,0.023399634292115307
1698,0.02339592926428917
1699,0.02339222423646303
1700,0.023388519208636892
1701,0.023384814180810756
1702,0.023381109152984615
1703,0.023377404125158478
1704,0.02337369909733234
1705,0.0233699940695062
1706,0.023366289041680064
1707,0.023362584013853927
1708,0.023358878986027787
1709,0.02335517395820165
1710,0.023351468930375513
1711,0.023347763902549376
1712,0.023344058874723236
1713,0.0233403538468971
1714,0.023336648819070962
1715,0.02333294379124482
1716,0.023329238763418685
1717,0.023325533735592548
1718,0.023321828707766407
1719,0.02331812367994027
1720,0.023314418652114133
1721,0.023310713624287993
1722,0.023307008596461856
1723,0.02330330356863572
1724,0.02329959854080958
1725,0.023295893512983442
1726,0.023292188485157305
1727,0.023288483457331165
1728,0.023284778429505028
1729,0.02328107340167889
1730,0.02327736837385275
1731,0.023273663346026614
1732,0.023269958318200477
1733,0.023266253290374336
1734,0.0232625482625482
1735,0.023283860007890022
1736,0.023305171753231844
1737,0.023326483498573667
1738,0.02334779524391549
1739,0.023369106989257312
1740,0.023390418734599138
1741,0.02341173047994096
1742,0.023433042225282783
1743,0.023454353970624606
1744,0.023475665715966428
1745,0.02349697746130825
1746,0.023518289206650073
1747,0.023539600951991896
1748,0.02356091269733372
1749,0.02358222444267554
1750,0.023603536188017363
1751,0.023624847933359186
1752,0.023646159678701012
1753,0.023667471424042835
1754,0.023688783169384657
1755,0.02371009491472648
1756,0.023731406660068302
1757,0.023752718405410125
1758,0.023774030150751947
1759,0.02379534189609377
1760,0.023816653641435592
1761,0.023837965386777415
1762,0.023859277132119237
1763,0.023880588877461063
1764,0.023901900622802886
1765,0.02392321236814471
1766,0.02394452411348653
1767,0.023965835858828353
1768,0.023987147604170176
1769,0.024008459349512
1770,0.02402977109485382
1771,0.024051082840195644
1772,0.024072394585537466
1773,0.02409370633087929
1774,0.02411501807622111
1775,0.024136329821562937
1776,0.02415764156690476
1777,0.024178953312246582
1778,0.024200265057588405
1779,0.024221576802930227
1780,0.02424288854827205
1781,0.024264200293613872
1782,0.024285512038955695
1783,0.024306823784297518
1784,0.02432813552963934
1785,0.024349447274981163
1786,0.024370759020322985
1787,0.02439207076566481
1788,0.024413382511006634
1789,0.024434694256348456
1790,0.02445600600169028
1791,0.0244773177470321
1792,0.024498629492373924
1793,0.024519941237715746
1794,0.02454125298305757
1795,0.02456256472839939
1796,0.024583876473741214
1797,0.024605188219083036
1798,0.024626499964424862
1799,0.024647811709766685
1800,0.024669123455108508
1801,0.02469043520045033
1802,0.024711746945792153
1803,0.024733058691133975
1804,0.024754370436475798
1805,0.02477568218181762
1806,0.024796993927159443
1807,0.024818305672501265
1808,0.024839617417843088
1809,0.024860929163184914
1810,0.024882240908526736
1811,0.02490355265386856
1812,0.02492486439921038
1813,0.024946176144552204
1814,0.024967487889894027
1815,0.02498879963523585
1816,0.02501011138057767
1817,0.025031423125919494
1818,0.025052734871261317
1819,0.02507404661660314
1820,0.025095358361944965
1821,0.025116670107286788
1822,0.02513798185262861
1823,0.025159293597970433
1824,0.025180605343312255
1825,0.025201917088654078
1826,0.0252232288339959
1827,0.025211363764106317
1828,0.025199498694216737
1829,0.025187633624327153
1830,0.02517576855443757
1831,0.02516390348454799
1832,0.025152038414658406
1833,0.025140173344768826
1834,0.025128308274879243
1835,0.02511644320498966
1836,0.02510457813510008
1837,0.025092713065210496
1838,0.025080847995320912
1839,0.025068982925431332
1840,0.02505711785554175
1841,0.025045252785652165
1842,0.025033387715762585
1843,0.025021522645873002
1844,0.025009657575983422
1845,0.02499779250609384
1846,0.024985927436204255
1847,0.024974062366314675
1848,0.02496219729642509
1849,0.024950332226535508
1850,0.024938467156645928
1851,0.024926602086756344
1852,0.024914737016866764
1853,0.02490287194697718
1854,0.024891006877087597
1855,0.024879141807198017
1856,0.024867276737308434
1857,0.02485541166741885
1858,0.02484354659752927
1859,0.024831681527639687
1860,0.024819816457750103
1861,0.024807951387860523
1862,0.02479608631797094
1863,0.02478422124808136
1864,0.024772356178191776
1865,0.024760491108302193
1866,0.024748626038412613
1867,0.02473676096852303
1868,0.024724895898633446
1869,0.024713030828743866
1870,0.024701165758854282
1871,0.024689300688964702
1872,0.02467743561907512
1873,0.024665570549185535
1874,0.024653705479295955
1875,0.02464184040940637
1876,0.024629975339516788
1877,0.024618110269627208
1878,0.024606245199737625
1879,0.02459438012984804
1880,0.02458251505995846
1881,0.024570649990068878
1882,0.024558784920179298
1883,0.024546919850289714
1884,0.02453505478040013
1885,0.02452318971051055
1886,0.024511324640620967
1887,0.024499459570731384
1888,0.024487594500841803
1889,0.02447572943095222
1890,0.024463864361062636
1891,0.024451999291173056
1892,0.024440134221283473
1893,0.024428269151393893
1894,0.02441640408150431
1895,0.024404539011614726
1896,0.024392673941725146
1897,0.024380808871835562
1898,0.02436894380194598
1899,0.0243570787320564
1900,0.024345213662166815
1901,0.024333348592277232
1902,0.024321483522387652
1903,0.02430961845249807
1904,0.02429775338260849
1905,0.024285888312718905
1906,0.02427402324282932
1907,0.02426215817293974
1908,0.024250293103050158
1909,0.024238428033160574
1910,0.024226562963270994
1911,0.02421469789338141
1912,0.02420283282349183
1913,0.024190967753602247
1914,0.024179102683712664
1915,0.024167237613823084
1916,0.0241553725439335
1917,0.024133429897755944
1918,0.024111487251578387
1919,0.02408954460540083
1920,0.024067601959223275
1921,0.02404565931304572
1922,0.024023716666868165
1923,0.02400177402069061
1924,0.023979831374513053
1925,0.023957888728335496
1926,0.02393594608215794
1927,0.023914003435980383
1928,0.023892060789802827
1929,0.02387011814362527
1930,0.023848175497447714
1931,0.023826232851270158
1932,0.023804290205092605
1933,0.02378234755891505
1934,0.023760404912737492
1935,0.023738462266559936
1936,0.02371651962038238
1937,0.023694576974204823
1938,0.023672634328027266
1939,0.02365069168184971
1940,0.023628749035672154
1941,0.023606806389494597
1942,0.023584863743317044
1943,0.023562921097139488
1944,0.02354097845096193
1945,0.023519035804784375
1946,0.02349709315860682
1947,0.023475150512429262
1948,0.023453207866251706
1949,0.02343126522007415
1950,0.023409322573896593
1951,0.023387379927719037
1952,0.023365437281541484
1953,0.023343494635363927
1954,0.02332155198918637
1955,0.023299609343008815
1956,0.02327766669683126
1957,0.023255724050653702
1958,0.023233781404476146
1959,0.02321183875829859
1960,0.023189896112121033
1961,0.023167953465943476
1962,0.023146010819765923
1963,0.023124068173588367
1964,0.02310212552741081
1965,0.023080182881233254
1966,0.023058240235055698
1967,0.02303629758887814
1968,0.023014354942700585
1969,0.02299241229652303
1970,0.022970469650345472
1971,0.022948527004167916
1972,0.02292658435799036
1973,0.022904641711812807
1974,0.02288269906563525
1975,0.022860756419457694
1976,0.022838813773280137
1977,0.02281687112710258
1978,0.022794928480925025
1979,0.022772985834747468
1980,0.02275104318856991
1981,0.022729100542392355
1982,0.022707157896214802
1983,0.022685215250037246
1984,0.02266327260385969
1985,0.022641329957682133
1986,0.022619387311504577
1987,0.02259744466532702
1988,0.022575502019149464
1989,0.022553559372971908
1990,0.02253161672679435
1991,0.022509674080616795
1992,0.02248773143443924
1993,0.022465788788261686
1994,0.02244384614208413
1995,0.022421903495906573
1996,0.022399960849729016
1997,0.02237801820355146
1998,0.022356075557373904
1999,0.022334132911196347
2000,0.02231219026501879
2001,0.022290247618841234
2002,0.02226830497266368
2003,0.022246362326486125
2004,0.02222441968030857
2005,0.022202477034131012
2006,0.022180534387953456
2007,0.0221585917417759
2008,0.02214415999518519
2009,0.022129728248594483
2010,0.022115296502003775
2011,0.02210086475541307
2012,0.022086433008822362
2013,0.022072001262231654
2014,0.022057569515640946
2015,0.022043137769050238
2016,0.02202870602245953
2017,0.022014274275868825
2018,0.021999842529278116
2019,0.02198541078268741
2020,0.0219709790360967
2021,0.021956547289505992
2022,0.021942115542915284
2023,0.02192768379632458
2024,0.02191325204973387
2025,0.021898820303143163
2026,0.021884388556552455
2027,0.021869956809961746
2028,0.021855525063371038
2029,0.021841093316780334
2030,0.021826661570189625
2031,0.021812229823598917
2032,0.02179779807700821
2033,0.0217833663304175
2034,0.021768934583826793
2035,0.021754502837236088
2036,0.02174007109064538
2037,0.02172563934405467
2038,0.021711207597463963
2039,0.021696775850873255
2040,0.021682344104282547
2041,0.021667912357691842
2042,0.021653480611101134
2043,0.021639048864510426
2044,0.021624617117919718
2045,0.02161018537132901
2046,0.0215957536247383
2047,0.021581321878147597
2048,0.02156689013155689
2049,0.02155245838496618
2050,0.021538026638375472
2051,0.021523594891784764
2052,0.021509163145194056
2053,0.021494731398603348
2054,0.021480299652012643
2055,0.021465867905421935
2056,0.021451436158831227
2057,0.02143700441224052
2058,0.02142257266564981
2059,0.021408140919059102
2060,0.021393709172468398
2061,0.02137927742587769
2062,0.02136484567928698
2063,0.021350413932696273
2064,0.021335982186105565
2065,0.021321550439514857
2066,0.021307118692924152
2067,0.021292686946333444
2068,0.021278255199742736
2069,0.021263823453152027
2070,0.02124939170656132
2071,0.02123495995997061
2072,0.021220528213379906
2073,0.021206096466789198
2074,0.02119166472019849
2075,0.021177232973607782
2076,0.021162801227017074
2077,0.021148369480426366
2078,0.02113393773383566
2079,0.021119505987244953
2080,0.021105074240654245
2081,0.021090642494063536
2082,0.021076210747472828
2083,0.02106177900088212
2084,0.021047347254291415
2085,0.021032915507700707
2086,0.02101848376111
2087,0.02100405201451929
2088,0.020989620267928583
2089,0.020975188521337874
2090,0.02096075677474717
2091,0.02094632502815646
2092,0.020931893281565753
2093,0.020917461534975045
2094,0.020903029788384337
2095,0.02088859804179363
2096,0.020874166295202924
2097,0.020859734548612216
2098,0.020845302802021508
2099,0.0208308710554308
2100,0.020876605306253807
2101,0.020922339557076813
2102,0.020968073807899824
2103,0.02101380805872283
2104,0.021059542309545837
2105,0.021105276560368844
2106,0.021151010811191855
2107,0.02119674506201486
2108,0.02124247931283787
2109,0.021288213563660875
2110,0.021333947814483882
2111,0.021379682065306892
2112,0.0214254163161299
2113,0.021471150566952906
2114,0.021516884817775913
2115,0.02156261906859892
2116,0.02160835331942193
2117,0.021654087570244937
2118,0.021699821821067944
2119,0.02174555607189095
2120,0.02179129032271396
2121,0.021837024573536968
2122,0.021882758824359975
2123,0.02192849307518298
2124,0.02197422732600599
2125,0.022019961576829
2126,0.022065695827652006
2127,0.022111430078475013
2128,0.02215716432929802
2129,0.022202898580121026
2130,0.022248632830944037
2131,0.022294367081767043
2132,0.02234010133259005
2133,0.022385835583413057
2134,0.022431569834236068
2135,0.022477304085059074
2136,0.02252303833588208
2137,0.022568772586705088
2138,0.022614506837528095
2139,0.022660241088351105
2140,0.022705975339174112
2141,0.02275170958999712
2142,0.022797443840820126
2143,0.022843178091643136
2144,0.022888912342466143
2145,0.02293464659328915
2146,0.022980380844112157
2147,0.023026115094935164
2148,0.023071849345758174
2149,0.02311758359658118
2150,0.023163317847404188
2151,0.023209052098227195
2152,0.023254786349050205
2153,0.023300520599873212
2154,0.02334625485069622
2155,0.023391989101519226
2156,0.023437723352342232
2157,0.023483457603165243
2158,0.02352919185398825
2159,0.023574926104811256
2160,0.023620660355634263
2161,0.023666394606457274
2162,0.02371212885728028
2163,0.023757863108103287
2164,0.023803597358926294
2165,0.0238493316097493
2166,0.023895065860572308
2167,0.023940800111395318
2168,0.023986534362218325
2169,0.024032268613041332
2170,0.02407800286386434
2171,0.02412373711468735
2172,0.024169471365510356
2173,0.024215205616333363
2174,0.02426093986715637
2175,0.024306674117979377
2176,0.024352408368802387
2177,0.024398142619625394
2178,0.0244438768704484
2179,0.024489611121271408
2180,0.024535345372094418
2181,0.024581079622917425
2182,0.02462681387374043
2183,0.02467254812456344
2184,0.024718282375386445
2185,0.024764016626209456
2186,0.024809750877032462
2187,0.02485548512785547
2188,0.024901219378678476
2189,0.024946953629501487
2190,0.024992687880324493
2191,0.0250384221311475
2192,0.024974223968391593
2193,0.024910025805635682
2194,0.024845827642879775
2195,0.024781629480123864
2196,0.024717431317367956
2197,0.02465323315461205
2198,0.024589034991856138
2199,0.02452483682910023
2200,0.02446063866634432
2201,0.024396440503588412
2202,0.024332242340832505
2203,0.024268044178076594
2204,0.024203846015320687
2205,0.024139647852564776
2206,0.02407544968980887
2207,0.02401125152705296
2208,0.02394705336429705
2209,0.023882855201541143
2210,0.023818657038785232
2211,0.023754458876029325
2212,0.023690260713273417
2213,0.023626062550517506
2214,0.0235618643877616
2215,0.023497666225005688
2216,0.02343346806224978
2217,0.02336926989949387
2218,0.023305071736737962
2219,0.023240873573982055
2220,0.023176675411226144
2221,0.023112477248470237
2222,0.023048279085714326
2223,0.02298408092295842
2224,0.02291988276020251
2225,0.0228556845974466
2226,0.022791486434690693
2227,0.022727288271934782
2228,0.022663090109178875
2229,0.022598891946422964
2230,0.022534693783667056
2231,0.02247049562091115
2232,0.022406297458155238
2233,0.02234209929539933
2234,0.02227790113264342
2235,0.022213702969887512
2236,0.022149504807131605
2237,0.022085306644375694
2238,0.022021108481619787
2239,0.021956910318863876
2240,0.02189271215610797
2241,0.02182851399335206
2242,0.02176431583059615
2243,0.021700117667840243
2244,0.021635919505084332
2245,0.021571721342328425
2246,0.021507523179572517
2247,0.021443325016816606
2248,0.0213791268540607
2249,0.021314928691304788
2250,0.02125073052854888
2251,0.021186532365792973
2252,0.021122334203037062
2253,0.021058136040281155
2254,0.020993937877525244
2255,0.020929739714769337
2256,0.02086554155201343
2257,0.02080134338925752
2258,0.02073714522650161
2259,0.0206729470637457
2260,0.020608748900989793
2261,0.020544550738233885
2262,0.020480352575477975
2263,0.020416154412722067
2264,0.020351956249966156
2265,0.02028775808721025
2266,0.02022355992445434
2267,0.02015936176169843
2268,0.020095163598942523
2269,0.020030965436186612
2270,0.019966767273430705
2271,0.019902569110674798
2272,0.019838370947918887
2273,0.01977417278516298
2274,0.01970997462240707
2275,0.01964577645965116
2276,0.019581578296895254
2277,0.019517380134139343
2278,0.019453181971383435
2279,0.019388983808627525
2280,0.019324785645871617
2281,0.01926058748311571
2282,0.0191963893203598
2283,0.019131094602934738
2284,0.019065799885509677
2285,0.019000505168084617
2286,0.018935210450659556
2287,0.0188699157332345
2288,0.018804621015809438
2289,0.018739326298384377
2290,0.018674031580959316
2291,0.018608736863534255
2292,0.018543442146109194
2293,0.018478147428684134
2294,0.018412852711259073
2295,0.018347557993834012
2296,0.01828226327640895
2297,0.018216968558983894
2298,0.018151673841558833
2299,0.018086379124133772
2300,0.01802108440670871
2301,0.01795578968928365
2302,0.01789049497185859
2303,0.01782520025443353
2304,0.01775990553700847
2305,0.017694610819583408
2306,0.01762931610215835
2307,0.01756402138473329
2308,0.01749872666730823
2309,0.017433431949883168
2310,0.017368137232458107
2311,0.017302842515033046
2312,0.017237547797607986
2313,0.017172253080182925
2314,0.017106958362757864
2315,0.017041663645332807
2316,0.016976368927907746
2317,0.016911074210482685
2318,0.016845779493057624
2319,0.016780484775632563
2320,0.016715190058207503
2321,0.016649895340782442
2322,0.01658460062335738
2323,0.01651930590593232
2324,0.01645401118850726
2325,0.0163887164710822
2326,0.01632342175365714
2327,0.01625812703623208
2328,0.01619283231880702
2329,0.01612753760138196
2330,0.016062242883956898
2331,0.015996948166531837
2332,0.015931653449106777
2333,0.015866358731681716
2334,0.015801064014256655
2335,0.015735769296831598
2336,0.015670474579406537
2337,0.015605179861981476
2338,0.015539885144556415
2339,0.015474590427131354
2340,0.015409295709706294
2341,0.015344000992281233
2342,0.015278706274856172
2343,0.015213411557431113
2344,0.015148116840006052
2345,0.015082822122580993
2346,0.015017527405155932
2347,0.014952232687730872
2348,0.01488693797030581
2349,0.01482164325288075
2350,0.01475634853545569
2351,0.014691053818030628
2352,0.01462575910060557
2353,0.014560464383180509
2354,0.014495169665755448
2355,0.014429874948330389
2356,0.014364580230905328
2357,0.014299285513480267
2358,0.014233990796055206
2359,0.014168696078630146
2360,0.014103401361205085
2361,0.014038106643780024
2362,0.013972811926354965
2363,0.013907517208929904
2364,0.013842222491504845
2365,0.013776927774079784
2366,0.013711633056654723
2367,0.013646338339229663
2368,0.013581043621804602
2369,0.013515748904379541
2370,0.01345045418695448
2371,0.013385159469529421
2372,0.01331986475210436
2373,0.0132545700346793
2374,0.013249191829136647
2375,0.013243813623593993
2376,0.01323843541805134
2377,0.013233057212508687
2378,0.013227679006966033
2379,0.01322230080142338
2380,0.013216922595880727
2381,0.013211544390338073
2382,0.01320616618479542
2383,0.013200787979252768
2384,0.013195409773710113
2385,0.01319003156816746
2386,0.013184653362624808
2387,0.013179275157082154
2388,0.013173896951539501
2389,0.013168518745996848
2390,0.013163140540454194
2391,0.013157762334911541
2392,0.013152384129368888
2393,0.013147005923826234
2394,0.013141627718283581
2395,0.013136249512740929
2396,0.013130871307198274
2397,0.013125493101655622
2398,0.013120114896112969
2399,0.013114736690570315
2400,0.013109358485027662
2401,0.01310398027948501
2402,0.013098602073942355
2403,0.013093223868399702
2404,0.01308784566285705
2405,0.013082467457314395
2406,0.013077089251771742
2407,0.01307171104622909
2408,0.013066332840686435
2409,0.013060954635143783
2410,0.01305557642960113
2411,0.013050198224058476
2412,0.013044820018515823
2413,0.01303944181297317
2414,0.013034063607430516
2415,0.013028685401887863
2416,0.01302330719634521
2417,0.013017928990802556
2418,0.013012550785259903
2419,0.01300717257971725
2420,0.013001794374174596
2421,0.012996416168631944
2422,0.01299103796308929
2423,0.012985659757546637
2424,0.012980281552003984
2425,0.01297490334646133
2426,0.012969525140918677
2427,0.012964146935376024
2428,0.01295876872983337
2429,0.012953390524290717
2430,0.012948012318748064
2431,0.01294263411320541
2432,0.012937255907662757
2433,0.012931877702120105
2434,0.01292649949657745
2435,0.012921121291034798
2436,0.012915743085492145
2437,0.01291036487994949
2438,0.012904986674406838
2439,0.012899608468864185
2440,0.01289423026332153
2441,0.012888852057778878
2442,0.012883473852236225
2443,0.012878095646693571
2444,0.012872717441150918
2445,0.012867339235608266
2446,0.012861961030065611
2447,0.012856582824522959
2448,0.012851204618980306
2449,0.012845826413437652
2450,0.012840448207894999
2451,0.012835070002352346
2452,0.012829691796809692
2453,0.01282431359126704
2454,0.012818935385724387
2455,0.012813557180181732
2456,0.01280817897463908
2457,0.012802800769096427
2458,0.012797422563553772
2459,0.01279204435801112
2460,0.012786666152468467
2461,0.012781287946925813
2462,0.01277590974138316
2463,0.012770531535840507
2464,0.012765153330297853
2465,0.0127597751247552
2466,0.012765438691834587
2467,0.012771102258913975
2468,0.012776765825993361
2469,0.012782429393072748
2470,0.012788092960152136
2471,0.012793756527231522
2472,0.012799420094310909
2473,0.012805083661390295
2474,0.012810747228469683
2475,0.01281641079554907
2476,0.012822074362628456
2477,0.012827737929707844
2478,0.01283340149678723
2479,0.012839065063866617
2480,0.012844728630946005
2481,0.012850392198025392
2482,0.012856055765104778
2483,0.012861719332184164
2484,0.012867382899263553
2485,0.012873046466342939
2486,0.012878710033422325
2487,0.012884373600501714
2488,0.0128900371675811
2489,0.012895700734660486
2490,0.012901364301739875
2491,0.012907027868819261
2492,0.012912691435898647
2493,0.012918355002978036
2494,0.012924018570057422
2495,0.012929682137136808
2496,0.012935345704216195
2497,0.012941009271295583
2498,0.01294667283837497
2499,0.012952336405454356
2500,0.012957999972533744
2501,0.01296366353961313
2502,0.012969327106692517
2503,0.012974990673771905
2504,0.012980654240851291
2505,0.012986317807930678
2506,0.012991981375010064
2507,0.012997644942089452
2508,0.013003308509168839
2509,0.013008972076248225
2510,0.013014635643327613
2511,0.013020299210407
2512,0.013025962777486386
2513,0.013031626344565774
2514,0.013037289911645161
2515,0.013042953478724547
2516,0.013048617045803935
2517,0.013054280612883322
2518,0.013059944179962708
2519,0.013065607747042095
2520,0.013071271314121483
2521,0.01307693488120087
2522,0.013082598448280256
2523,0.013088262015359644
2524,0.01309392558243903
2525,0.013099589149518417
2526,0.013105252716597805
2527,0.013110916283677191
2528,0.013116579850756578
2529,0.013122243417835964
2530,0.013127906984915352
2531,0.013133570551994739
2532,0.013139234119074125
2533,0.013144897686153513
2534,0.0131505612532329
2535,0.013156224820312286
2536,0.013161888387391674
2537,0.01316755195447106
2538,0.013173215521550447
2539,0.013178879088629834
2540,0.013184542655709222
2541,0.013190206222788608
2542,0.013195869789867995
2543,0.013201533356947383
2544,0.01320719692402677
2545,0.013212860491106156
2546,0.013218524058185544
2547,0.01322418762526493
2548,0.013229851192344317
2549,0.013235514759423705
2550,0.013241178326503091
2551,0.013246841893582478
2552,0.013252505460661864
2553,0.013258169027741252
2554,0.013263832594820639
2555,0.013269496161900025
2556,0.013275159728979413
2557,0.0132808232960588
2558,0.013328603885754907
2559,0.013376384475451015
2560,0.013424165065147122
2561,0.01347194565484323
2562,0.013519726244539338
2563,0.013567506834235446
2564,0.013615287423931553
2565,0.013663068013627662
2566,0.013710848603323769
2567,0.013758629193019878
2568,0.013806409782715984
2569,0.013854190372412093
2570,0.0139019709621082
2571,0.013949751551804309
2572,0.013997532141500416
2573,0.014045312731196524
2574,0.014093093320892631
2575,0.01414087391058874
2576,0.014188654500284847
2577,0.014236435089980955
2578,0.014284215679677062
2579,0.014331996269373171
2580,0.014379776859069278
2581,0.014427557448765387
2582,0.014475338038461493
2583,0.014523118628157602
2584,0.014570899217853709
2585,0.014618679807549818
2586,0.014666460397245925
2587,0.014714240986942033
2588,0.01476202157663814
2589,0.014809802166334249
2590,0.014857582756030356
2591,0.014905363345726464
2592,0.014953143935422571
2593,0.01500092452511868
2594,0.015048705114814787
2595,0.015096485704510894
2596,0.015144266294207002
2597,0.015192046883903111
2598,0.015239827473599218
2599,0.015287608063295325
2600,0.015335388652991434
2601,0.015383169242687542
2602,0.01543094983238365
2603,0.015478730422079756
2604,0.015526511011775865
2605,0.015574291601471973
2606,0.01562207219116808
2607,0.015669852780864187
2608,0.015717633370560296
2609,0.015765413960256405
2610,0.01581319454995251
2611,0.01586097513964862
2612,0.015908755729344727
2613,0.015956536319040836
2614,0.01600431690873694
2615,0.01605209749843305
2616,0.016099878088129158
2617,0.016147658677825267
2618,0.016195439267521372
2619,0.01624321985721748
2620,0.01629100044691359
2621,0.016338781036609698
2622,0.016386561626305803
2623,0.016434342216001912
2624,0.01648212280569802
2625,0.01652990339539413
2626,0.016577683985090234
2627,0.016625464574786343
2628,0.01667324516448245
2629,0.01672102575417856
2630,0.016768806343874666
2631,0.016816586933570774
2632,0.016864367523266883
2633,0.016912148112962988
2634,0.016959928702659097
2635,0.017007709292355205
2636,0.017055489882051314
2637,0.017103270471747423
2638,0.017151051061443528
2639,0.017198831651139636
2640,0.017246612240835745
2641,0.01729439283053185
2642,0.01734217342022796
2643,0.017389954009924068
2644,0.017437734599620176
2645,0.017485515189316285
2646,0.01753329577901239
2647,0.0175810763687085
2648,0.017578768724432963
2649,0.017576461080157427
2650,0.01757415343588189
2651,0.017571845791606353
2652,0.017569538147330817
2653,0.01756723050305528
2654,0.017564922858779745
2655,0.01756261521450421
2656,0.017560307570228674
2657,0.017557999925953135
2658,0.0175556922816776
2659,0.017553384637402063
2660,0.017551076993126528
2661,0.017548769348850992
2662,0.017546461704575456
2663,0.01754415406029992
2664,0.01754184641602438
2665,0.017539538771748846
2666,0.01753723112747331
2667,0.017534923483197774
2668,0.01753261583892224
2669,0.017530308194646703
2670,0.017528000550371164
2671,0.017525692906095628
2672,0.017523385261820092
2673,0.017521077617544557
2674,0.01751876997326902
2675,0.017516462328993485
2676,0.01751415468471795
2677,0.01751184704044241
2678,0.017509539396166875
2679,0.01750723175189134
2680,0.017504924107615803
2681,0.017502616463340268
2682,0.017500308819064732
2683,0.017498001174789193
2684,0.017495693530513657
2685,0.01749338588623812
2686,0.017491078241962586
2687,0.01748877059768705
2688,0.017486462953411514
2689,0.01748415530913598
2690,0.01748184766486044
2691,0.017479540020584904
2692,0.017477232376309368
2693,0.017474924732033832
2694,0.017472617087758296
2695,0.01747030944348276
2696,0.01746800179920722
2697,0.017465694154931686
2698,0.01746338651065615
2699,0.017461078866380614
2700,0.01745877122210508
2701,0.017456463577829543
2702,0.017454155933554007
2703,0.017451848289278468
2704,0.017449540645002933
2705,0.017447233000727397
2706,0.01744492535645186
2707,0.017442617712176325
2708,0.01744031006790079
2709,0.01743800242362525
2710,0.017435694779349715
2711,0.01743338713507418
2712,0.017431079490798643
2713,0.017428771846523108
2714,0.017426464202247572
2715,0.017424156557972036
2716,0.017421848913696497
2717,0.01741954126942096
2718,0.017417233625145426
2719,0.01741492598086989
2720,0.017412618336594354
2721,0.01741031069231882
2722,0.01740800304804328
2723,0.017405695403767744
2724,0.017403387759492208
2725,0.017401080115216672
2726,0.017398772470941137
2727,0.0173964648266656
2728,0.017394157182390065
2729,0.017391849538114526
2730,0.01738954189383899
2731,0.017387234249563455
2732,0.01738492660528792
2733,0.017382618961012383
2734,0.017380311316736848
2735,0.01737800367246131
2736,0.017375696028185773
2737,0.017373388383910237
2738,0.0173710807396347
2739,0.017378228054555703
2740,0.0173853753694767
2741,0.017392522684397702
2742,0.0173996699993187
2743,0.017406817314239702
2744,0.0174139646291607
2745,0.0174211119440817
2746,0.017428259259002703
2747,0.0174354065739237
2748,0.017442553888844702
2749,0.0174497012037657
2750,0.0174568485186867
2751,0.0174639958336077
2752,0.0174711431485287
2753,0.0174782904634497
2754,0.0174854377783707
2755,0.017492585093291702
2756,0.0174997324082127
2757,0.0175068797231337
2758,0.0175140270380547
2759,0.0175211743529757
2760,0.0175283216678967
2761,0.0175354689828177
2762,0.017542616297738702
2763,0.0175497636126597
2764,0.0175569109275807
2765,0.0175640582425017
2766,0.0175712055574227
2767,0.0175783528723437
2768,0.0175855001872647
2769,0.017592647502185702
2770,0.0175997948171067
2771,0.0176069421320277
2772,0.0176140894469487
2773,0.0176212367618697
2774,0.0176283840767907
2775,0.0176355313917117
2776,0.0176426787066327
2777,0.0176498260215537
2778,0.0176569733364747
2779,0.0176641206513957
2780,0.0176712679663167
2781,0.0176784152812377
2782,0.0176855625961587
2783,0.0176927099110797
2784,0.0176998572260007
2785,0.0177070045409217
2786,0.0177141518558427
2787,0.0177212991707637
2788,0.0177284464856847
2789,0.0177355938006057
2790,0.0177427411155267
2791,0.0177498884304477
2792,0.0177570357453687
2793,0.0177641830602897
2794,0.0177713303752107
2795,0.0177784776901317
2796,0.0177856250050527
2797,0.0177927723199737
2798,0.0177999196348947
2799,0.017807066949815698
2800,0.0178142142647367
2801,0.0178213615796577
2802,0.0178285088945787
2803,0.0178356562094997
2804,0.0178428035244207
2805,0.0178499508393417
2806,0.017857098154262698
2807,0.0178642454691837
2808,0.0178713927841047
2809,0.0178785400990257
2810,0.0178856874139467
2811,0.0178928347288677
2812,0.0178999820437887
2813,0.017907129358709698
2814,0.0179142766736307
2815,0.0179214239885517
2816,0.0179285713034727
2817,0.0179357186183937
2818,0.0179428659333147
2819,0.0179500132482357
2820,0.017957160563156698
2821,0.0179643078780777
2822,0.017971455192998698
2823,0.0179786025079197
2824,0.0179857498228407
2825,0.0179928971377617
2826,0.0180000444526827
2827,0.018007191767603698
2828,0.0180143390825247
2829,0.018021486397445698
2830,0.0180286337123667
2831,0.018023178121637153
2832,0.01801772253090761
2833,0.018012266940178063
2834,0.018006811349448516
2835,0.01800135575871897
2836,0.017995900167989427
2837,0.01799044457725988
2838,0.017984988986530333
2839,0.017979533395800787
2840,0.017974077805071244
2841,0.017968622214341697
2842,0.01796316662361215
2843,0.017957711032882608
2844,0.01795225544215306
2845,0.017946799851423514
2846,0.017941344260693968
2847,0.017935888669964425
2848,0.017930433079234878
2849,0.01792497748850533
2850,0.017919521897775785
2851,0.017914066307046242
2852,0.017908610716316695
2853,0.01790315512558715
2854,0.017897699534857606
2855,0.01789224394412806
2856,0.017886788353398513
2857,0.017881332762668966
2858,0.017875877171939423
2859,0.017870421581209876
2860,0.01786496599048033
2861,0.017859510399750783
2862,0.01785405480902124
2863,0.017848599218291693
2864,0.017843143627562147
2865,0.017837688036832604
2866,0.017832232446103057
2867,0.01782677685537351
2868,0.017821321264643964
2869,0.01781586567391442
2870,0.017810410083184874
2871,0.017804954492455328
2872,0.01779949890172578
2873,0.017794043310996238
2874,0.01778858772026669
2875,0.017783132129537145
2876,0.017777676538807602
2877,0.017772220948078055
2878,0.01776676535734851
2879,0.017761309766618962
2880,0.01775585417588942
2881,0.017750398585159873
2882,0.017744942994430326
2883,0.01773948740370078
2884,0.017734031812971236
2885,0.01772857622224169
2886,0.017723120631512143
2887,0.017717665040782597
2888,0.017712209450053053
2889,0.017706753859323507
2890,0.01770129826859396
2891,0.017695842677864417
2892,0.01769038708713487
2893,0.017684931496405324
2894,0.017679475905675777
2895,0.017674020314946234
2896,0.017668564724216688
2897,0.01766310913348714
2898,0.017657653542757595
2899,0.01765219795202805
2900,0.017646742361298505
2901,0.01764128677056896
2902,0.017635831179839415
2903,0.01763037558910987
2904,0.017624919998380322
2905,0.017619464407650776
2906,0.017614008816921232
2907,0.017608553226191686
2908,0.01760309763546214
2909,0.017597642044732593
2910,0.01759218645400305
2911,0.017586730863273503
2912,0.017581275272543957
2913,0.017575819681814413
2914,0.017570364091084867
2915,0.01756490850035532
2916,0.017559452909625774
2917,0.01755399731889623
2918,0.017548541728166684
2919,0.017543086137437137
2920,0.01753763054670759
2921,0.017532174955978048
2922,0.0175267193652485
2923,0.017537917738495296
2924,0.01754911611174209
2925,0.017560314484988886
2926,0.017571512858235685
2927,0.01758271123148248
2928,0.017593909604729275
2929,0.01760510797797607
2930,0.017616306351222865
2931,0.01762750472446966
2932,0.017638703097716455
2933,0.017649901470963254
2934,0.01766109984421005
2935,0.017672298217456844
2936,0.01768349659070364
2937,0.017694694963950434
2938,0.01770589333719723
2939,0.017717091710444024
2940,0.017728290083690822
2941,0.017739488456937617
2942,0.017750686830184412
2943,0.017761885203431207
2944,0.017773083576678003
2945,0.017784281949924798
2946,0.017795480323171593
2947,0.01780667869641839
2948,0.017817877069665186
2949,0.01782907544291198
2950,0.017840273816158776
2951,0.01785147218940557
2952,0.017862670562652366
2953,0.01787386893589916
2954,0.01788506730914596
2955,0.017896265682392755
2956,0.01790746405563955
2957,0.017918662428886345
2958,0.01792986080213314
2959,0.017941059175379935
2960,0.017952257548626734
2961,0.01796345592187353
2962,0.017974654295120324
2963,0.01798585266836712
2964,0.017997051041613914
2965,0.01800824941486071
2966,0.018019447788107504
2967,0.018030646161354302
2968,0.018041844534601097
2969,0.018053042907847892
2970,0.018064241281094687
2971,0.018075439654341482
2972,0.018086638027588278
2973,0.018097836400835073
2974,0.01810903477408187
2975,0.018120233147328666
2976,0.01813143152057546
2977,0.018142629893822256
2978,0.01815382826706905
2979,0.018165026640315846
2980,0.01817622501356264
2981,0.01818742338680944
2982,0.018198621760056235
2983,0.01820982013330303
2984,0.018221018506549825
2985,0.01823221687979662
2986,0.018243415253043415
2987,0.01825461362629021
2988,0.01826581199953701
2989,0.018277010372783804
2990,0.0182882087460306
2991,0.018299407119277394
2992,0.01831060549252419
2993,0.018321803865770984
2994,0.01833300223901778
2995,0.018344200612264577
2996,0.018355398985511372
2997,0.018366597358758167
2998,0.018377795732004962
2999,0.018388994105251757
3000,0.018400192478498553
3001,0.018411390851745348
3002,0.018422589224992146
3003,0.01843378759823894
3004,0.018444985971485736
3005,0.01845618434473253
3006,0.018467382717979326
3007,0.01847858109122612
3008,0.018489779464472916
3009,0.018500977837719715
3010,0.01851217621096651
3011,0.018523374584213305
3012,0.0185345729574601
3013,0.018539188900558747
3014,0.018543804843657398
3015,0.018548420786756045
3016,0.018553036729854692
3017,0.018557652672953343
3018,0.01856226861605199
3019,0.018566884559150638
3020,0.018571500502249285
3021,0.018576116445347936
3022,0.018580732388446583
3023,0.01858534833154523
3024,0.01858996427464388
3025,0.01859458021774253
3026,0.018599196160841176
3027,0.018603812103939826
3028,0.018608428047038474
3029,0.01861304399013712
3030,0.01861765993323577
3031,0.01862227587633442
3032,0.018626891819433066
3033,0.018631507762531713
3034,0.018636123705630364
3035,0.01864073964872901
3036,0.01864535559182766
3037,0.01864997153492631
3038,0.018654587478024957
3039,0.018659203421123604
3040,0.018663819364222255
3041,0.018668435307320902
3042,0.01867305125041955
3043,0.0186776671935182
3044,0.018682283136616847
3045,0.018686899079715494
3046,0.018691515022814142
3047,0.018696130965912792
3048,0.01870074690901144
3049,0.018705362852110087
3050,0.018709978795208738
3051,0.018714594738307385
3052,0.018719210681406032
3053,0.018723826624504683
3054,0.01872844256760333
3055,0.018733058510701978
3056,0.01873767445380063
3057,0.018742290396899276
3058,0.018746906339997923
3059,0.01875152228309657
3060,0.01875613822619522
3061,0.018760754169293868
3062,0.018765370112392515
3063,0.018769986055491166
3064,0.018774601998589813
3065,0.01877921794168846
3066,0.01878383388478711
3067,0.01878844982788576
3068,0.018793065770984406
3069,0.018797681714083057
3070,0.018802297657181704
3071,0.01880691360028035
3072,0.018811529543379
3073,0.01881614548647765
3074,0.018820761429576296
3075,0.018825377372674944
3076,0.018829993315773595
3077,0.018834609258872242
3078,0.01883922520197089
3079,0.01884384114506954
3080,0.018848457088168187
3081,0.018853073031266834
3082,0.018857688974365485
3083,0.018862304917464132
3084,0.01886692086056278
3085,0.018871536803661427
3086,0.018876152746760078
3087,0.018880768689858725
3088,0.018885384632957372
3089,0.018890000576056023
3090,0.01889461651915467
3091,0.018899232462253317
3092,0.018903848405351968
3093,0.018908464348450615
3094,0.018913080291549263
3095,0.018917696234647913
3096,0.01892231217774656
3097,0.018926928120845208
3098,0.018931544063943855
3099,0.018936160007042506
3100,0.018940775950141153
3101,0.0189453918932398
3102,0.01895000783633845
3103,0.0189546237794371
3104,0.018964693949582785
3105,0.018974764119728472
3106,0.01898483428987416
3107,0.018994904460019845
3108,0.019004974630165532
3109,0.019015044800311222
3110,0.01902511497045691
3111,0.019035185140602595
3112,0.019045255310748282
3113,0.01905532548089397
3114,0.019065395651039655
3115,0.01907546582118534
3116,0.01908553599133103
3117,0.019095606161476715
3118,0.0191056763316224
3119,0.019115746501768092
3120,0.01912581667191378
3121,0.019135886842059465
3122,0.01914595701220515
3123,0.01915602718235084
3124,0.019166097352496525
3125,0.01917616752264221
3126,0.0191862376927879
3127,0.019196307862933585
3128,0.01920637803307927
3129,0.01921644820322496
3130,0.01922651837337065
3131,0.019236588543516335
3132,0.01924665871366202
3133,0.01925672888380771
3134,0.019266799053953395
3135,0.01927686922409908
3136,0.019286939394244768
3137,0.019297009564390455
3138,0.01930707973453614
3139,0.01931714990468183
3140,0.01932722007482752
3141,0.019337290244973205
3142,0.01934736041511889
3143,0.019357430585264578
3144,0.019367500755410265
3145,0.01937757092555595
3146,0.019387641095701638
3147,0.019397711265847325
3148,0.01940778143599301
3149,0.0194178516061387
3150,0.019427921776284388
3151,0.019437991946430075
3152,0.01944806211657576
3153,0.019458132286721448
3154,0.019468202456867135
3155,0.01947827262701282
3156,0.019488342797158508
3157,0.019498412967304195
3158,0.01950848313744988
3159,0.019518553307595568
3160,0.019528623477741258
3161,0.019538693647886945
3162,0.01954876381803263
3163,0.019558833988178318
3164,0.019568904158324005
3165,0.01957897432846969
3166,0.019589044498615378
3167,0.019599114668761065
3168,0.01960918483890675
3169,0.019619255009052438
3170,0.019629325179198128
3171,0.019639395349343815
3172,0.0196494655194895
3173,0.019659535689635188
3174,0.019669605859780875
3175,0.01967967602992656
3176,0.019689746200072248
3177,0.019699816370217935
3178,0.01970988654036362
3179,0.019719956710509308
3180,0.019730026880654998
3181,0.019740097050800685
3182,0.01975016722094637
3183,0.019760237391092058
3184,0.019770307561237745
3185,0.01978037773138343
3186,0.019790447901529118
3187,0.019800518071674805
3188,0.01981058824182049
3189,0.019820658411966178
3190,0.019830728582111865
3191,0.019840798752257555
3192,0.01985086892240324
3193,0.019860939092548928
3194,0.019871009262694615
3195,0.0198810794328403
3196,0.01989020211225102
3197,0.01989932479166174
3198,0.01990844747107246
3199,0.01991757015048318
3200,0.0199266928298939
3201,0.01993581550930462
3202,0.019944938188715337
3203,0.019954060868126056
3204,0.01996318354753678
3205,0.019972306226947498
3206,0.019981428906358217
3207,0.019990551585768936
3208,0.019999674265179655
3209,0.020008796944590374
3210,0.020017919624001096
3211,0.020027042303411815
3212,0.020036164982822534
3213,0.020045287662233253
3214,0.020054410341643972
3215,0.02006353302105469
3216,0.020072655700465413
3217,0.020081778379876132
3218,0.02009090105928685
3219,0.02010002373869757
3220,0.02010914641810829
3221,0.02011826909751901
3222,0.02012739177692973
3223,0.02013651445634045
3224,0.020145637135751168
3225,0.020154759815161887
3226,0.020163882494572606
3227,0.02017300517398333
3228,0.020182127853394047
3229,0.020191250532804766
3230,0.020200373212215485
3231,0.020209495891626204
3232,0.020218618571036923
3233,0.020227741250447646
3234,0.020236863929858365
3235,0.020245986609269084
3236,0.020255109288679803
3237,0.02026423196809052
3238,0.02027335464750124
3239,0.020282477326911963
3240,0.020291600006322682
3241,0.0203007226857334
3242,0.02030984536514412
3243,0.02031896804455484
3244,0.02032809072396556
3245,0.02033721340337628
3246,0.020346336082787
3247,0.020355458762197718
3248,0.020364581441608437
3249,0.020373704121019156
3250,0.02038282680042988
3251,0.020391949479840597
3252,0.020401072159251316
3253,0.020410194838662035
3254,0.020419317518072754
3255,0.020428440197483473
3256,0.020437562876894196
3257,0.020446685556304914
3258,0.020455808235715633
3259,0.020464930915126352
3260,0.02047405359453707
3261,0.02048317627394779
3262,0.020492298953358513
3263,0.02050142163276923
3264,0.02051054431217995
3265,0.02051966699159067
3266,0.02052878967100139
3267,0.020537912350412107
3268,0.02054703502982283
3269,0.02055615770923355
3270,0.020565280388644268
3271,0.020574403068054987
3272,0.020583525747465706
3273,0.020592648426876428
3274,0.020601771106287147
3275,0.020610893785697866
3276,0.020620016465108585
3277,0.020629139144519304
3278,0.020638261823930023
3279,0.020647384503340745
3280,0.020656507182751464
3281,0.020665629862162183
3282,0.020674752541572902
3283,0.02068387522098362
3284,0.02069299790039434
3285,0.020702120579805063
3286,0.02071124325921578
3287,0.0207203659386265
3288,0.02071137415899863
3289,0.020702382379370766
3290,0.020693390599742897
3291,0.020684398820115028
3292,0.020675407040487162
3293,0.020666415260859293
3294,0.020657423481231427
3295,0.02064843170160356
3296,0.02063943992197569
3297,0.020630448142347824
3298,0.020621456362719955
3299,0.020612464583092086
3300,0.02060347280346422
3301,0.02059448102383635
3302,0.020585489244208485
3303,0.020576497464580616
3304,0.020567505684952747
3305,0.02055851390532488
3306,0.020549522125697012
3307,0.020540530346069143
3308,0.020531538566441278
3309,0.02052254678681341
3310,0.02051355500718554
3311,0.020504563227557674
3312,0.020495571447929805
3313,0.02048657966830194
3314,0.02047758788867407
3315,0.0204685961090462
3316,0.020459604329418336
3317,0.020450612549790467
3318,0.020441620770162598
3319,0.020432628990534732
3320,0.020423637210906863
3321,0.020414645431278994
3322,0.020405653651651128
3323,0.02039666187202326
3324,0.020387670092395394
3325,0.020378678312767524
3326,0.020369686533139655
3327,0.02036069475351179
3328,0.02035170297388392
3329,0.02034271119425605
3330,0.020333719414628186
3331,0.020324727635000317
3332,0.020315735855372448
3333,0.020306744075744582
3334,0.020297752296116713
3335,0.020288760516488848
3336,0.02027976873686098
3337,0.02027077695723311
3338,0.020261785177605244
3339,0.020252793397977375
3340,0.020243801618349506
3341,0.02023480983872164
3342,0.02022581805909377
3343,0.020216826279465906
3344,0.020207834499838036
3345,0.020198842720210167
3346,0.020189850940582302
3347,0.020180859160954433
3348,0.020171867381326564
3349,0.020162875601698698
3350,0.02015388382207083
3351,0.02014489204244296
3352,0.020135900262815094
3353,0.020126908483187225
3354,0.02011791670355936
3355,0.02010892492393149
3356,0.02009993314430362
3357,0.020090941364675756
3358,0.020081949585047887
3359,0.020072957805420018
3360,0.020063966025792152
3361,0.020054974246164283
3362,0.020045982466536418
3363,0.02003699068690855
3364,0.02002799890728068
3365,0.020019007127652814
3366,0.020010015348024945
3367,0.020001023568397076
3368,0.01999203178876921
3369,0.01998304000914134
3370,0.019974048229513472
3371,0.019965056449885606
3372,0.019956064670257737
3373,0.01994707289062987
3374,0.019938081111002003
3375,0.019929089331374134
3376,0.019920097551746268
3377,0.0199111057721184
3378,0.01991262506748263
3379,0.019914144362846862
3380,0.019915663658211093
3381,0.019917182953575325
3382,0.01991870224893956
3383,0.01992022154430379
3384,0.019921740839668023
3385,0.019923260135032254
3386,0.019924779430396486
3387,0.019926298725760717
3388,0.01992781802112495
3389,0.01992933731648918
3390,0.019930856611853412
3391,0.019932375907217647
3392,0.01993389520258188
3393,0.01993541449794611
3394,0.01993693379331034
3395,0.019938453088674573
3396,0.019939972384038804
3397,0.019941491679403036
3398,0.019943010974767268
3399,0.0199445302701315
3400,0.019946049565495734
3401,0.019947568860859966
3402,0.019949088156224197
3403,0.01995060745158843
3404,0.01995212674695266
3405,0.01995364604231689
3406,0.019955165337681123
3407,0.019956684633045355
3408,0.019958203928409586
3409,0.01995972322377382
3410,0.019961242519138053
3411,0.019962761814502284
3412,0.019964281109866516
3413,0.019965800405230747
3414,0.01996731970059498
3415,0.01996883899595921
3416,0.01997035829132344
3417,0.019971877586687673
3418,0.019973396882051908
3419,0.01997491617741614
3420,0.01997643547278037
3421,0.019977954768144603
3422,0.019979474063508834
3423,0.019980993358873066
3424,0.019982512654237297
3425,0.01998403194960153
3426,0.01998555124496576
3427,0.01998707054032999
3428,0.019988589835694227
3429,0.019990109131058458
3430,0.01999162842642269
3431,0.01999314772178692
3432,0.019994667017151153
3433,0.019996186312515384
3434,0.019997705607879616
3435,0.019999224903243847
3436,0.02000074419860808
3437,0.020002263493972314
3438,0.020003782789336545
3439,0.020005302084700777
3440,0.020006821380065008
3441,0.02000834067542924
3442,0.02000985997079347
3443,0.020011379266157703
3444,0.020012898561521934
3445,0.020014417856886166
3446,0.0200159371522504
3447,0.020017456447614632
3448,0.020018975742978864
3449,0.020020495038343095
3450,0.020022014333707327
3451,0.02002353362907156
3452,0.02002505292443579
3453,0.02002657221980002
3454,0.020028091515164253
3455,0.020029610810528488
3456,0.02003113010589272
3457,0.02003264940125695
3458,0.020034168696621182
3459,0.020035687991985414
3460,0.020037207287349645
3461,0.020038726582713877
3462,0.02004024587807811
3463,0.02004176517344234
3464,0.020043284468806575
3465,0.020044803764170806
3466,0.020046323059535038
3467,0.02004784235489927
3468,0.0200493616502635
3469,0.020060266758183978
3470,0.020071171866104454
3471,0.020082076974024927
3472,0.020092982081945404
3473,0.02010388718986588
3474,0.020114792297786357
3475,0.020125697405706834
3476,0.02013660251362731
3477,0.020147507621547784
3478,0.02015841272946826
3479,0.020169317837388737
3480,0.020180222945309214
3481,0.02019112805322969
3482,0.020202033161150167
3483,0.02021293826907064
3484,0.020223843376991117
3485,0.020234748484911594
3486,0.02024565359283207
3487,0.020256558700752547
3488,0.020267463808673024
3489,0.020278368916593497
3490,0.020289274024513974
3491,0.02030017913243445
3492,0.020311084240354927
3493,0.020321989348275404
3494,0.020332894456195877
3495,0.020343799564116354
3496,0.02035470467203683
3497,0.020365609779957307
3498,0.020376514887877784
3499,0.02038741999579826
3500,0.020398325103718733
3501,0.02040923021163921
3502,0.020420135319559687
3503,0.020431040427480163
3504,0.02044194553540064
3505,0.020452850643321117
3506,0.02046375575124159
3507,0.020474660859162067
3508,0.020485565967082543
3509,0.02049647107500302
3510,0.020507376182923497
3511,0.020518281290843973
3512,0.020529186398764446
3513,0.020540091506684923
3514,0.0205509966146054
3515,0.020561901722525876
3516,0.020572806830446353
3517,0.020583711938366826
3518,0.020594617046287303
3519,0.02060552215420778
3520,0.020616427262128256
3521,0.020627332370048733
3522,0.02063823747796921
3523,0.020649142585889683
3524,0.02066004769381016
3525,0.020670952801730636
3526,0.020681857909651113
3527,0.02069276301757159
3528,0.020703668125492066
3529,0.02071457323341254
3530,0.020725478341333016
3531,0.020736383449253493
3532,0.02074728855717397
3533,0.020758193665094446
3534,0.020769098773014923
3535,0.020780003880935396
3536,0.020790908988855872
3537,0.02080181409677635
3538,0.020812719204696826
3539,0.020823624312617302
3540,0.020834529420537776
3541,0.020845434528458252
3542,0.02085633963637873
3543,0.020867244744299206
3544,0.020878149852219682
3545,0.02088905496014016
3546,0.020899960068060632
3547,0.02091086517598111
3548,0.020921770283901586
3549,0.020932675391822062
3550,0.02094358049974254
3551,0.020954485607663016
3552,0.02096539071558349
3553,0.020976295823503965
3554,0.020987200931424442
3555,0.02099810603934492
3556,0.021009011147265395
3557,0.021019916255185872
3558,0.021030821363106345
3559,0.021041726471026822
3560,0.0210526315789473
3561,0.021074898138499533
3562,0.021097164698051767
3563,0.021119431257603998
3564,0.021141697817156233
3565,0.021163964376708467
3566,0.0211862309362607
3567,0.021208497495812936
3568,0.02123076405536517
3569,0.0212530306149174
3570,0.021275297174469635
3571,0.02129756373402187
3572,0.021319830293574104
3573,0.02134209685312634
3574,0.02136436341267857
3575,0.021386629972230804
3576,0.021408896531783038
3577,0.021431163091335272
3578,0.021453429650887507
3579,0.021475696210439738
3580,0.021497962769991972
3581,0.021520229329544206
3582,0.02154249588909644
3583,0.021564762448648675
3584,0.02158702900820091
3585,0.02160929556775314
3586,0.021631562127305375
3587,0.02165382868685761
3588,0.021676095246409843
3589,0.021698361805962078
3590,0.02172062836551431
3591,0.021742894925066543
3592,0.021765161484618777
3593,0.02178742804417101
3594,0.021809694603723246
3595,0.02183196116327548
3596,0.02185422772282771
3597,0.021876494282379946
3598,0.02189876084193218
3599,0.021921027401484414
3600,0.02194329396103665
3601,0.02196556052058888
3602,0.021987827080141114
3603,0.02201009363969335
3604,0.022032360199245583
3605,0.022054626758797817
3606,0.022076893318350048
3607,0.022099159877902282
3608,0.022121426437454517
3609,0.02214369299700675
3610,0.022165959556558985
3611,0.02218822611611122
3612,0.02221049267566345
3613,0.022232759235215685
3614,0.02225502579476792
3615,0.022277292354320154
3616,0.022299558913872388
3617,0.022321825473424622
3618,0.022344092032976853
3619,0.022366358592529088
3620,0.022388625152081322
3621,0.022410891711633556
3622,0.02243315827118579
3623,0.02245542483073802
3624,0.022477691390290256
3625,0.02249995794984249
3626,0.022522224509394725
3627,0.02254449106894696
3628,0.02256675762849919
3629,0.022589024188051424
3630,0.02261129074760366
3631,0.022633557307155893
3632,0.022655823866708127
3633,0.02267809042626036
3634,0.022700356985812593
3635,0.022722623545364827
3636,0.02274489010491706
3637,0.022767156664469296
3638,0.02278942322402153
3639,0.02281168978357376
3640,0.022833956343125995
3641,0.02285622290267823
3642,0.022878489462230464
3643,0.0229007560217827
3644,0.022923022581334933
3645,0.022945289140887164
3646,0.022967555700439398
3647,0.022989822259991632
3648,0.023012088819543867
3649,0.0230343553790961
3650,0.023056621938648332
3651,0.023078888498200566
3652,0.0231011550577528
3653,0.023086988856509106
3654,0.02307282265526541
3655,0.023058656454021716
3656,0.02304449025277802
3657,0.023030324051534327
3658,0.023016157850290635
3659,0.02300199164904694
3660,0.022987825447803246
3661,0.02297365924655955
3662,0.022959493045315856
3663,0.02294532684407216
3664,0.022931160642828467
3665,0.022916994441584772
3666,0.022902828240341077
3667,0.022888662039097382
3668,0.022874495837853687
3669,0.022860329636609993
3670,0.0228461634353663
3671,0.022831997234122606
3672,0.02281783103287891
3673,0.022803664831635217
3674,0.022789498630391522
3675,0.022775332429147827
3676,0.022761166227904132
3677,0.022747000026660438
3678,0.022732833825416743
3679,0.022718667624173048
3680,0.022704501422929353
3681,0.022690335221685662
3682,0.022676169020441967
3683,0.022662002819198272
3684,0.022647836617954577
3685,0.022633670416710883
3686,0.022619504215467188
3687,0.022605338014223493
3688,0.022591171812979798
3689,0.022577005611736103
3690,0.02256283941049241
3691,0.022548673209248714
3692,0.022534507008005022
3693,0.022520340806761328
3694,0.022506174605517633
3695,0.022492008404273938
3696,0.022477842203030243
3697,0.02246367600178655
3698,0.022449509800542854
3699,0.02243534359929916
3700,0.022421177398055464
3701,0.02240701119681177
3702,0.022392844995568074
3703,0.02237867879432438
3704,0.02236451259308069
3705,0.022350346391836994
3706,0.0223361801905933
3707,0.022322013989349604
3708,0.02230784778810591
3709,0.022293681586862214
3710,0.02227951538561852
3711,0.022265349184374825
3712,0.02225118298313113
3713,0.022237016781887435
3714,0.02222285058064374
3715,0.02220868437940005
3716,0.022194518178156354
3717,0.02218035197691266
3718,0.022166185775668965
3719,0.02215201957442527
3720,0.022137853373181575
3721,0.02212368717193788
3722,0.022109520970694185
3723,0.02209535476945049
3724,0.022081188568206796
3725,0.0220670223669631
3726,0.022052856165719406
3727,0.022038689964475715
3728,0.02202452376323202
3729,0.022010357561988325
3730,0.02199619136074463
3731,0.021982025159500936
3732,0.02196785895825724
3733,0.021953692757013546
3734,0.02193952655576985
3735,0.021925360354526156
3736,0.02191119415328246
3737,0.021897027952038767
3738,0.021882861750795075
3739,0.02186869554955138
3740,0.021854529348307686
3741,0.02184036314706399
3742,0.021826196945820296
3743,0.0218120307445766
3744,0.021820584325047153
3745,0.0218291379055177
3746,0.021837691485988252
3747,0.021846245066458804
3748,0.021854798646929356
3749,0.021863352227399904
3750,0.021871905807870455
3751,0.021880459388341007
3752,0.021889012968811555
3753,0.021897566549282106
3754,0.021906120129752658
3755,0.02191467371022321
3756,0.021923227290693757
3757,0.02193178087116431
3758,0.02194033445163486
3759,0.02194888803210541
3760,0.02195744161257596
3761,0.02196599519304651
3762,0.021974548773517063
3763,0.02198310235398761
3764,0.021991655934458162
3765,0.022000209514928714
3766,0.022008763095399262
3767,0.022017316675869814
3768,0.022025870256340365
3769,0.022034423836810917
3770,0.022042977417281465
3771,0.022051530997752016
3772,0.022060084578222568
3773,0.022068638158693116
3774,0.022077191739163667
3775,0.02208574531963422
3776,0.02209429890010477
3777,0.02210285248057532
3778,0.02211140606104587
3779,0.02211995964151642
3780,0.02212851322198697
3781,0.02213706680245752
3782,0.022145620382928072
3783,0.022154173963398624
3784,0.022162727543869172
3785,0.022171281124339724
3786,0.022179834704810275
3787,0.022188388285280823
3788,0.022196941865751375
3789,0.022205495446221926
3790,0.022214049026692478
3791,0.022222602607163026
3792,0.022231156187633577
3793,0.02223970976810413
3794,0.022248263348574677
3795,0.02225681692904523
3796,0.02226537050951578
3797,0.02227392408998633
3798,0.02228247767045688
3799,0.02229103125092743
3800,0.022299584831397982
3801,0.02230813841186853
3802,0.022316691992339082
3803,0.022325245572809634
3804,0.022333799153280185
3805,0.022342352733750733
3806,0.022350906314221285
3807,0.022359459894691836
3808,0.022368013475162384
3809,0.022376567055632936
3810,0.022385120636103487
3811,0.02239367421657404
3812,0.022402227797044587
3813,0.02241078137751514
3814,0.02241933495798569
3815,0.022427888538456238
3816,0.02243644211892679
3817,0.02244499569939734
3818,0.022453549279867892
3819,0.02246210286033844
3820,0.022470656440808992
3821,0.022479210021279544
3822,0.02248776360175009
3823,0.022496317182220643
3824,0.022504870762691195
3825,0.022513424343161746
3826,0.022521977923632294
3827,0.022530531504102846
3828,0.022539085084573397
3829,0.022547638665043945
3830,0.022556192245514497
3831,0.02256474582598505
3832,0.0225732994064556
3833,0.022581852986926148
3834,0.0225904065673967
3835,0.022595724942522558
3836,0.02260104331764842
3837,0.022606361692774277
3838,0.02261168006790014
3839,0.022616998443025997
3840,0.02262231681815186
3841,0.022627635193277717
3842,0.02263295356840358
3843,0.022638271943529437
3844,0.022643590318655298
3845,0.022648908693781156
3846,0.022654227068907018
3847,0.022659545444032876
3848,0.022664863819158738
3849,0.022670182194284596
3850,0.022675500569410457
3851,0.022680818944536316
3852,0.022686137319662177
3853,0.022691455694788035
3854,0.022696774069913897
3855,0.022702092445039755
3856,0.022707410820165617
3857,0.022712729195291475
3858,0.022718047570417333
3859,0.022723365945543195
3860,0.022728684320669053
3861,0.022734002695794914
3862,0.022739321070920773
3863,0.022744639446046634
3864,0.022749957821172492
3865,0.022755276196298354
3866,0.022760594571424212
3867,0.022765912946550074
3868,0.022771231321675932
3869,0.022776549696801793
3870,0.02278186807192765
3871,0.022787186447053513
3872,0.02279250482217937
3873,0.022797823197305233
3874,0.02280314157243109
3875,0.022808459947556953
3876,0.02281377832268281
3877,0.022819096697808672
3878,0.02282441507293453
3879,0.022829733448060392
3880,0.02283505182318625
3881,0.02284037019831211
3882,0.02284568857343797
3883,0.02285100694856383
3884,0.02285632532368969
3885,0.022861643698815548
3886,0.02286696207394141
3887,0.022872280449067268
3888,0.02287759882419313
3889,0.022882917199318988
3890,0.02288823557444485
3891,0.022893553949570707
3892,0.02289887232469657
3893,0.022904190699822427
3894,0.02290950907494829
3895,0.022914827450074147
3896,0.02292014582520001
3897,0.022925464200325867
3898,0.022930782575451728
3899,0.022936100950577586
3900,0.022941419325703448
3901,0.022946737700829306
3902,0.022952056075955168
3903,0.022957374451081026
3904,0.022962692826206884
3905,0.022968011201332746
3906,0.022973329576458604
3907,0.022978647951584465
3908,0.022983966326710323
3909,0.022989284701836185
3910,0.022994603076962043
3911,0.022999921452087905
3912,0.023005239827213763
3913,0.023010558202339625
3914,0.023015876577465483
3915,0.023021194952591344
3916,0.023026513327717203
3917,0.023031831702843064
3918,0.023037150077968922
3919,0.023042468453094784
3920,0.023047786828220642
3921,0.023053105203346504
3922,0.023058423578472362
3923,0.023063741953598223
3924,0.02306906032872408
3925,0.023074378703849943
3926,0.0230796970789758
