CPI,date_idx
2.008,1
2.008,2
2.008,3
2.008,4
2.008,5
2.008,6
2.008,7
2.008,8
2.008,9
2.008,10
2.008,11
2.008,12
2.008,13
2.008,14
2.008,15
2.008,16
2.008,17
2.008,18
2.008,19
2.008,20
2.008,21
2.008,22
2.008,23
2.008,24
2.008,25
2.008,26
2.008,27
2.008,28
2.008,29
2.008,30
2.008,31
1.998,32
1.998,33
1.998,34
1.998,35
1.998,36
1.998,37
1.998,38
1.998,39
1.998,40
1.998,41
1.998,42
1.998,43
1.998,44
1.998,45
1.998,46
1.998,47
1.998,48
1.998,49
1.998,50
1.998,51
1.998,52
1.998,53
1.998,54
1.998,55
1.998,56
1.998,57
1.998,58
1.998,59
2.061,60
2.061,61
2.061,62
2.061,63
2.061,64
2.061,65
2.061,66
2.061,67
2.061,68
2.061,69
2.061,70
2.061,71
2.061,72
2.061,73
2.061,74
2.061,75
2.061,76
2.061,77
2.061,78
2.061,79
2.061,80
2.061,81
2.061,82
2.061,83
2.061,84
2.061,85
2.061,86
2.061,87
2.061,88
2.061,89
2.061,90
2.119,91
2.119,92
2.119,93
2.119,94
2.119,95
2.119,96
2.119,97
2.119,98
2.119,99
2.119,100
2.119,101
2.119,102
2.119,103
2.119,104
2.119,105
2.119,106
2.119,107
2.119,108
2.119,109
2.119,110
2.119,111
2.119,112
2.119,113
2.119,114
2.119,115
2.119,116
2.119,117
2.119,118
2.119,119
2.119,120
1.996,121
1.996,122
1.996,123
1.996,124
1.996,125
1.996,126
1.996,127
1.996,128
1.996,129
1.996,130
1.996,131
1.996,132
1.996,133
1.996,134
1.996,135
1.996,136
1.996,137
1.996,138
1.996,139
1.996,140
1.996,141
1.996,142
1.996,143
1.996,144
1.996,145
1.996,146
1.996,147
1.996,148
1.996,149
1.996,150
1.996,151
1.948,152
1.948,153
1.948,154
1.948,155
1.948,156
1.948,157
1.948,158
1.948,159
1.948,160
1.948,161
1.948,162
1.948,163
1.948,164
1.948,165
1.948,166
1.948,167
1.948,168
1.948,169
1.948,170
1.948,171
1.948,172
1.948,173
1.948,174
1.948,175
1.948,176
1.948,177
1.948,178
1.948,179
1.948,180
1.948,181
1.95,182
1.95,183
1.95,184
1.95,185
1.95,186
1.95,187
1.95,188
1.95,189
1.95,190
1.95,191
1.95,192
1.95,193
1.95,194
1.95,195
1.95,196
1.95,197
1.95,198
1.95,199
1.95,200
1.95,201
1.95,202
1.95,203
1.95,204
1.95,205
1.95,206
1.95,207
1.95,208
1.95,209
1.95,210
1.95,211
1.95,212
1.979,213
1.979,214
1.979,215
1.979,216
1.979,217
1.979,218
1.979,219
1.979,220
1.979,221
1.979,222
1.979,223
1.979,224
1.979,225
1.979,226
1.979,227
1.979,228
1.979,229
1.979,230
1.979,231
1.979,232
1.979,233
1.979,234
1.979,235
1.979,236
1.979,237
1.979,238
1.979,239
1.979,240
1.979,241
1.979,242
1.979,243
1.97,244
1.97,245
1.97,246
1.97,247
1.97,248
1.97,249
1.97,250
1.97,251
1.97,252
1.97,253
1.97,254
1.97,255
1.97,256
1.97,257
1.97,258
1.97,259
1.97,260
1.97,261
1.97,262
1.97,263
1.97,264
1.97,265
1.97,266
1.97,267
1.97,268
1.97,269
1.97,270
1.97,271
1.97,272
1.97,273
1.951,274
1.951,275
1.951,276
1.951,277
1.951,278
1.951,279
1.951,280
1.951,281
1.951,282
1.951,283
1.951,284
1.951,285
1.951,286
1.951,287
1.951,288
1.951,289
1.951,290
1.951,291
1.951,292
1.951,293
1.951,294
1.951,295
1.951,296
1.951,297
1.951,298
1.951,299
1.951,300
1.951,301
1.951,302
1.951,303
1.951,304
2.032,305
2.032,306
2.032,307
2.032,308
2.032,309
2.032,310
2.032,311
2.032,312
2.032,313
2.032,314
2.032,315
2.032,316
2.032,317
2.032,318
2.032,319
2.032,320
2.032,321
2.032,322
2.032,323
2.032,324
2.032,325
2.032,326
2.032,327
2.032,328
2.032,329
2.032,330
2.032,331
2.032,332
2.032,333
2.032,334
2.21,335
2.21,336
2.21,337
2.21,338
2.21,339
2.21,340
2.21,341
2.21,342
2.21,343
2.21,344
2.21,345
2.21,346
2.21,347
2.21,348
2.21,349
2.21,350
2.21,351
2.21,352
2.21,353
2.21,354
2.21,355
2.21,356
2.21,357
2.21,358
2.21,359
2.21,360
2.21,361
2.21,362
2.21,363
2.21,364
2.21,365
2.113,366
2.113,367
2.113,368
2.113,369
2.113,370
2.113,371
2.113,372
2.113,373
2.113,374
2.113,375
2.113,376
2.113,377
2.113,378
2.113,379
2.113,380
2.113,381
2.113,382
2.113,383
2.113,384
2.113,385
2.113,386
2.113,387
2.113,388
2.113,389
2.113,390
2.113,391
2.113,392
2.113,393
2.113,394
2.113,395
2.113,396
2.088,397
2.088,398
2.088,399
2.088,400
2.088,401
2.088,402
2.088,403
2.088,404
2.088,405
2.088,406
2.088,407
2.088,408
2.088,409
2.088,410
2.088,411
2.088,412
2.088,413
2.088,414
2.088,415
2.088,416
2.088,417
2.088,418
2.088,419
2.088,420
2.088,421
2.088,422
2.088,423
2.088,424
2.133,425
2.133,426
2.133,427
2.133,428
2.133,429
2.133,430
2.133,431
2.133,432
2.133,433
2.133,434
2.133,435
2.133,436
2.133,437
2.133,438
2.133,439
2.133,440
2.133,441
2.133,442
2.133,443
2.133,444
2.133,445
2.133,446
2.133,447
2.133,448
2.133,449
2.133,450
2.133,451
2.133,452
2.133,453
2.133,454
2.133,455
2.065,456
2.065,457
2.065,458
2.065,459
2.065,460
2.065,461
2.065,462
2.065,463
2.065,464
2.065,465
2.065,466
2.065,467
2.065,468
2.065,469
2.065,470
2.065,471
2.065,472
2.065,473
2.065,474
2.065,475
2.065,476
2.065,477
2.065,478
2.065,479
2.065,480
2.065,481
2.065,482
2.065,483
2.065,484
2.065,485
1.962,486
1.962,487
1.962,488
1.962,489
1.962,490
1.962,491
1.962,492
1.962,493
1.962,494
1.962,495
1.962,496
1.962,497
1.962,498
1.962,499
1.962,500
1.962,501
1.962,502
1.962,503
1.962,504
1.962,505
1.962,506
1.962,507
1.962,508
1.962,509
1.962,510
1.962,511
1.962,512
1.962,513
1.962,514
1.962,515
1.962,516
2.57,517
2.57,518
2.57,519
2.57,520
2.57,521
2.57,522
2.57,523
2.57,524
2.57,525
2.57,526
2.57,527
2.57,528
2.57,529
2.57,530
2.57,531
2.57,532
2.57,533
2.57,534
2.57,535
2.57,536
2.57,537
2.57,538
2.57,539
2.57,540
2.57,541
2.57,542
2.57,543
2.57,544
2.57,545
2.57,546
2.57,547
2.57,548
2.57,549
2.57,550
2.57,551
2.57,552
2.57,553
2.57,554
2.57,555
2.57,556
2.57,557
2.57,558
2.57,559
2.57,560
2.57,561
2.57,562
2.57,563
2.57,564
2.57,565
2.57,566
2.57,567
2.57,568
2.57,569
2.57,570
2.57,571
2.57,572
2.57,573
2.57,574
2.57,575
2.57,576
2.57,577
2.943,578
2.943,579
2.943,580
2.943,581
2.943,582
2.943,583
2.943,584
2.943,585
2.943,586
2.943,587
2.943,588
2.943,589
2.943,590
2.943,591
2.943,592
2.943,593
2.943,594
2.943,595
2.943,596
2.943,597
2.943,598
2.943,599
2.943,600
2.943,601
2.943,602
2.943,603
2.943,604
2.943,605
2.943,606
2.943,607
2.943,608
2.966,609
2.966,610
2.966,611
2.966,612
2.966,613
2.966,614
2.966,615
2.966,616
2.966,617
2.966,618
2.966,619
2.966,620
2.966,621
2.966,622
2.966,623
2.966,624
2.966,625
2.966,626
2.966,627
2.966,628
2.966,629
2.966,630
2.966,631
2.966,632
2.966,633
2.966,634
2.966,635
2.966,636
2.966,637
2.966,638
2.808,639
2.808,640
2.808,641
2.808,642
2.808,643
2.808,644
2.808,645
2.808,646
2.808,647
2.808,648
2.808,649
2.808,650
2.808,651
2.808,652
2.808,653
2.808,654
2.808,655
2.808,656
2.808,657
2.808,658
2.808,659
2.808,660
2.808,661
2.808,662
2.808,663
2.808,664
2.808,665
2.808,666
2.808,667
2.808,668
2.808,669
2.664,670
2.664,671
2.664,672
2.664,673
2.664,674
2.664,675
2.664,676
2.664,677
2.664,678
2.664,679
2.664,680
2.664,681
2.664,682
2.664,683
2.664,684
2.664,685
2.664,686
2.664,687
2.664,688
2.664,689
2.664,690
2.664,691
2.664,692
2.664,693
2.664,694
2.664,695
2.664,696
2.664,697
2.664,698
2.664,699
2.751,700
2.751,701
2.751,702
2.751,703
2.751,704
2.751,705
2.751,706
2.751,707
2.751,708
2.751,709
2.751,710
2.751,711
2.751,712
2.751,713
2.751,714
2.751,715
2.751,716
2.751,717
2.751,718
2.751,719
2.751,720
2.751,721
2.751,722
2.751,723
2.751,724
2.751,725
2.751,726
2.751,727
2.751,728
2.751,729
2.751,730
2.328,731
2.328,732
2.328,733
2.328,734
2.328,735
2.328,736
2.328,737
2.328,738
2.328,739
2.328,740
2.328,741
2.328,742
2.328,743
2.328,744
2.328,745
2.328,746
2.328,747
2.328,748
2.328,749
2.328,750
2.328,751
2.328,752
2.328,753
2.328,754
2.328,755
2.328,756
2.328,757
2.328,758
2.328,759
2.328,760
2.328,761
2.267,762
2.267,763
2.267,764
2.267,765
2.267,766
2.267,767
2.267,768
2.267,769
2.267,770
2.267,771
2.267,772
2.267,773
2.267,774
2.267,775
2.267,776
2.267,777
2.267,778
2.267,779
2.267,780
2.267,781
2.267,782
2.267,783
2.267,784
2.267,785
2.267,786
2.267,787
2.267,788
2.267,789
2.267,790
2.081,791
2.081,792
2.081,793
2.081,794
2.081,795
2.081,796
2.081,797
2.081,798
2.081,799
2.081,800
2.081,801
2.081,802
2.081,803
2.081,804
2.081,805
2.081,806
2.081,807
2.081,808
2.081,809
2.081,810
2.081,811
2.081,812
2.081,813
2.081,814
2.081,815
2.081,816
2.081,817
2.081,818
2.081,819
2.081,820
2.081,821
1.793,822
1.793,823
1.793,824
1.793,825
1.793,826
1.793,827
1.793,828
1.793,829
1.793,830
1.793,831
1.793,832
1.793,833
1.793,834
1.793,835
1.793,836
1.793,837
1.793,838
1.793,839
1.793,840
1.793,841
1.793,842
1.793,843
1.793,844
1.793,845
1.793,846
1.793,847
1.793,848
1.793,849
1.793,850
1.793,851
1.684,852
1.684,853
1.684,854
1.684,855
1.684,856
1.684,857
1.684,858
1.684,859
1.684,860
1.684,861
1.684,862
1.684,863
1.684,864
1.684,865
1.684,866
1.684,867
1.684,868
1.684,869
1.684,870
1.684,871
1.684,872
1.684,873
1.684,874
1.684,875
1.684,876
1.684,877
1.684,878
1.684,879
1.684,880
1.684,881
1.684,882
1.491,883
1.491,884
1.491,885
1.491,886
1.491,887
1.491,888
1.491,889
1.491,890
1.491,891
1.491,892
1.491,893
1.491,894
1.491,895
1.491,896
1.491,897
1.491,898
1.491,899
1.491,900
1.491,901
1.491,902
1.491,903
1.491,904
1.491,905
1.491,906
1.491,907
1.491,908
1.491,909
1.491,910
1.491,911
1.491,912
1.546,913
1.546,914
1.546,915
1.546,916
1.546,917
1.546,918
1.546,919
1.546,920
1.546,921
1.546,922
1.546,923
1.546,924
1.546,925
1.546,926
1.546,927
1.546,928
1.546,929
1.546,930
1.546,931
1.546,932
1.546,933
1.546,934
1.546,935
1.546,936
1.546,937
1.546,938
1.546,939
1.546,940
1.546,941
1.546,942
1.546,943
1.455,944
1.455,945
1.455,946
1.455,947
1.455,948
1.455,949
1.455,950
1.455,951
1.455,952
1.455,953
1.455,954
1.455,955
1.455,956
1.455,957
1.455,958
1.455,959
1.455,960
1.455,961
1.455,962
1.455,963
1.455,964
1.455,965
1.455,966
1.455,967
1.455,968
1.455,969
1.455,970
1.455,971
1.455,972
1.455,973
1.455,974
1.471,975
1.471,976
1.471,977
1.471,978
1.471,979
1.471,980
1.471,981
1.471,982
1.471,983
1.471,984
1.471,985
1.471,986
1.471,987
1.471,988
1.471,989
1.471,990
1.471,991
1.471,992
1.471,993
1.471,994
1.471,995
1.471,996
1.471,997
1.471,998
1.471,999
1.471,1000
1.471,1001
1.471,1002
1.471,1003
1.471,1004
1.39,1005
1.39,1006
1.39,1007
1.39,1008
1.39,1009
1.39,1010
1.39,1011
1.39,1012
1.39,1013
1.39,1014
1.39,1015
1.39,1016
1.39,1017
1.39,1018
1.39,1019
1.39,1020
1.39,1021
1.39,1022
1.39,1023
1.39,1024
1.39,1025
1.39,1026
1.39,1027
1.39,1028
1.39,1029
1.39,1030
1.39,1031
1.39,1032
1.39,1033
1.39,1034
1.39,1035
1.321,1036
1.321,1037
1.321,1038
1.321,1039
1.321,1040
1.321,1041
1.321,1042
1.321,1043
1.321,1044
1.321,1045
1.321,1046
1.321,1047
1.321,1048
1.321,1049
1.321,1050
1.321,1051
1.321,1052
1.321,1053
1.321,1054
1.321,1055
1.321,1056
1.321,1057
1.321,1058
1.321,1059
1.321,1060
1.321,1061
1.321,1062
1.321,1063
1.321,1064
1.321,1065
1.383,1066
1.383,1067
1.383,1068
1.383,1069
1.383,1070
1.383,1071
1.383,1072
1.383,1073
1.383,1074
1.383,1075
1.383,1076
1.383,1077
1.383,1078
1.383,1079
1.383,1080
1.383,1081
1.383,1082
1.383,1083
1.383,1084
1.383,1085
1.383,1086
1.383,1087
1.383,1088
1.383,1089
1.383,1090
1.383,1091
1.383,1092
1.383,1093
1.383,1094
1.383,1095
1.383,1096
1.599,1097
1.599,1098
1.599,1099
1.599,1100
1.599,1101
1.599,1102
1.599,1103
1.599,1104
1.599,1105
1.599,1106
1.599,1107
1.599,1108
1.599,1109
1.599,1110
1.599,1111
1.599,1112
1.599,1113
1.599,1114
1.599,1115
1.599,1116
1.599,1117
1.599,1118
1.599,1119
1.599,1120
1.599,1121
1.599,1122
1.599,1123
1.599,1124
1.599,1125
1.599,1126
1.599,1127
1.464,1128
1.464,1129
1.464,1130
1.464,1131
1.464,1132
1.464,1133
1.464,1134
1.464,1135
1.464,1136
1.464,1137
1.464,1138
1.464,1139
1.464,1140
1.464,1141
1.464,1142
1.464,1143
1.464,1144
1.464,1145
1.464,1146
1.464,1147
1.464,1148
1.464,1149
1.464,1150
1.464,1151
1.464,1152
1.464,1153
1.464,1154
1.464,1155
1.404,1156
1.404,1157
1.404,1158
1.404,1159
1.404,1160
1.404,1161
1.404,1162
1.404,1163
1.404,1164
1.404,1165
1.404,1166
1.404,1167
1.404,1168
1.404,1169
1.404,1170
1.404,1171
1.404,1172
1.404,1173
1.404,1174
1.404,1175
1.404,1176
1.404,1177
1.404,1178
1.404,1179
1.404,1180
1.404,1181
1.404,1182
1.404,1183
1.404,1184
1.404,1185
1.404,1186
1.409,1187
1.409,1188
1.409,1189
1.409,1190
1.409,1191
1.409,1192
1.409,1193
1.409,1194
1.409,1195
1.409,1196
1.409,1197
1.409,1198
1.409,1199
1.409,1200
1.409,1201
1.409,1202
1.409,1203
1.409,1204
1.409,1205
1.409,1206
1.409,1207
1.409,1208
1.409,1209
1.409,1210
1.409,1211
1.409,1212
1.409,1213
1.409,1214
1.409,1215
1.409,1216
1.414,1217
1.414,1218
1.414,1219
1.414,1220
1.414,1221
1.414,1222
1.414,1223
1.414,1224
1.414,1225
1.414,1226
1.414,1227
1.414,1228
1.414,1229
1.414,1230
1.414,1231
1.414,1232
1.414,1233
1.414,1234
1.414,1235
1.414,1236
1.414,1237
1.414,1238
1.414,1239
1.414,1240
1.414,1241
1.414,1242
1.414,1243
1.414,1244
1.414,1245
1.414,1246
1.414,1247
1.332,1248
1.332,1249
1.332,1250
1.332,1251
1.332,1252
1.332,1253
1.332,1254
1.332,1255
1.332,1256
1.332,1257
1.332,1258
1.332,1259
1.332,1260
1.332,1261
1.332,1262
1.332,1263
1.332,1264
1.332,1265
1.332,1266
1.332,1267
1.332,1268
1.332,1269
1.332,1270
1.332,1271
1.332,1272
1.332,1273
1.332,1274
1.332,1275
1.332,1276
1.332,1277
1.333,1278
1.333,1279
1.333,1280
1.333,1281
1.333,1282
1.333,1283
1.333,1284
1.333,1285
1.333,1286
1.333,1287
1.333,1288
1.333,1289
1.333,1290
1.333,1291
1.333,1292
1.333,1293
1.333,1294
1.333,1295
1.333,1296
1.333,1297
1.333,1298
1.333,1299
1.333,1300
1.333,1301
1.333,1302
1.333,1303
1.333,1304
1.333,1305
1.333,1306
1.333,1307
1.333,1308
1.367,1309
1.367,1310
1.367,1311
1.367,1312
1.367,1313
1.367,1314
1.367,1315
1.367,1316
1.367,1317
1.367,1318
1.367,1319
1.367,1320
1.367,1321
1.367,1322
1.367,1323
1.367,1324
1.367,1325
1.367,1326
1.367,1327
1.367,1328
1.367,1329
1.367,1330
1.367,1331
1.367,1332
1.367,1333
1.367,1334
1.367,1335
1.367,1336
1.367,1337
1.367,1338
1.367,1339
1.422,1340
1.422,1341
1.422,1342
1.422,1343
1.422,1344
1.422,1345
1.422,1346
1.422,1347
1.422,1348
1.422,1349
1.422,1350
1.422,1351
1.422,1352
1.422,1353
1.422,1354
1.422,1355
1.422,1356
1.422,1357
1.422,1358
1.422,1359
1.422,1360
1.422,1361
1.422,1362
1.422,1363
1.422,1364
1.422,1365
1.422,1366
1.422,1367
1.422,1368
1.422,1369
1.54,1370
1.54,1371
1.54,1372
1.54,1373
1.54,1374
1.54,1375
1.54,1376
1.54,1377
1.54,1378
1.54,1379
1.54,1380
1.54,1381
1.54,1382
1.54,1383
1.54,1384
1.54,1385
1.54,1386
1.54,1387
1.54,1388
1.54,1389
1.54,1390
1.54,1391
1.54,1392
1.54,1393
1.54,1394
1.54,1395
1.54,1396
1.54,1397
1.54,1398
1.54,1399
1.54,1400
1.506,1401
1.506,1402
1.506,1403
1.506,1404
1.506,1405
1.506,1406
1.506,1407
1.506,1408
1.506,1409
1.506,1410
1.506,1411
1.506,1412
1.506,1413
1.506,1414
1.506,1415
1.506,1416
1.506,1417
1.506,1418
1.506,1419
1.506,1420
1.506,1421
1.506,1422
1.506,1423
1.506,1424
1.506,1425
1.506,1426
1.506,1427
1.506,1428
1.506,1429
1.506,1430
1.815,1431
1.815,1432
1.815,1433
1.815,1434
1.815,1435
1.815,1436
1.815,1437
1.815,1438
1.815,1439
1.815,1440
1.815,1441
1.815,1442
1.815,1443
1.815,1444
1.815,1445
1.815,1446
1.815,1447
1.815,1448
1.815,1449
1.815,1450
1.815,1451
1.815,1452
1.815,1453
1.815,1454
1.815,1455
1.815,1456
1.815,1457
1.815,1458
1.815,1459
1.815,1460
1.815,1461
1.769,1462
1.769,1463
1.769,1464
1.769,1465
1.769,1466
1.769,1467
1.769,1468
1.769,1469
1.769,1470
1.769,1471
1.769,1472
1.769,1473
1.769,1474
1.769,1475
1.769,1476
1.769,1477
1.769,1478
1.769,1479
1.769,1480
1.769,1481
1.769,1482
1.769,1483
1.769,1484
1.769,1485
1.769,1486
1.769,1487
1.769,1488
1.769,1489
1.769,1490
1.769,1491
1.769,1492
1.755,1493
1.755,1494
1.755,1495
1.755,1496
1.755,1497
1.755,1498
1.755,1499
1.755,1500
1.755,1501
1.755,1502
1.755,1503
1.755,1504
1.755,1505
1.755,1506
1.755,1507
1.755,1508
1.755,1509
1.755,1510
1.755,1511
1.755,1512
1.755,1513
1.755,1514
1.755,1515
1.755,1516
1.755,1517
1.755,1518
1.755,1519
1.755,1520
1.831,1521
1.831,1522
1.831,1523
1.831,1524
1.831,1525
1.831,1526
1.831,1527
1.831,1528
1.831,1529
1.831,1530
1.831,1531
1.831,1532
1.831,1533
1.831,1534
1.831,1535
1.831,1536
1.831,1537
1.831,1538
1.831,1539
1.831,1540
1.831,1541
1.831,1542
1.831,1543
1.831,1544
1.831,1545
1.831,1546
1.831,1547
1.831,1548
1.831,1549
1.831,1550
1.831,1551
2.081,1552
2.081,1553
2.081,1554
2.081,1555
2.081,1556
2.081,1557
2.081,1558
2.081,1559
2.081,1560
2.081,1561
2.081,1562
2.081,1563
2.081,1564
2.081,1565
2.081,1566
2.081,1567
2.081,1568
2.081,1569
2.081,1570
2.081,1571
2.081,1572
2.081,1573
2.081,1574
2.081,1575
2.081,1576
2.081,1577
2.081,1578
2.081,1579
2.081,1580
2.081,1581
1.987,1582
1.987,1583
1.987,1584
1.987,1585
1.987,1586
1.987,1587
1.987,1588
1.987,1589
1.987,1590
1.987,1591
1.987,1592
1.987,1593
1.987,1594
1.987,1595
1.987,1596
1.987,1597
1.987,1598
1.987,1599
1.987,1600
1.987,1601
1.987,1602
1.987,1603
1.987,1604
1.987,1605
1.987,1606
1.987,1607
1.987,1608
1.987,1609
1.987,1610
1.987,1611
1.987,1612
1.628,1613
1.628,1614
1.628,1615
1.628,1616
1.628,1617
1.628,1618
1.628,1619
1.628,1620
1.628,1621
1.628,1622
1.628,1623
1.628,1624
1.628,1625
1.628,1626
1.628,1627
1.628,1628
1.628,1629
1.628,1630
1.628,1631
1.628,1632
1.628,1633
1.628,1634
1.628,1635
1.628,1636
1.628,1637
1.628,1638
1.628,1639
1.628,1640
1.628,1641
1.628,1642
1.725,1643
1.725,1644
1.725,1645
1.725,1646
1.725,1647
1.725,1648
1.725,1649
1.725,1650
1.725,1651
1.725,1652
1.725,1653
1.725,1654
1.725,1655
1.725,1656
1.725,1657
1.725,1658
1.725,1659
1.725,1660
1.725,1661
1.725,1662
1.725,1663
1.725,1664
1.725,1665
1.725,1666
1.725,1667
1.725,1668
1.725,1669
1.725,1670
1.725,1671
1.725,1672
1.725,1673
1.622,1674
1.622,1675
1.622,1676
1.622,1677
1.622,1678
1.622,1679
1.622,1680
1.622,1681
1.622,1682
1.622,1683
1.622,1684
1.622,1685
1.622,1686
1.622,1687
1.622,1688
1.622,1689
1.622,1690
1.622,1691
1.622,1692
1.622,1693
1.622,1694
1.622,1695
1.622,1696
1.622,1697
1.622,1698
1.622,1699
1.622,1700
1.622,1701
1.622,1702
1.622,1703
1.622,1704
1.651,1705
1.651,1706
1.651,1707
1.651,1708
1.651,1709
1.651,1710
1.651,1711
1.651,1712
1.651,1713
1.651,1714
1.651,1715
1.651,1716
1.651,1717
1.651,1718
1.651,1719
1.651,1720
1.651,1721
1.651,1722
1.651,1723
1.651,1724
1.651,1725
1.651,1726
1.651,1727
1.651,1728
1.651,1729
1.651,1730
1.651,1731
1.651,1732
1.651,1733
1.651,1734
1.66,1735
1.66,1736
1.66,1737
1.66,1738
1.66,1739
1.66,1740
1.66,1741
1.66,1742
1.66,1743
1.66,1744
1.66,1745
1.66,1746
1.66,1747
1.66,1748
1.66,1749
1.66,1750
1.66,1751
1.66,1752
1.66,1753
1.66,1754
1.66,1755
1.66,1756
1.66,1757
1.66,1758
1.66,1759
1.66,1760
1.66,1761
1.66,1762
1.66,1763
1.66,1764
1.66,1765
1.596,1766
1.596,1767
1.596,1768
1.596,1769
1.596,1770
1.596,1771
1.596,1772
1.596,1773
1.596,1774
1.596,1775
1.596,1776
1.596,1777
1.596,1778
1.596,1779
1.596,1780
1.596,1781
1.596,1782
1.596,1783
1.596,1784
1.596,1785
1.596,1786
1.596,1787
1.596,1788
1.596,1789
1.596,1790
1.596,1791
1.596,1792
1.596,1793
1.596,1794
1.596,1795
1.595,1796
1.595,1797
1.595,1798
1.595,1799
1.595,1800
1.595,1801
1.595,1802
1.595,1803
1.595,1804
1.595,1805
1.595,1806
1.595,1807
1.595,1808
1.595,1809
1.595,1810
1.595,1811
1.595,1812
1.595,1813
1.595,1814
1.595,1815
1.595,1816
1.595,1817
1.595,1818
1.595,1819
1.595,1820
1.595,1821
1.595,1822
1.595,1823
1.595,1824
1.595,1825
1.595,1826
1.554,1827
1.554,1828
1.554,1829
1.554,1830
1.554,1831
1.554,1832
1.554,1833
1.554,1834
1.554,1835
1.554,1836
1.554,1837
1.554,1838
1.554,1839
1.554,1840
1.554,1841
1.554,1842
1.554,1843
1.554,1844
1.554,1845
1.554,1846
1.554,1847
1.554,1848
1.554,1849
1.554,1850
1.554,1851
1.554,1852
1.554,1853
1.554,1854
1.554,1855
1.554,1856
1.554,1857
1.557,1858
1.557,1859
1.557,1860
1.557,1861
1.557,1862
1.557,1863
1.557,1864
1.557,1865
1.557,1866
1.557,1867
1.557,1868
1.557,1869
1.557,1870
1.557,1871
1.557,1872
1.557,1873
1.557,1874
1.557,1875
1.557,1876
1.557,1877
1.557,1878
1.557,1879
1.557,1880
1.557,1881
1.557,1882
1.557,1883
1.557,1884
1.557,1885
1.544,1886
1.544,1887
1.544,1888
1.544,1889
1.544,1890
1.544,1891
1.544,1892
1.544,1893
1.544,1894
1.544,1895
1.544,1896
1.544,1897
1.544,1898
1.544,1899
1.544,1900
1.544,1901
1.544,1902
1.544,1903
1.544,1904
1.544,1905
1.544,1906
1.544,1907
1.544,1908
1.544,1909
1.544,1910
1.544,1911
1.544,1912
1.544,1913
1.544,1914
1.544,1915
1.544,1916
1.463,1917
1.463,1918
1.463,1919
1.463,1920
1.463,1921
1.463,1922
1.463,1923
1.463,1924
1.463,1925
1.463,1926
1.463,1927
1.463,1928
1.463,1929
1.463,1930
1.463,1931
1.463,1932
1.463,1933
1.463,1934
1.463,1935
1.463,1936
1.463,1937
1.463,1938
1.463,1939
1.463,1940
1.463,1941
1.463,1942
1.463,1943
1.463,1944
1.463,1945
1.463,1946
1.362,1947
1.362,1948
1.362,1949
1.362,1950
1.362,1951
1.362,1952
1.362,1953
1.362,1954
1.362,1955
1.362,1956
1.362,1957
1.362,1958
1.362,1959
1.362,1960
1.362,1961
1.362,1962
1.362,1963
1.362,1964
1.362,1965
1.362,1966
1.362,1967
1.362,1968
1.362,1969
1.362,1970
1.362,1971
1.362,1972
1.362,1973
1.362,1974
1.362,1975
1.362,1976
1.362,1977
1.203,1978
1.203,1979
1.203,1980
1.203,1981
1.203,1982
1.203,1983
1.203,1984
1.203,1985
1.203,1986
1.203,1987
1.203,1988
1.203,1989
1.203,1990
1.203,1991
1.203,1992
1.203,1993
1.203,1994
1.203,1995
1.203,1996
1.203,1997
1.203,1998
1.203,1999
1.203,2000
1.203,2001
1.203,2002
1.203,2003
1.203,2004
1.203,2005
1.203,2006
1.203,2007
1.243,2008
1.243,2009
1.243,2010
1.243,2011
1.243,2012
1.243,2013
1.243,2014
1.243,2015
1.243,2016
1.243,2017
1.243,2018
1.243,2019
1.243,2020
1.243,2021
1.243,2022
1.243,2023
1.243,2024
1.243,2025
1.243,2026
1.243,2027
1.243,2028
1.243,2029
1.243,2030
1.243,2031
1.243,2032
1.243,2033
1.243,2034
1.243,2035
1.243,2036
1.243,2037
1.243,2038
1.219,2039
1.219,2040
1.219,2041
1.219,2042
1.219,2043
1.219,2044
1.219,2045
1.219,2046
1.219,2047
1.219,2048
1.219,2049
1.219,2050
1.219,2051
1.219,2052
1.219,2053
1.219,2054
1.219,2055
1.219,2056
1.219,2057
1.219,2058
1.219,2059
1.219,2060
1.219,2061
1.219,2062
1.219,2063
1.219,2064
1.219,2065
1.219,2066
1.219,2067
1.219,2068
1.219,2069
1.383,2070
1.383,2071
1.383,2072
1.383,2073
1.383,2074
1.383,2075
1.383,2076
1.383,2077
1.383,2078
1.383,2079
1.383,2080
1.383,2081
1.383,2082
1.383,2083
1.383,2084
1.383,2085
1.383,2086
1.383,2087
1.383,2088
1.383,2089
1.383,2090
1.383,2091
1.383,2092
1.383,2093
1.383,2094
1.383,2095
1.383,2096
1.383,2097
1.383,2098
1.383,2099
1.282,2100
1.282,2101
1.282,2102
1.282,2103
1.282,2104
1.282,2105
1.282,2106
1.282,2107
1.282,2108
1.282,2109
1.282,2110
1.282,2111
1.282,2112
1.282,2113
1.282,2114
1.282,2115
1.282,2116
1.282,2117
1.282,2118
1.282,2119
1.282,2120
1.282,2121
1.282,2122
1.282,2123
1.282,2124
1.282,2125
1.282,2126
1.282,2127
1.282,2128
1.282,2129
1.282,2130
1.405,2131
1.405,2132
1.405,2133
1.405,2134
1.405,2135
1.405,2136
1.405,2137
1.405,2138
1.405,2139
1.405,2140
1.405,2141
1.405,2142
1.405,2143
1.405,2144
1.405,2145
1.405,2146
1.405,2147
1.405,2148
1.405,2149
1.405,2150
1.405,2151
1.405,2152
1.405,2153
1.405,2154
1.405,2155
1.405,2156
1.405,2157
1.405,2158
1.405,2159
1.405,2160
1.535,2161
1.535,2162
1.535,2163
1.535,2164
1.535,2165
1.535,2166
1.535,2167
1.535,2168
1.535,2169
1.535,2170
1.535,2171
1.535,2172
1.535,2173
1.535,2174
1.535,2175
1.535,2176
1.535,2177
1.535,2178
1.535,2179
1.535,2180
1.535,2181
1.535,2182
1.535,2183
1.535,2184
1.535,2185
1.535,2186
1.535,2187
1.535,2188
1.535,2189
1.535,2190
1.535,2191
1.461,2192
1.461,2193
1.461,2194
1.461,2195
1.461,2196
1.461,2197
1.461,2198
1.461,2199
1.461,2200
1.461,2201
1.461,2202
1.461,2203
1.461,2204
1.461,2205
1.461,2206
1.461,2207
1.461,2208
1.461,2209
1.461,2210
1.461,2211
1.461,2212
1.461,2213
1.461,2214
1.461,2215
1.461,2216
1.461,2217
1.461,2218
1.461,2219
1.461,2220
1.461,2221
1.461,2222
1.449,2223
1.449,2224
1.449,2225
1.449,2226
1.449,2227
1.449,2228
1.449,2229
1.449,2230
1.449,2231
1.449,2232
1.449,2233
1.449,2234
1.449,2235
1.449,2236
1.449,2237
1.449,2238
1.449,2239
1.449,2240
1.449,2241
1.449,2242
1.449,2243
1.449,2244
1.449,2245
1.449,2246
1.449,2247
1.449,2248
1.449,2249
1.449,2250
1.449,2251
1.525,2252
1.525,2253
1.525,2254
1.525,2255
1.525,2256
1.525,2257
1.525,2258
1.525,2259
1.525,2260
1.525,2261
1.525,2262
1.525,2263
1.525,2264
1.525,2265
1.525,2266
1.525,2267
1.525,2268
1.525,2269
1.525,2270
1.525,2271
1.525,2272
1.525,2273
1.525,2274
1.525,2275
1.525,2276
1.525,2277
1.525,2278
1.525,2279
1.525,2280
1.525,2281
1.525,2282
2.019,2283
2.019,2284
2.019,2285
2.019,2286
2.019,2287
2.019,2288
2.019,2289
2.019,2290
2.019,2291
2.019,2292
2.019,2293
2.019,2294
2.019,2295
2.019,2296
2.019,2297
2.019,2298
2.019,2299
2.019,2300
2.019,2301
2.019,2302
2.019,2303
2.019,2304
2.019,2305
2.019,2306
2.019,2307
2.019,2308
2.019,2309
2.019,2310
2.019,2311
2.019,2312
1.64,2313
1.64,2314
1.64,2315
1.64,2316
1.64,2317
1.64,2318
1.64,2319
1.64,2320
1.64,2321
1.64,2322
1.64,2323
1.64,2324
1.64,2325
1.64,2326
1.64,2327
1.64,2328
1.64,2329
1.64,2330
1.64,2331
1.64,2332
1.64,2333
1.64,2334
1.64,2335
1.64,2336
1.64,2337
1.64,2338
1.64,2339
1.64,2340
1.64,2341
1.64,2342
1.64,2343
1.554,2344
1.554,2345
1.554,2346
1.554,2347
1.554,2348
1.554,2349
1.554,2350
1.554,2351
1.554,2352
1.554,2353
1.554,2354
1.554,2355
1.554,2356
1.554,2357
1.554,2358
1.554,2359
1.554,2360
1.554,2361
1.554,2362
1.554,2363
1.554,2364
1.554,2365
1.554,2366
1.554,2367
1.554,2368
1.554,2369
1.554,2370
1.554,2371
1.554,2372
1.554,2373
1.401,2374
1.401,2375
1.401,2376
1.401,2377
1.401,2378
1.401,2379
1.401,2380
1.401,2381
1.401,2382
1.401,2383
1.401,2384
1.401,2385
1.401,2386
1.401,2387
1.401,2388
1.401,2389
1.401,2390
1.401,2391
1.401,2392
1.401,2393
1.401,2394
1.401,2395
1.401,2396
1.401,2397
1.401,2398
1.401,2399
1.401,2400
1.401,2401
1.401,2402
1.401,2403
1.401,2404
1.328,2405
1.328,2406
1.328,2407
1.328,2408
1.328,2409
1.328,2410
1.328,2411
1.328,2412
1.328,2413
1.328,2414
1.328,2415
1.328,2416
1.328,2417
1.328,2418
1.328,2419
1.328,2420
1.328,2421
1.328,2422
1.328,2423
1.328,2424
1.328,2425
1.328,2426
1.328,2427
1.328,2428
1.328,2429
1.328,2430
1.328,2431
1.328,2432
1.328,2433
1.328,2434
1.328,2435
1.353,2436
1.353,2437
1.353,2438
1.353,2439
1.353,2440
1.353,2441
1.353,2442
1.353,2443
1.353,2444
1.353,2445
1.353,2446
1.353,2447
1.353,2448
1.353,2449
1.353,2450
1.353,2451
1.353,2452
1.353,2453
1.353,2454
1.353,2455
1.353,2456
1.353,2457
1.353,2458
1.353,2459
1.353,2460
1.353,2461
1.353,2462
1.353,2463
1.353,2464
1.353,2465
1.408,2466
1.408,2467
1.408,2468
1.408,2469
1.408,2470
1.408,2471
1.408,2472
1.408,2473
1.408,2474
1.408,2475
1.408,2476
1.408,2477
1.408,2478
1.408,2479
1.408,2480
1.408,2481
1.408,2482
1.408,2483
1.408,2484
1.408,2485
1.408,2486
1.408,2487
1.408,2488
1.408,2489
1.408,2490
1.408,2491
1.408,2492
1.408,2493
1.408,2494
1.408,2495
1.408,2496
1.45,2497
1.45,2498
1.45,2499
1.45,2500
1.45,2501
1.45,2502
1.45,2503
1.45,2504
1.45,2505
1.45,2506
1.45,2507
1.45,2508
1.45,2509
1.45,2510
1.45,2511
1.45,2512
1.45,2513
1.45,2514
1.45,2515
1.45,2516
1.45,2517
1.45,2518
1.45,2519
1.45,2520
1.45,2521
1.45,2522
1.45,2523
1.45,2524
1.45,2525
1.45,2526
1.481,2527
1.481,2528
1.481,2529
1.481,2530
1.481,2531
1.481,2532
1.481,2533
1.481,2534
1.481,2535
1.481,2536
1.481,2537
1.481,2538
1.481,2539
1.481,2540
1.481,2541
1.481,2542
1.481,2543
1.481,2544
1.481,2545
1.481,2546
1.481,2547
1.481,2548
1.481,2549
1.481,2550
1.481,2551
1.481,2552
1.481,2553
1.481,2554
1.481,2555
1.481,2556
1.481,2557
1.466,2558
1.466,2559
1.466,2560
1.466,2561
1.466,2562
1.466,2563
1.466,2564
1.466,2565
1.466,2566
1.466,2567
1.466,2568
1.466,2569
1.466,2570
1.466,2571
1.466,2572
1.466,2573
1.466,2574
1.466,2575
1.466,2576
1.466,2577
1.466,2578
1.466,2579
1.466,2580
1.466,2581
1.466,2582
1.466,2583
1.466,2584
1.466,2585
1.466,2586
1.466,2587
1.466,2588
1.597,2589
1.597,2590
1.597,2591
1.597,2592
1.597,2593
1.597,2594
1.597,2595
1.597,2596
1.597,2597
1.597,2598
1.597,2599
1.597,2600
1.597,2601
1.597,2602
1.597,2603
1.597,2604
1.597,2605
1.597,2606
1.597,2607
1.597,2608
1.597,2609
1.597,2610
1.597,2611
1.597,2612
1.597,2613
1.597,2614
1.597,2615
1.597,2616
1.625,2617
1.625,2618
1.625,2619
1.625,2620
1.625,2621
1.625,2622
1.625,2623
1.625,2624
1.625,2625
1.625,2626
1.625,2627
1.625,2628
1.625,2629
1.625,2630
1.625,2631
1.625,2632
1.625,2633
1.625,2634
1.625,2635
1.625,2636
1.625,2637
1.625,2638
1.625,2639
1.625,2640
1.625,2641
1.625,2642
1.625,2643
1.625,2644
1.625,2645
1.625,2646
1.625,2647
1.62,2648
1.62,2649
1.62,2650
1.62,2651
1.62,2652
1.62,2653
1.62,2654
1.62,2655
1.62,2656
1.62,2657
1.62,2658
1.62,2659
1.62,2660
1.62,2661
1.62,2662
1.62,2663
1.62,2664
1.62,2665
1.62,2666
1.62,2667
1.62,2668
1.62,2669
1.62,2670
1.62,2671
1.62,2672
1.62,2673
1.62,2674
1.62,2675
1.62,2676
1.62,2677
1.625,2678
1.625,2679
1.625,2680
1.625,2681
1.625,2682
1.625,2683
1.625,2684
1.625,2685
1.625,2686
1.625,2687
1.625,2688
1.625,2689
1.625,2690
1.625,2691
1.625,2692
1.625,2693
1.625,2694
1.625,2695
1.625,2696
1.625,2697
1.625,2698
1.625,2699
1.625,2700
1.625,2701
1.625,2702
1.625,2703
1.625,2704
1.625,2705
1.625,2706
1.625,2707
1.625,2708
1.642,2709
1.642,2710
1.642,2711
1.642,2712
1.642,2713
1.642,2714
1.642,2715
1.642,2716
1.642,2717
1.642,2718
1.642,2719
1.642,2720
1.642,2721
1.642,2722
1.642,2723
1.642,2724
1.642,2725
1.642,2726
1.642,2727
1.642,2728
1.642,2729
1.642,2730
1.642,2731
1.642,2732
1.642,2733
1.642,2734
1.642,2735
1.642,2736
1.642,2737
1.642,2738
1.642,2739
1.642,2740
1.642,2741
1.642,2742
1.642,2743
1.642,2744
1.642,2745
1.642,2746
1.642,2747
1.642,2748
1.642,2749
1.642,2750
1.642,2751
1.642,2752
1.642,2753
1.642,2754
1.642,2755
1.642,2756
1.642,2757
1.642,2758
1.642,2759
1.642,2760
1.642,2761
1.642,2762
1.642,2763
1.642,2764
1.642,2765
1.642,2766
1.642,2767
1.642,2768
1.642,2769
1.709,2770
1.709,2771
1.709,2772
1.709,2773
1.709,2774
1.709,2775
1.709,2776
1.709,2777
1.709,2778
1.709,2779
1.709,2780
1.709,2781
1.709,2782
1.709,2783
1.709,2784
1.709,2785
1.709,2786
1.709,2787
1.709,2788
1.709,2789
1.709,2790
1.709,2791
1.709,2792
1.709,2793
1.709,2794
1.709,2795
1.709,2796
1.709,2797
1.709,2798
1.709,2799
1.709,2800
1.835,2801
1.835,2802
1.835,2803
1.835,2804
1.835,2805
1.835,2806
1.835,2807
1.835,2808
1.835,2809
1.835,2810
1.835,2811
1.835,2812
1.835,2813
1.835,2814
1.835,2815
1.835,2816
1.835,2817
1.835,2818
1.835,2819
1.835,2820
1.835,2821
1.835,2822
1.835,2823
1.835,2824
1.835,2825
1.835,2826
1.835,2827
1.835,2828
1.835,2829
1.835,2830
1.821,2831
1.821,2832
1.821,2833
1.821,2834
1.821,2835
1.821,2836
1.821,2837
1.821,2838
1.821,2839
1.821,2840
1.821,2841
1.821,2842
1.821,2843
1.821,2844
1.821,2845
1.821,2846
1.821,2847
1.821,2848
1.821,2849
1.821,2850
1.821,2851
1.821,2852
1.821,2853
1.821,2854
1.821,2855
1.821,2856
1.821,2857
1.821,2858
1.821,2859
1.821,2860
1.821,2861
1.718,2862
1.718,2863
1.718,2864
1.718,2865
1.718,2866
1.718,2867
1.718,2868
1.718,2869
1.718,2870
1.718,2871
1.718,2872
1.718,2873
1.718,2874
1.718,2875
1.718,2876
1.718,2877
1.718,2878
1.718,2879
1.718,2880
1.718,2881
1.718,2882
1.718,2883
1.718,2884
1.718,2885
1.718,2886
1.718,2887
1.718,2888
1.718,2889
1.718,2890
1.718,2891
1.788,2892
1.788,2893
1.788,2894
1.788,2895
1.788,2896
1.788,2897
1.788,2898
1.788,2899
1.788,2900
1.788,2901
1.788,2902
1.788,2903
1.788,2904
1.788,2905
1.788,2906
1.788,2907
1.788,2908
1.788,2909
1.788,2910
1.788,2911
1.788,2912
1.788,2913
1.788,2914
1.788,2915
1.788,2916
1.788,2917
1.788,2918
1.788,2919
1.788,2920
1.788,2921
1.788,2922
1.929,2923
1.929,2924
1.929,2925
1.929,2926
1.929,2927
1.929,2928
1.929,2929
1.929,2930
1.929,2931
1.929,2932
1.929,2933
1.929,2934
1.929,2935
1.929,2936
1.929,2937
1.929,2938
1.929,2939
1.929,2940
1.929,2941
1.929,2942
1.929,2943
1.929,2944
1.929,2945
1.929,2946
1.929,2947
1.929,2948
1.929,2949
1.929,2950
1.929,2951
1.929,2952
1.929,2953
2.005,2954
2.005,2955
2.005,2956
2.005,2957
2.005,2958
2.005,2959
2.005,2960
2.005,2961
2.005,2962
2.005,2963
2.005,2964
2.005,2965
2.005,2966
2.005,2967
2.005,2968
2.005,2969
2.005,2970
2.005,2971
2.005,2972
2.005,2973
2.005,2974
2.005,2975
2.005,2976
2.005,2977
2.005,2978
2.005,2979
2.005,2980
2.005,2981
2.046,2982
2.046,2983
2.046,2984
2.046,2985
2.046,2986
2.046,2987
2.046,2988
2.046,2989
2.046,2990
2.046,2991
2.046,2992
2.046,2993
2.046,2994
2.046,2995
2.046,2996
2.046,2997
2.046,2998
2.046,2999
2.046,3000
2.046,3001
2.046,3002
2.046,3003
2.046,3004
2.046,3005
2.046,3006
2.046,3007
2.046,3008
2.046,3009
2.046,3010
2.046,3011
2.046,3012
2.52,3013
2.52,3014
2.52,3015
2.52,3016
2.52,3017
2.52,3018
2.52,3019
2.52,3020
2.52,3021
2.52,3022
2.52,3023
2.52,3024
2.52,3025
2.52,3026
2.52,3027
2.52,3028
2.52,3029
2.52,3030
2.52,3031
2.52,3032
2.52,3033
2.52,3034
2.52,3035
2.52,3036
2.52,3037
2.52,3038
2.52,3039
2.52,3040
2.52,3041
2.52,3042
2.863,3043
2.863,3044
2.863,3045
2.863,3046
2.863,3047
2.863,3048
2.863,3049
2.863,3050
2.863,3051
2.863,3052
2.863,3053
2.863,3054
2.863,3055
2.863,3056
2.863,3057
2.863,3058
2.863,3059
2.863,3060
2.863,3061
2.863,3062
2.863,3063
2.863,3064
2.863,3065
2.863,3066
2.863,3067
2.863,3068
2.863,3069
2.863,3070
2.863,3071
2.863,3072
2.863,3073
2.707,3074
2.707,3075
2.707,3076
2.707,3077
2.707,3078
2.707,3079
2.707,3080
2.707,3081
2.707,3082
2.707,3083
2.707,3084
2.707,3085
2.707,3086
2.707,3087
2.707,3088
2.707,3089
2.707,3090
2.707,3091
2.707,3092
2.707,3093
2.707,3094
2.707,3095
2.707,3096
2.707,3097
2.707,3098
2.707,3099
2.707,3100
2.707,3101
2.707,3102
2.707,3103
2.936,3104
2.936,3105
2.936,3106
2.936,3107
2.936,3108
2.936,3109
2.936,3110
2.936,3111
2.936,3112
2.936,3113
2.936,3114
2.936,3115
2.936,3116
2.936,3117
2.936,3118
2.936,3119
2.936,3120
2.936,3121
2.936,3122
2.936,3123
2.936,3124
2.936,3125
2.936,3126
2.936,3127
2.936,3128
2.936,3129
2.936,3130
2.936,3131
2.936,3132
2.936,3133
2.936,3134
3.116,3135
3.116,3136
3.116,3137
3.116,3138
3.116,3139
3.116,3140
3.116,3141
3.116,3142
3.116,3143
3.116,3144
3.116,3145
3.116,3146
3.116,3147
3.116,3148
3.116,3149
3.116,3150
3.116,3151
3.116,3152
3.116,3153
3.116,3154
3.116,3155
3.116,3156
3.116,3157
3.116,3158
3.116,3159
3.116,3160
3.116,3161
3.116,3162
3.116,3163
3.116,3164
3.116,3165
2.902,3166
2.902,3167
2.902,3168
2.902,3169
2.902,3170
2.902,3171
2.902,3172
2.902,3173
2.902,3174
2.902,3175
2.902,3176
2.902,3177
2.902,3178
2.902,3179
2.902,3180
2.902,3181
2.902,3182
2.902,3183
2.902,3184
2.902,3185
2.902,3186
2.902,3187
2.902,3188
2.902,3189
2.902,3190
2.902,3191
2.902,3192
2.902,3193
2.902,3194
2.902,3195
3.419,3196
3.419,3197
3.419,3198
3.419,3199
3.419,3200
3.419,3201
3.419,3202
3.419,3203
3.419,3204
3.419,3205
3.419,3206
3.419,3207
3.419,3208
3.419,3209
3.419,3210
3.419,3211
3.419,3212
3.419,3213
3.419,3214
3.419,3215
3.419,3216
3.419,3217
3.419,3218
3.419,3219
3.419,3220
3.419,3221
3.419,3222
3.419,3223
3.419,3224
3.419,3225
3.419,3226
3.589,3227
3.589,3228
3.589,3229
3.589,3230
3.589,3231
3.589,3232
3.589,3233
3.589,3234
3.589,3235
3.589,3236
3.589,3237
3.589,3238
3.589,3239
3.589,3240
3.589,3241
3.589,3242
3.589,3243
3.589,3244
3.589,3245
3.589,3246
3.589,3247
3.589,3248
3.589,3249
3.589,3250
3.589,3251
3.589,3252
3.589,3253
3.589,3254
3.589,3255
3.589,3256
4.25,3257
4.25,3258
4.25,3259
4.25,3260
4.25,3261
4.25,3262
4.25,3263
4.25,3264
4.25,3265
4.25,3266
4.25,3267
4.25,3268
4.25,3269
4.25,3270
4.25,3271
4.25,3272
4.25,3273
4.25,3274
4.25,3275
4.25,3276
4.25,3277
4.25,3278
4.25,3279
4.25,3280
4.25,3281
4.25,3282
4.25,3283
4.25,3284
4.25,3285
4.25,3286
4.25,3287
4.823,3288
4.823,3289
4.823,3290
4.823,3291
4.823,3292
4.823,3293
4.823,3294
4.823,3295
4.823,3296
4.823,3297
4.823,3298
4.823,3299
4.823,3300
4.823,3301
4.823,3302
4.823,3303
4.823,3304
4.823,3305
4.823,3306
4.823,3307
4.823,3308
4.823,3309
4.823,3310
4.823,3311
4.823,3312
4.823,3313
4.823,3314
4.823,3315
4.823,3316
4.823,3317
4.823,3318
4.211,3319
4.211,3320
4.211,3321
4.211,3322
4.211,3323
4.211,3324
4.211,3325
4.211,3326
4.211,3327
4.211,3328
4.211,3329
4.211,3330
4.211,3331
4.211,3332
4.211,3333
4.211,3334
4.211,3335
4.211,3336
4.211,3337
4.211,3338
4.211,3339
4.211,3340
4.211,3341
4.211,3342
4.211,3343
4.211,3344
4.211,3345
4.211,3346
3.446,3347
3.446,3348
3.446,3349
3.446,3350
3.446,3351
3.446,3352
3.446,3353
3.446,3354
3.446,3355
3.446,3356
3.446,3357
3.446,3358
3.446,3359
3.446,3360
3.446,3361
3.446,3362
3.446,3363
3.446,3364
3.446,3365
3.446,3366
3.446,3367
3.446,3368
3.446,3369
3.446,3370
3.446,3371
3.446,3372
3.446,3373
3.446,3374
3.446,3375
3.446,3376
3.446,3377
3.27,3378
3.27,3379
3.27,3380
3.27,3381
3.27,3382
3.27,3383
3.27,3384
3.27,3385
3.27,3386
3.27,3387
3.27,3388
3.27,3389
3.27,3390
3.27,3391
3.27,3392
3.27,3393
3.27,3394
3.27,3395
3.27,3396
3.27,3397
3.27,3398
3.27,3399
3.27,3400
3.27,3401
3.27,3402
3.27,3403
3.27,3404
3.27,3405
3.27,3406
3.27,3407
2.666,3408
2.666,3409
2.666,3410
2.666,3411
2.666,3412
2.666,3413
2.666,3414
2.666,3415
2.666,3416
2.666,3417
2.666,3418
2.666,3419
2.666,3420
2.666,3421
2.666,3422
2.666,3423
2.666,3424
2.666,3425
2.666,3426
2.666,3427
2.666,3428
2.666,3429
2.666,3430
2.666,3431
2.666,3432
2.666,3433
2.666,3434
2.666,3435
2.666,3436
2.666,3437
2.666,3438
2.219,3439
2.219,3440
2.219,3441
2.219,3442
2.219,3443
2.219,3444
2.219,3445
2.219,3446
2.219,3447
2.219,3448
2.219,3449
2.219,3450
2.219,3451
2.219,3452
2.219,3453
2.219,3454
2.219,3455
2.219,3456
2.219,3457
2.219,3458
2.219,3459
2.219,3460
2.219,3461
2.219,3462
2.219,3463
2.219,3464
2.219,3465
2.219,3466
2.219,3467
2.219,3468
2.094,3469
2.094,3470
2.094,3471
2.094,3472
2.094,3473
2.094,3474
2.094,3475
2.094,3476
2.094,3477
2.094,3478
2.094,3479
2.094,3480
2.094,3481
2.094,3482
2.094,3483
2.094,3484
2.094,3485
2.094,3486
2.094,3487
2.094,3488
2.094,3489
2.094,3490
2.094,3491
2.094,3492
2.094,3493
2.094,3494
2.094,3495
2.094,3496
2.094,3497
2.094,3498
2.094,3499
2.043,3500
2.043,3501
2.043,3502
2.043,3503
2.043,3504
2.043,3505
2.043,3506
2.043,3507
2.043,3508
2.043,3509
2.043,3510
2.043,3511
2.043,3512
2.043,3513
2.043,3514
2.043,3515
2.043,3516
2.043,3517
2.043,3518
2.043,3519
2.043,3520
2.043,3521
2.043,3522
2.043,3523
2.043,3524
2.043,3525
2.043,3526
2.043,3527
2.043,3528
2.043,3529
2.043,3530
2.065,3531
2.065,3532
2.065,3533
2.065,3534
2.065,3535
2.065,3536
2.065,3537
2.065,3538
2.065,3539
2.065,3540
2.065,3541
2.065,3542
2.065,3543
2.065,3544
2.065,3545
2.065,3546
2.065,3547
2.065,3548
2.065,3549
2.065,3550
2.065,3551
2.065,3552
2.065,3553
2.065,3554
2.065,3555
2.065,3556
2.065,3557
2.065,3558
2.065,3559
2.065,3560
2.072,3561
2.072,3562
2.072,3563
2.072,3564
2.072,3565
2.072,3566
2.072,3567
2.072,3568
2.072,3569
2.072,3570
2.072,3571
2.072,3572
2.072,3573
2.072,3574
2.072,3575
2.072,3576
2.072,3577
2.072,3578
2.072,3579
2.072,3580
2.072,3581
2.072,3582
2.072,3583
2.072,3584
2.072,3585
2.072,3586
2.072,3587
2.072,3588
2.072,3589
2.072,3590
2.072,3591
2.138,3592
2.138,3593
2.138,3594
2.138,3595
2.138,3596
2.138,3597
2.138,3598
2.138,3599
2.138,3600
2.138,3601
2.138,3602
2.138,3603
2.138,3604
2.138,3605
2.138,3606
2.138,3607
2.138,3608
2.138,3609
2.138,3610
2.138,3611
2.138,3612
2.138,3613
2.138,3614
2.138,3615
2.138,3616
2.138,3617
2.138,3618
2.138,3619
2.138,3620
2.138,3621
2.507,3622
2.507,3623
2.507,3624
2.507,3625
2.507,3626
2.507,3627
2.507,3628
2.507,3629
2.507,3630
2.507,3631
2.507,3632
2.507,3633
2.507,3634
2.507,3635
2.507,3636
2.507,3637
2.507,3638
2.507,3639
2.507,3640
2.507,3641
2.507,3642
2.507,3643
2.507,3644
2.507,3645
2.507,3646
2.507,3647
2.507,3648
2.507,3649
2.507,3650
2.507,3651
2.507,3652
2.522,3653
2.522,3654
2.522,3655
2.522,3656
2.522,3657
2.522,3658
2.522,3659
2.522,3660
2.522,3661
2.522,3662
2.522,3663
2.522,3664
2.522,3665
2.522,3666
2.522,3667
2.522,3668
2.522,3669
2.522,3670
2.522,3671
2.522,3672
2.522,3673
2.522,3674
2.522,3675
2.522,3676
2.522,3677
2.522,3678
2.522,3679
2.522,3680
2.522,3681
2.522,3682
2.522,3683
2.996,3684
2.996,3685
2.996,3686
2.996,3687
2.996,3688
2.996,3689
2.996,3690
2.996,3691
2.996,3692
2.996,3693
2.996,3694
2.996,3695
2.996,3696
2.996,3697
2.996,3698
2.996,3699
2.996,3700
2.996,3701
2.996,3702
2.996,3703
2.996,3704
2.996,3705
2.996,3706
2.996,3707
2.996,3708
2.996,3709
2.996,3710
2.996,3711
2.996,3712
2.992,3713
2.992,3714
2.992,3715
2.992,3716
2.992,3717
2.992,3718
2.992,3719
2.992,3720
2.992,3721
2.992,3722
2.992,3723
2.992,3724
2.992,3725
2.992,3726
2.992,3727
2.992,3728
2.992,3729
2.992,3730
2.992,3731
2.992,3732
2.992,3733
2.992,3734
2.992,3735
2.992,3736
2.992,3737
2.992,3738
2.992,3739
2.992,3740
2.992,3741
2.992,3742
2.992,3743
2.864,3744
2.864,3745
2.864,3746
2.864,3747
2.864,3748
2.864,3749
2.864,3750
2.864,3751
2.864,3752
2.864,3753
2.864,3754
2.864,3755
2.864,3756
2.864,3757
2.864,3758
2.864,3759
2.864,3760
2.864,3761
2.864,3762
2.864,3763
2.864,3764
2.864,3765
2.864,3766
2.864,3767
2.864,3768
2.864,3769
2.864,3770
2.864,3771
2.864,3772
2.864,3773
2.699,3774
2.699,3775
2.699,3776
2.699,3777
2.699,3778
2.699,3779
2.699,3780
2.699,3781
2.699,3782
2.699,3783
2.699,3784
2.699,3785
2.699,3786
2.699,3787
2.699,3788
2.699,3789
2.699,3790
2.699,3791
2.699,3792
2.699,3793
2.699,3794
2.699,3795
2.699,3796
2.699,3797
2.699,3798
2.699,3799
2.699,3800
2.699,3801
2.699,3802
2.699,3803
2.699,3804
2.715,3805
2.715,3806
2.715,3807
2.715,3808
2.715,3809
2.715,3810
2.715,3811
2.715,3812
2.715,3813
2.715,3814
2.715,3815
2.715,3816
2.715,3817
2.715,3818
2.715,3819
2.715,3820
2.715,3821
2.715,3822
2.715,3823
2.715,3824
2.715,3825
2.715,3826
2.715,3827
2.715,3828
2.715,3829
2.715,3830
2.715,3831
2.715,3832
2.715,3833
2.715,3834
3.08,3835
3.08,3836
3.08,3837
3.08,3838
3.08,3839
3.08,3840
3.08,3841
3.08,3842
3.08,3843
3.08,3844
3.08,3845
3.08,3846
3.08,3847
3.08,3848
3.08,3849
3.08,3850
3.08,3851
3.08,3852
3.08,3853
3.08,3854
3.08,3855
3.08,3856
3.08,3857
3.08,3858
3.08,3859
3.08,3860
3.08,3861
3.08,3862
3.08,3863
3.08,3864
3.08,3865
3.204,3866
3.204,3867
3.204,3868
3.204,3869
3.204,3870
3.204,3871
3.204,3872
3.204,3873
3.204,3874
3.204,3875
3.204,3876
3.204,3877
3.204,3878
3.204,3879
3.204,3880
3.204,3881
3.204,3882
3.204,3883
3.204,3884
3.204,3885
3.204,3886
3.204,3887
3.204,3888
3.204,3889
3.204,3890
3.204,3891
3.204,3892
3.204,3893
3.204,3894
3.204,3895
3.204,3896
3.821,3897
3.821,3898
3.821,3899
3.821,3900
3.821,3901
3.821,3902
3.821,3903
3.821,3904
3.821,3905
3.821,3906
3.821,3907
3.821,3908
3.821,3909
3.821,3910
3.821,3911
3.821,3912
3.821,3913
3.821,3914
3.821,3915
3.821,3916
3.821,3917
3.821,3918
3.821,3919
3.821,3920
3.821,3921
3.821,3922
3.821,3923
3.821,3924
3.821,3925
3.821,3926
3.37,3927
3.37,3928
3.37,3929
3.37,3930
3.37,3931
3.37,3932
3.37,3933
3.37,3934
3.37,3935
3.37,3936
3.37,3937
3.37,3938
3.37,3939
3.37,3940
3.37,3941
3.37,3942
3.37,3943
3.37,3944
3.37,3945
3.37,3946
3.37,3947
3.37,3948
3.37,3949
3.37,3950
3.37,3951
3.37,3952
3.37,3953
3.37,3954
3.37,3955
3.37,3956
3.37,3957
3.649,3958
3.649,3959
3.649,3960
3.649,3961
3.649,3962
3.649,3963
3.649,3964
3.649,3965
3.649,3966
3.649,3967
3.649,3968
3.649,3969
3.649,3970
3.649,3971
3.649,3972
3.649,3973
3.649,3974
3.649,3975
3.649,3976
3.649,3977
3.649,3978
3.649,3979
3.649,3980
3.649,3981
3.649,3982
3.649,3983
3.649,3984
3.649,3985
3.649,3986
3.649,3987
4.146,3988
4.146,3989
4.146,3990
4.146,3991
4.146,3992
4.146,3993
4.146,3994
4.146,3995
4.146,3996
4.146,3997
4.146,3998
4.146,3999
4.146,4000
4.146,4001
4.146,4002
4.146,4003
4.146,4004
4.146,4005
4.146,4006
4.146,4007
4.146,4008
4.146,4009
4.146,4010
4.146,4011
4.146,4012
4.146,4013
4.146,4014
4.146,4015
4.146,4016
4.146,4017
4.146,4018
4.953,4019
4.953,4020
4.953,4021
4.953,4022
4.953,4023
4.953,4024
4.953,4025
4.953,4026
4.953,4027
4.953,4028
4.953,4029
4.953,4030
4.953,4031
4.953,4032
4.953,4033
4.953,4034
4.953,4035
4.953,4036
4.953,4037
4.953,4038
4.953,4039
4.953,4040
4.953,4041
4.953,4042
4.953,4043
4.953,4044
4.953,4045
4.953,4046
4.953,4047
4.953,4048
4.953,4049
