date_idx,debt_to_equity_ratio
1,3.8787777777777777
2,3.8775555555555554
3,3.876333333333333
4,3.875111111111111
5,3.8738888888888887
6,3.8726666666666665
7,3.8714444444444442
8,3.870222222222222
9,3.8689999999999998
10,3.8677777777777775
11,3.8665555555555553
12,3.865333333333333
13,3.864111111111111
14,3.8628888888888886
15,3.8616666666666664
16,3.8604444444444446
17,3.8592222222222223
18,3.858
19,3.856777777777778
20,3.8555555555555556
21,3.8543333333333334
22,3.853111111111111
23,3.851888888888889
24,3.8506666666666667
25,3.8494444444444444
26,3.848222222222222
27,3.847
28,3.8457777777777777
29,3.8445555555555555
30,3.8433333333333333
31,3.842111111111111
32,3.840888888888889
33,3.8396666666666666
34,3.8384444444444443
35,3.837222222222222
36,3.836
37,3.8347777777777776
38,3.8335555555555554
39,3.832333333333333
40,3.831111111111111
41,3.8298888888888887
42,3.8286666666666664
43,3.827444444444444
44,3.826222222222222
45,3.825
46,3.823777777777778
47,3.8225555555555557
48,3.8213333333333335
49,3.8201111111111112
50,3.818888888888889
51,3.8176666666666668
52,3.8164444444444445
53,3.8152222222222223
54,3.814
55,3.812777777777778
56,3.8115555555555556
57,3.8103333333333333
58,3.809111111111111
59,3.807888888888889
60,3.8066666666666666
61,3.8054444444444444
62,3.804222222222222
63,3.803
64,3.8017777777777777
65,3.8005555555555555
66,3.7993333333333332
67,3.798111111111111
68,3.7968888888888888
69,3.7956666666666665
70,3.7944444444444443
71,3.793222222222222
72,3.792
73,3.7907777777777776
74,3.7895555555555553
75,3.788333333333333
76,3.7871111111111113
77,3.785888888888889
78,3.784666666666667
79,3.7834444444444446
80,3.7822222222222224
81,3.781
82,3.779777777777778
83,3.7785555555555557
84,3.7773333333333334
85,3.776111111111111
86,3.774888888888889
87,3.7736666666666667
88,3.7724444444444445
89,3.7712222222222223
90,3.77
91,3.7725274725274724
92,3.775054945054945
93,3.7775824175824178
94,3.78010989010989
95,3.7826373626373626
96,3.785164835164835
97,3.787692307692308
98,3.7902197802197803
99,3.7927472527472528
100,3.795274725274725
101,3.7978021978021976
102,3.8003296703296705
103,3.802857142857143
104,3.8053846153846154
105,3.807912087912088
106,3.8104395604395607
107,3.812967032967033
108,3.8154945054945055
109,3.818021978021978
110,3.8205494505494504
111,3.8230769230769233
112,3.8256043956043957
113,3.828131868131868
114,3.8306593406593406
115,3.8331868131868134
116,3.835714285714286
117,3.8382417582417583
118,3.8407692307692307
119,3.843296703296703
120,3.845824175824176
121,3.8483516483516484
122,3.850879120879121
123,3.8534065934065933
124,3.8559340659340657
125,3.8584615384615386
126,3.860989010989011
127,3.8635164835164835
128,3.866043956043956
129,3.8685714285714288
130,3.871098901098901
131,3.8736263736263736
132,3.876153846153846
133,3.8786813186813185
134,3.8812087912087914
135,3.883736263736264
136,3.8862637362637362
137,3.8887912087912087
138,3.8913186813186815
139,3.893846153846154
140,3.8963736263736264
141,3.898901098901099
142,3.9014285714285712
143,3.903956043956044
144,3.9064835164835165
145,3.909010989010989
146,3.9115384615384614
147,3.914065934065934
148,3.9165934065934067
149,3.919120879120879
150,3.9216483516483516
151,3.924175824175824
152,3.926703296703297
153,3.9292307692307693
154,3.9317582417582417
155,3.934285714285714
156,3.936813186813187
157,3.9393406593406595
158,3.941868131868132
159,3.9443956043956043
160,3.9469230769230768
161,3.9494505494505496
162,3.951978021978022
163,3.9545054945054945
164,3.957032967032967
165,3.9595604395604393
166,3.9620879120879122
167,3.9646153846153847
168,3.967142857142857
169,3.9696703296703295
170,3.9721978021978024
171,3.974725274725275
172,3.9772527472527472
173,3.9797802197802197
174,3.982307692307692
175,3.984835164835165
176,3.9873626373626374
177,3.98989010989011
178,3.9924175824175823
179,3.994945054945055
180,3.9974725274725276
181,4.0
182,4.000652173913044
183,4.001304347826087
184,4.001956521739131
185,4.002608695652174
186,4.003260869565217
187,4.003913043478261
188,4.004565217391304
189,4.005217391304348
190,4.005869565217392
191,4.006521739130434
192,4.007173913043478
193,4.007826086956522
194,4.008478260869565
195,4.009130434782609
196,4.0097826086956525
197,4.010434782608695
198,4.011086956521739
199,4.0117391304347825
200,4.012391304347826
201,4.01304347826087
202,4.013695652173913
203,4.014347826086956
204,4.015
205,4.015652173913043
206,4.016304347826087
207,4.0169565217391305
208,4.017608695652174
209,4.018260869565217
210,4.0189130434782605
211,4.019565217391304
212,4.020217391304348
213,4.020869565217391
214,4.021521739130435
215,4.022173913043478
216,4.022826086956521
217,4.023478260869565
218,4.024130434782609
219,4.024782608695652
220,4.025434782608696
221,4.0260869565217385
222,4.026739130434782
223,4.027391304347826
224,4.028043478260869
225,4.028695652173913
226,4.029347826086957
227,4.029999999999999
228,4.030652173913043
229,4.031304347826087
230,4.03195652173913
231,4.032608695652174
232,4.0332608695652175
233,4.033913043478261
234,4.034565217391304
235,4.035217391304347
236,4.035869565217391
237,4.036521739130435
238,4.037173913043478
239,4.037826086956522
240,4.038478260869565
241,4.039130434782608
242,4.039782608695652
243,4.0404347826086955
244,4.041086956521739
245,4.041739130434783
246,4.0423913043478255
247,4.043043478260869
248,4.043695652173913
249,4.044347826086956
250,4.045
251,4.0456521739130435
252,4.046304347826086
253,4.04695652173913
254,4.0476086956521735
255,4.048260869565217
256,4.048913043478261
257,4.049565217391304
258,4.050217391304347
259,4.050869565217391
260,4.051521739130434
261,4.052173913043478
262,4.052826086956522
263,4.053478260869565
264,4.054130434782608
265,4.0547826086956515
266,4.055434782608695
267,4.056086956521739
268,4.056739130434782
269,4.057391304347826
270,4.058043478260869
271,4.058695652173912
272,4.059347826086956
273,4.06
274,4.0589130434782605
275,4.0578260869565215
276,4.056739130434782
277,4.055652173913043
278,4.054565217391304
279,4.053478260869565
280,4.052391304347826
281,4.051304347826086
282,4.050217391304347
283,4.049130434782608
284,4.048043478260869
285,4.04695652173913
286,4.045869565217391
287,4.044782608695652
288,4.043695652173913
289,4.042608695652174
290,4.0415217391304346
291,4.0404347826086955
292,4.039347826086956
293,4.038260869565217
294,4.037173913043478
295,4.036086956521739
296,4.035
297,4.03391304347826
298,4.032826086956521
299,4.031739130434782
300,4.030652173913043
301,4.029565217391304
302,4.028478260869565
303,4.027391304347826
304,4.026304347826087
305,4.025217391304348
306,4.024130434782609
307,4.0230434782608695
308,4.02195652173913
309,4.020869565217391
310,4.019782608695652
311,4.018695652173913
312,4.017608695652173
313,4.016521739130434
314,4.015434782608695
315,4.014347826086956
316,4.013260869565217
317,4.012173913043478
318,4.011086956521739
319,4.01
320,4.008913043478261
321,4.007826086956522
322,4.006739130434783
323,4.0056521739130435
324,4.004565217391304
325,4.003478260869565
326,4.002391304347826
327,4.001304347826086
328,4.000217391304347
329,3.9991304347826087
330,3.9980434782608696
331,3.99695652173913
332,3.995869565217391
333,3.994782608695652
334,3.993695652173913
335,3.992608695652174
336,3.9915217391304347
337,3.9904347826086957
338,3.9893478260869566
339,3.988260869565217
340,3.987173913043478
341,3.986086956521739
342,3.985
343,3.983913043478261
344,3.9828260869565217
345,3.9817391304347827
346,3.980652173913043
347,3.979565217391304
348,3.978478260869565
349,3.977391304347826
350,3.976304347826087
351,3.975217391304348
352,3.9741304347826087
353,3.9730434782608697
354,3.97195652173913
355,3.970869565217391
356,3.969782608695652
357,3.968695652173913
358,3.967608695652174
359,3.966521739130435
360,3.9654347826086958
361,3.9643478260869567
362,3.963260869565217
363,3.962173913043478
364,3.961086956521739
365,3.96
366,3.9615555555555555
367,3.963111111111111
368,3.9646666666666666
369,3.966222222222222
370,3.9677777777777776
371,3.969333333333333
372,3.9708888888888887
373,3.9724444444444442
374,3.9739999999999998
375,3.9755555555555553
376,3.977111111111111
377,3.978666666666667
378,3.9802222222222223
379,3.981777777777778
380,3.9833333333333334
381,3.984888888888889
382,3.9864444444444445
383,3.988
384,3.9895555555555555
385,3.991111111111111
386,3.9926666666666666
387,3.994222222222222
388,3.9957777777777777
389,3.997333333333333
390,3.9988888888888887
391,4.000444444444445
392,4.002
393,4.003555555555556
394,4.005111111111111
395,4.006666666666667
396,4.008222222222222
397,4.009777777777778
398,4.011333333333333
399,4.012888888888889
400,4.014444444444444
401,4.016
402,4.017555555555555
403,4.019111111111111
404,4.020666666666666
405,4.022222222222222
406,4.023777777777777
407,4.025333333333333
408,4.026888888888888
409,4.028444444444444
410,4.029999999999999
411,4.031555555555555
412,4.033111111111111
413,4.034666666666666
414,4.036222222222222
415,4.0377777777777775
416,4.039333333333333
417,4.0408888888888885
418,4.0424444444444445
419,4.044
420,4.045555555555556
421,4.047111111111111
422,4.048666666666667
423,4.050222222222222
424,4.051777777777778
425,4.053333333333333
426,4.054888888888889
427,4.056444444444444
428,4.058
429,4.059555555555555
430,4.061111111111111
431,4.062666666666666
432,4.064222222222222
433,4.065777777777778
434,4.067333333333333
435,4.068888888888889
436,4.070444444444444
437,4.072
438,4.073555555555555
439,4.075111111111111
440,4.076666666666666
441,4.078222222222222
442,4.079777777777777
443,4.081333333333333
444,4.082888888888888
445,4.084444444444444
446,4.085999999999999
447,4.087555555555555
448,4.0891111111111105
449,4.0906666666666665
450,4.0922222222222215
451,4.0937777777777775
452,4.095333333333333
453,4.096888888888889
454,4.098444444444444
455,4.1
456,4.105714285714285
457,4.111428571428571
458,4.1171428571428565
459,4.122857142857143
460,4.128571428571428
461,4.134285714285714
462,4.14
463,4.145714285714285
464,4.151428571428571
465,4.157142857142857
466,4.162857142857143
467,4.168571428571428
468,4.174285714285714
469,4.18
470,4.185714285714285
471,4.191428571428571
472,4.197142857142857
473,4.202857142857143
474,4.208571428571428
475,4.214285714285714
476,4.22
477,4.225714285714285
478,4.231428571428571
479,4.237142857142857
480,4.242857142857143
481,4.248571428571428
482,4.2542857142857144
483,4.26
484,4.265714285714285
485,4.271428571428571
486,4.277142857142857
487,4.282857142857143
488,4.288571428571428
489,4.2942857142857145
490,4.3
491,4.305714285714285
492,4.311428571428571
493,4.317142857142857
494,4.322857142857143
495,4.328571428571428
496,4.3342857142857145
497,4.34
498,4.345714285714285
499,4.351428571428571
500,4.357142857142857
501,4.362857142857143
502,4.368571428571428
503,4.3742857142857146
504,4.38
505,4.385714285714285
506,4.3914285714285715
507,4.397142857142857
508,4.402857142857143
509,4.408571428571428
510,4.414285714285715
511,4.42
512,4.425714285714285
513,4.4314285714285715
514,4.437142857142857
515,4.442857142857143
516,4.448571428571428
517,4.454285714285715
518,4.46
519,4.465714285714285
520,4.4714285714285715
521,4.477142857142857
522,4.482857142857143
523,4.488571428571428
524,4.494285714285715
525,4.5
526,4.505714285714285
527,4.511428571428572
528,4.517142857142857
529,4.522857142857143
530,4.5285714285714285
531,4.534285714285715
532,4.54
533,4.545714285714285
534,4.551428571428572
535,4.557142857142857
536,4.562857142857143
537,4.5685714285714285
538,4.574285714285715
539,4.58
540,4.585714285714285
541,4.591428571428572
542,4.597142857142857
543,4.602857142857143
544,4.6085714285714285
545,4.614285714285715
546,4.62
547,4.621847826086957
548,4.623695652173913
549,4.6255434782608695
550,4.627391304347826
551,4.629239130434783
552,4.631086956521739
553,4.632934782608696
554,4.6347826086956525
555,4.636630434782608
556,4.638478260869565
557,4.640326086956522
558,4.642173913043479
559,4.644021739130435
560,4.645869565217391
561,4.647717391304348
562,4.649565217391304
563,4.651413043478261
564,4.653260869565218
565,4.655108695652174
566,4.65695652173913
567,4.658804347826087
568,4.660652173913044
569,4.6625
570,4.664347826086956
571,4.666195652173913
572,4.66804347826087
573,4.669891304347826
574,4.671739130434783
575,4.673586956521739
576,4.675434782608696
577,4.677282608695652
578,4.679130434782609
579,4.680978260869566
580,4.6828260869565215
581,4.684673913043478
582,4.686521739130435
583,4.688369565217392
584,4.690217391304348
585,4.692065217391304
586,4.693913043478261
587,4.695760869565217
588,4.697608695652174
589,4.699456521739131
590,4.701304347826087
591,4.703152173913043
592,4.705
593,4.706847826086957
594,4.708695652173913
595,4.7105434782608695
596,4.712391304347826
597,4.714239130434783
598,4.716086956521739
599,4.717934782608696
600,4.7197826086956525
601,4.721630434782608
602,4.723478260869565
603,4.725326086956522
604,4.727173913043479
605,4.7290217391304346
606,4.730869565217391
607,4.732717391304348
608,4.734565217391304
609,4.736413043478261
610,4.7382608695652175
611,4.740108695652174
612,4.74195652173913
613,4.743804347826087
614,4.745652173913044
615,4.7475000000000005
616,4.749347826086956
617,4.751195652173913
618,4.75304347826087
619,4.754891304347826
620,4.756739130434783
621,4.758586956521739
622,4.760434782608696
623,4.762282608695652
624,4.764130434782609
625,4.7659782608695656
626,4.767826086956521
627,4.769673913043478
628,4.771521739130435
629,4.773369565217392
630,4.775217391304348
631,4.777065217391304
632,4.778913043478261
633,4.780760869565217
634,4.782608695652174
635,4.784456521739131
636,4.786304347826087
637,4.788152173913043
638,4.79
639,4.790760869565218
640,4.7915217391304346
641,4.792282608695652
642,4.79304347826087
643,4.793804347826087
644,4.7945652173913045
645,4.795326086956522
646,4.796086956521739
647,4.796847826086957
648,4.797608695652174
649,4.798369565217391
650,4.799130434782609
651,4.799891304347826
652,4.800652173913043
653,4.801413043478261
654,4.802173913043478
655,4.802934782608696
656,4.803695652173913
657,4.80445652173913
658,4.805217391304348
659,4.805978260869566
660,4.806739130434782
661,4.8075
662,4.808260869565218
663,4.809021739130435
664,4.809782608695652
665,4.81054347826087
666,4.811304347826087
667,4.8120652173913046
668,4.812826086956522
669,4.813586956521739
670,4.814347826086957
671,4.8151086956521745
672,4.815869565217391
673,4.816630434782609
674,4.817391304347826
675,4.8181521739130435
676,4.818913043478261
677,4.819673913043478
678,4.820434782608696
679,4.821195652173913
680,4.82195652173913
681,4.822717391304348
682,4.823478260869566
683,4.8242391304347825
684,4.825
685,4.825760869565218
686,4.826521739130435
687,4.827282608695652
688,4.82804347826087
689,4.828804347826087
690,4.829565217391305
691,4.830326086956522
692,4.831086956521739
693,4.831847826086957
694,4.8326086956521745
695,4.833369565217391
696,4.834130434782609
697,4.834891304347826
698,4.835652173913044
699,4.836413043478261
700,4.837173913043478
701,4.837934782608696
702,4.8386956521739135
703,4.83945652173913
704,4.840217391304348
705,4.840978260869566
706,4.8417391304347825
707,4.8425
708,4.843260869565218
709,4.844021739130435
710,4.8447826086956525
711,4.84554347826087
712,4.846304347826087
713,4.847065217391305
714,4.847826086956522
715,4.848586956521739
716,4.849347826086957
717,4.850108695652175
718,4.850869565217391
719,4.851630434782609
720,4.852391304347826
721,4.853152173913044
722,4.853913043478261
723,4.854673913043478
724,4.855434782608696
725,4.856195652173914
726,4.85695652173913
727,4.857717391304348
728,4.858478260869566
729,4.859239130434783
730,4.86
731,4.86
732,4.86
733,4.86
734,4.86
735,4.86
736,4.86
737,4.86
738,4.86
739,4.86
740,4.86
741,4.86
742,4.86
743,4.86
744,4.86
745,4.86
746,4.86
747,4.86
748,4.86
749,4.86
750,4.86
751,4.86
752,4.86
753,4.86
754,4.86
755,4.86
756,4.86
757,4.86
758,4.86
759,4.86
760,4.86
761,4.86
762,4.86
763,4.86
764,4.86
765,4.86
766,4.86
767,4.86
768,4.86
769,4.86
770,4.86
771,4.86
772,4.86
773,4.86
774,4.86
775,4.86
776,4.86
777,4.86
778,4.86
779,4.86
780,4.86
781,4.86
782,4.86
783,4.86
784,4.86
785,4.86
786,4.86
787,4.86
788,4.86
789,4.86
790,4.86
791,4.86
792,4.86
793,4.86
794,4.86
795,4.86
796,4.86
797,4.86
798,4.86
799,4.86
800,4.86
801,4.86
802,4.86
803,4.86
804,4.86
805,4.86
806,4.86
807,4.86
808,4.86
809,4.86
810,4.86
811,4.86
812,4.86
813,4.86
814,4.86
815,4.86
816,4.86
817,4.86
818,4.86
819,4.86
820,4.86
821,4.86
822,4.860439560439561
823,4.8608791208791216
824,4.861318681318681
825,4.861758241758242
826,4.8621978021978025
827,4.862637362637363
828,4.863076923076924
829,4.8635164835164835
830,4.863956043956044
831,4.864395604395605
832,4.864835164835165
833,4.865274725274726
834,4.865714285714286
835,4.866153846153846
836,4.866593406593407
837,4.8670329670329675
838,4.867472527472528
839,4.867912087912088
840,4.8683516483516485
841,4.868791208791209
842,4.86923076923077
843,4.86967032967033
844,4.87010989010989
845,4.870549450549451
846,4.870989010989011
847,4.871428571428572
848,4.8718681318681325
849,4.872307692307692
850,4.872747252747253
851,4.8731868131868135
852,4.873626373626374
853,4.874065934065935
854,4.874505494505494
855,4.874945054945055
856,4.875384615384616
857,4.875824175824176
858,4.876263736263737
859,4.876703296703297
860,4.877142857142857
861,4.877582417582418
862,4.8780219780219785
863,4.878461538461539
864,4.878901098901099
865,4.879340659340659
866,4.87978021978022
867,4.880219780219781
868,4.880659340659341
869,4.881098901098902
870,4.881538461538462
871,4.881978021978022
872,4.882417582417583
873,4.8828571428571435
874,4.883296703296704
875,4.883736263736264
876,4.884175824175824
877,4.884615384615385
878,4.885054945054946
879,4.885494505494506
880,4.885934065934066
881,4.886373626373627
882,4.886813186813187
883,4.887252747252748
884,4.8876923076923084
885,4.888131868131868
886,4.888571428571429
887,4.889010989010989
888,4.88945054945055
889,4.889890109890111
890,4.89032967032967
891,4.890769230769231
892,4.891208791208792
893,4.891648351648352
894,4.892087912087913
895,4.8925274725274726
896,4.892967032967033
897,4.893406593406594
898,4.893846153846154
899,4.894285714285715
900,4.894725274725275
901,4.895164835164835
902,4.895604395604396
903,4.896043956043957
904,4.896483516483517
905,4.896923076923077
906,4.8973626373626375
907,4.897802197802198
908,4.898241758241759
909,4.898681318681319
910,4.899120879120879
911,4.89956043956044
912,4.9
913,4.90054347826087
914,4.901086956521739
915,4.901630434782609
916,4.9021739130434785
917,4.902717391304348
918,4.903260869565218
919,4.903804347826087
920,4.904347826086957
921,4.904891304347826
922,4.905434782608696
923,4.905978260869565
924,4.906521739130435
925,4.907065217391304
926,4.907608695652174
927,4.908152173913043
928,4.908695652173914
929,4.909239130434783
930,4.909782608695653
931,4.910326086956522
932,4.910869565217392
933,4.9114130434782615
934,4.911956521739131
935,4.9125000000000005
936,4.91304347826087
937,4.91358695652174
938,4.914130434782609
939,4.914673913043479
940,4.915217391304348
941,4.915760869565218
942,4.916304347826087
943,4.916847826086957
944,4.917391304347826
945,4.917934782608696
946,4.918478260869565
947,4.919021739130435
948,4.9195652173913045
949,4.920108695652174
950,4.9206521739130435
951,4.921195652173913
952,4.921739130434783
953,4.922282608695652
954,4.922826086956522
955,4.923369565217391
956,4.923913043478261
957,4.92445652173913
958,4.925000000000001
959,4.92554347826087
960,4.92608695652174
961,4.926630434782609
962,4.927173913043479
963,4.927717391304348
964,4.928260869565218
965,4.9288043478260875
966,4.929347826086957
967,4.9298913043478265
968,4.930434782608696
969,4.930978260869566
970,4.931521739130435
971,4.932065217391305
972,4.932608695652174
973,4.933152173913044
974,4.933695652173913
975,4.934239130434783
976,4.934782608695652
977,4.935326086956522
978,4.935869565217391
979,4.936413043478261
980,4.9369565217391305
981,4.9375
982,4.9380434782608695
983,4.938586956521739
984,4.939130434782609
985,4.939673913043478
986,4.940217391304348
987,4.940760869565217
988,4.941304347826087
989,4.941847826086957
990,4.942391304347827
991,4.942934782608696
992,4.943478260869566
993,4.944021739130435
994,4.944565217391305
995,4.945108695652174
996,4.945652173913044
997,4.946195652173913
998,4.946739130434783
999,4.9472826086956525
1000,4.947826086956522
1001,4.948369565217392
1002,4.948913043478261
1003,4.949456521739131
1004,4.95
1005,4.9534782608695656
1006,4.956956521739131
1007,4.960434782608695
1008,4.963913043478261
1009,4.967391304347826
1010,4.9708695652173915
1011,4.974347826086957
1012,4.977826086956522
1013,4.981304347826087
1014,4.984782608695652
1015,4.9882608695652175
1016,4.991739130434783
1017,4.995217391304348
1018,4.998695652173913
1019,5.002173913043478
1020,5.0056521739130435
1021,5.009130434782609
1022,5.012608695652174
1023,5.01608695652174
1024,5.019565217391304
1025,5.0230434782608695
1026,5.026521739130435
1027,5.03
1028,5.033478260869566
1029,5.03695652173913
1030,5.0404347826086955
1031,5.043913043478261
1032,5.047391304347826
1033,5.050869565217392
1034,5.054347826086956
1035,5.0578260869565215
1036,5.061304347826087
1037,5.064782608695652
1038,5.068260869565218
1039,5.071739130434783
1040,5.0752173913043475
1041,5.078695652173913
1042,5.082173913043478
1043,5.085652173913044
1044,5.089130434782609
1045,5.0926086956521734
1046,5.096086956521739
1047,5.099565217391304
1048,5.10304347826087
1049,5.106521739130435
1050,5.109999999999999
1051,5.113478260869565
1052,5.11695652173913
1053,5.120434782608696
1054,5.123913043478261
1055,5.127391304347826
1056,5.130869565217391
1057,5.134347826086956
1058,5.1378260869565215
1059,5.141304347826087
1060,5.144782608695652
1061,5.148260869565217
1062,5.151739130434782
1063,5.1552173913043475
1064,5.158695652173913
1065,5.162173913043478
1066,5.165652173913044
1067,5.169130434782608
1068,5.1726086956521735
1069,5.176086956521739
1070,5.179565217391304
1071,5.18304347826087
1072,5.186521739130434
1073,5.1899999999999995
1074,5.193478260869565
1075,5.19695652173913
1076,5.200434782608696
1077,5.203913043478261
1078,5.2073913043478255
1079,5.210869565217391
1080,5.214347826086956
1081,5.217826086956522
1082,5.221304347826087
1083,5.2247826086956515
1084,5.228260869565217
1085,5.231739130434782
1086,5.235217391304348
1087,5.238695652173913
1088,5.242173913043478
1089,5.245652173913043
1090,5.249130434782608
1091,5.252608695652174
1092,5.256086956521739
1093,5.259565217391304
1094,5.263043478260869
1095,5.266521739130434
1096,5.27
1097,5.273
1098,5.276
1099,5.279
1100,5.282
1101,5.284999999999999
1102,5.287999999999999
1103,5.2909999999999995
1104,5.294
1105,5.297
1106,5.3
1107,5.303
1108,5.306
1109,5.308999999999999
1110,5.311999999999999
1111,5.3149999999999995
1112,5.318
1113,5.321
1114,5.324
1115,5.327
1116,5.33
1117,5.332999999999999
1118,5.335999999999999
1119,5.3389999999999995
1120,5.342
1121,5.345
1122,5.348
1123,5.351
1124,5.354
1125,5.356999999999999
1126,5.359999999999999
1127,5.3629999999999995
1128,5.366
1129,5.369
1130,5.372
1131,5.375
1132,5.378
1133,5.380999999999999
1134,5.3839999999999995
1135,5.387
1136,5.39
1137,5.393
1138,5.396
1139,5.399
1140,5.402
1141,5.404999999999999
1142,5.4079999999999995
1143,5.411
1144,5.414
1145,5.417
1146,5.42
1147,5.423
1148,5.426
1149,5.429
1150,5.4319999999999995
1151,5.435
1152,5.438
1153,5.441
1154,5.444
1155,5.447
1156,5.45
1157,5.453
1158,5.4559999999999995
1159,5.459
1160,5.462
1161,5.465
1162,5.468
1163,5.471
1164,5.474
1165,5.477
1166,5.4799999999999995
1167,5.483
1168,5.486
1169,5.489
1170,5.492
1171,5.495
1172,5.498
1173,5.501
1174,5.504
1175,5.507
1176,5.51
1177,5.513
1178,5.516
1179,5.519
1180,5.522
1181,5.525
1182,5.5280000000000005
1183,5.531
1184,5.534
1185,5.537
1186,5.54
1187,5.547472527472528
1188,5.554945054945055
1189,5.5624175824175826
1190,5.56989010989011
1191,5.577362637362637
1192,5.584835164835165
1193,5.592307692307692
1194,5.59978021978022
1195,5.607252747252748
1196,5.6147252747252745
1197,5.622197802197802
1198,5.62967032967033
1199,5.637142857142857
1200,5.644615384615385
1201,5.652087912087912
1202,5.6595604395604395
1203,5.667032967032967
1204,5.674505494505494
1205,5.681978021978022
1206,5.68945054945055
1207,5.696923076923077
1208,5.704395604395605
1209,5.7118681318681315
1210,5.719340659340659
1211,5.726813186813187
1212,5.734285714285714
1213,5.741758241758242
1214,5.74923076923077
1215,5.7567032967032965
1216,5.764175824175824
1217,5.771648351648351
1218,5.779120879120879
1219,5.786593406593407
1220,5.794065934065934
1221,5.8015384615384615
1222,5.809010989010989
1223,5.816483516483516
1224,5.823956043956044
1225,5.831428571428571
1226,5.838901098901099
1227,5.846373626373627
1228,5.8538461538461535
1229,5.861318681318681
1230,5.868791208791209
1231,5.876263736263736
1232,5.883736263736264
1233,5.891208791208791
1234,5.8986813186813185
1235,5.906153846153846
1236,5.913626373626373
1237,5.921098901098901
1238,5.928571428571429
1239,5.936043956043956
1240,5.9435164835164835
1241,5.9509890109890105
1242,5.958461538461538
1243,5.965934065934066
1244,5.973406593406593
1245,5.980879120879121
1246,5.988351648351649
1247,5.9958241758241755
1248,6.003296703296703
1249,6.01076923076923
1250,6.018241758241758
1251,6.025714285714286
1252,6.033186813186813
1253,6.0406593406593405
1254,6.048131868131868
1255,6.055604395604395
1256,6.063076923076923
1257,6.07054945054945
1258,6.078021978021978
1259,6.0854945054945055
1260,6.0929670329670325
1261,6.10043956043956
1262,6.107912087912088
1263,6.115384615384615
1264,6.122857142857143
1265,6.130329670329671
1266,6.1378021978021975
1267,6.145274725274725
1268,6.152747252747252
1269,6.16021978021978
1270,6.167692307692308
1271,6.175164835164835
1272,6.1826373626373625
1273,6.190109890109889
1274,6.197582417582417
1275,6.205054945054945
1276,6.212527472527472
1277,6.22
1278,6.220978260869565
1279,6.221956521739131
1280,6.222934782608696
1281,6.223913043478261
1282,6.224891304347826
1283,6.225869565217391
1284,6.226847826086956
1285,6.227826086956521
1286,6.228804347826086
1287,6.229782608695652
1288,6.230760869565217
1289,6.231739130434782
1290,6.232717391304347
1291,6.233695652173913
1292,6.234673913043478
1293,6.235652173913043
1294,6.236630434782608
1295,6.237608695652174
1296,6.238586956521739
1297,6.239565217391304
1298,6.240543478260869
1299,6.241521739130435
1300,6.2425
1301,6.243478260869565
1302,6.244456521739131
1303,6.245434782608696
1304,6.2464130434782605
1305,6.2473913043478255
1306,6.248369565217391
1307,6.249347826086956
1308,6.250326086956521
1309,6.251304347826086
1310,6.252282608695652
1311,6.253260869565217
1312,6.254239130434782
1313,6.255217391304347
1314,6.256195652173913
1315,6.257173913043478
1316,6.258152173913043
1317,6.259130434782608
1318,6.260108695652174
1319,6.261086956521739
1320,6.262065217391304
1321,6.263043478260869
1322,6.264021739130435
1323,6.265
1324,6.265978260869565
1325,6.2669565217391305
1326,6.2679347826086955
1327,6.2689130434782605
1328,6.2698913043478255
1329,6.270869565217391
1330,6.271847826086956
1331,6.272826086956521
1332,6.273804347826086
1333,6.274782608695652
1334,6.275760869565217
1335,6.276739130434782
1336,6.277717391304347
1337,6.278695652173913
1338,6.279673913043478
1339,6.280652173913043
1340,6.281630434782608
1341,6.282608695652174
1342,6.283586956521739
1343,6.284565217391304
1344,6.285543478260869
1345,6.286521739130435
1346,6.2875
1347,6.288478260869565
1348,6.2894565217391305
1349,6.2904347826086955
1350,6.2914130434782605
1351,6.2923913043478255
1352,6.293369565217391
1353,6.294347826086956
1354,6.295326086956521
1355,6.296304347826086
1356,6.297282608695652
1357,6.298260869565217
1358,6.299239130434782
1359,6.300217391304347
1360,6.301195652173913
1361,6.302173913043478
1362,6.303152173913043
1363,6.304130434782608
1364,6.305108695652174
1365,6.306086956521739
1366,6.307065217391304
1367,6.308043478260869
1368,6.309021739130435
1369,6.31
1370,6.313260869565217
1371,6.316521739130434
1372,6.319782608695652
1373,6.323043478260869
1374,6.3263043478260865
1375,6.329565217391304
1376,6.332826086956522
1377,6.336086956521739
1378,6.339347826086956
1379,6.3426086956521734
1380,6.345869565217391
1381,6.349130434782609
1382,6.352391304347826
1383,6.355652173913043
1384,6.35891304347826
1385,6.362173913043478
1386,6.365434782608696
1387,6.368695652173913
1388,6.37195652173913
1389,6.375217391304347
1390,6.378478260869565
1391,6.381739130434783
1392,6.385
1393,6.388260869565217
1394,6.391521739130434
1395,6.394782608695652
1396,6.3980434782608695
1397,6.401304347826087
1398,6.404565217391304
1399,6.407826086956522
1400,6.411086956521739
1401,6.414347826086956
1402,6.417608695652174
1403,6.420869565217391
1404,6.424130434782609
1405,6.427391304347826
1406,6.430652173913043
1407,6.4339130434782605
1408,6.437173913043478
1409,6.440434782608696
1410,6.443695652173913
1411,6.44695652173913
1412,6.4502173913043475
1413,6.4534782608695656
1414,6.456739130434783
1415,6.46
1416,6.463260869565217
1417,6.466521739130434
1418,6.4697826086956525
1419,6.47304347826087
1420,6.476304347826087
1421,6.479565217391304
1422,6.482826086956522
1423,6.486086956521739
1424,6.489347826086957
1425,6.492608695652174
1426,6.495869565217391
1427,6.499130434782609
1428,6.502391304347826
1429,6.5056521739130435
1430,6.508913043478261
1431,6.512173913043478
1432,6.515434782608696
1433,6.518695652173913
1434,6.52195652173913
1435,6.525217391304348
1436,6.528478260869566
1437,6.531739130434783
1438,6.535
1439,6.538260869565217
1440,6.5415217391304346
1441,6.544782608695653
1442,6.54804347826087
1443,6.551304347826087
1444,6.554565217391304
1445,6.557826086956522
1446,6.56108695652174
1447,6.564347826086957
1448,6.567608695652174
1449,6.570869565217391
1450,6.574130434782609
1451,6.5773913043478265
1452,6.580652173913044
1453,6.583913043478261
1454,6.587173913043479
1455,6.590434782608696
1456,6.593695652173913
1457,6.596956521739131
1458,6.600217391304348
1459,6.603478260869566
1460,6.606739130434783
1461,6.61
1462,6.610888888888889
1463,6.611777777777778
1464,6.612666666666667
1465,6.613555555555556
1466,6.614444444444445
1467,6.615333333333334
1468,6.6162222222222224
1469,6.617111111111112
1470,6.618
1471,6.618888888888889
1472,6.619777777777778
1473,6.620666666666667
1474,6.621555555555556
1475,6.622444444444445
1476,6.623333333333334
1477,6.6242222222222225
1478,6.625111111111112
1479,6.626
1480,6.626888888888889
1481,6.627777777777778
1482,6.628666666666667
1483,6.629555555555556
1484,6.630444444444445
1485,6.631333333333334
1486,6.6322222222222225
1487,6.633111111111112
1488,6.634
1489,6.634888888888889
1490,6.635777777777778
1491,6.636666666666667
1492,6.637555555555556
1493,6.638444444444445
1494,6.639333333333334
1495,6.6402222222222225
1496,6.641111111111112
1497,6.642
1498,6.642888888888889
1499,6.643777777777778
1500,6.644666666666667
1501,6.645555555555556
1502,6.646444444444445
1503,6.647333333333334
1504,6.6482222222222225
1505,6.649111111111112
1506,6.65
1507,6.650888888888889
1508,6.651777777777778
1509,6.652666666666667
1510,6.653555555555556
1511,6.654444444444445
1512,6.655333333333334
1513,6.6562222222222225
1514,6.657111111111112
1515,6.658
1516,6.658888888888889
1517,6.659777777777778
1518,6.660666666666667
1519,6.661555555555556
1520,6.662444444444445
1521,6.663333333333334
1522,6.6642222222222225
1523,6.665111111111112
1524,6.666
1525,6.666888888888889
1526,6.667777777777778
1527,6.668666666666667
1528,6.669555555555556
1529,6.670444444444445
1530,6.671333333333334
1531,6.6722222222222225
1532,6.673111111111112
1533,6.674
1534,6.674888888888889
1535,6.675777777777778
1536,6.676666666666667
1537,6.677555555555556
1538,6.678444444444445
1539,6.679333333333334
1540,6.6802222222222225
1541,6.681111111111112
1542,6.682
1543,6.682888888888889
1544,6.683777777777778
1545,6.684666666666667
1546,6.685555555555556
1547,6.686444444444445
1548,6.687333333333334
1549,6.6882222222222225
1550,6.689111111111112
1551,6.69
1552,6.692857142857143
1553,6.695714285714286
1554,6.698571428571429
1555,6.701428571428572
1556,6.704285714285715
1557,6.707142857142857
1558,6.71
1559,6.7128571428571435
1560,6.715714285714286
1561,6.718571428571429
1562,6.7214285714285715
1563,6.724285714285715
1564,6.727142857142858
1565,6.73
1566,6.732857142857143
1567,6.735714285714286
1568,6.738571428571429
1569,6.741428571428572
1570,6.744285714285715
1571,6.747142857142857
1572,6.75
1573,6.752857142857144
1574,6.755714285714286
1575,6.758571428571429
1576,6.761428571428572
1577,6.764285714285714
1578,6.767142857142858
1579,6.7700000000000005
1580,6.772857142857143
1581,6.775714285714286
1582,6.7785714285714285
1583,6.781428571428572
1584,6.784285714285715
1585,6.787142857142857
1586,6.79
1587,6.792857142857144
1588,6.795714285714286
1589,6.798571428571429
1590,6.801428571428572
1591,6.804285714285714
1592,6.807142857142858
1593,6.8100000000000005
1594,6.812857142857143
1595,6.815714285714286
1596,6.8185714285714285
1597,6.821428571428572
1598,6.824285714285715
1599,6.827142857142857
1600,6.83
1601,6.832857142857143
1602,6.835714285714286
1603,6.838571428571429
1604,6.841428571428572
1605,6.844285714285714
1606,6.847142857142858
1607,6.8500000000000005
1608,6.852857142857143
1609,6.855714285714286
1610,6.8585714285714285
1611,6.861428571428572
1612,6.864285714285715
1613,6.867142857142857
1614,6.87
1615,6.872857142857143
1616,6.875714285714286
1617,6.878571428571429
1618,6.881428571428572
1619,6.884285714285714
1620,6.887142857142857
1621,6.890000000000001
1622,6.892857142857143
1623,6.895714285714286
1624,6.898571428571429
1625,6.901428571428571
1626,6.904285714285715
1627,6.9071428571428575
1628,6.91
1629,6.912857142857143
1630,6.9157142857142855
1631,6.918571428571429
1632,6.921428571428572
1633,6.924285714285714
1634,6.927142857142857
1635,6.930000000000001
1636,6.932857142857143
1637,6.935714285714286
1638,6.938571428571429
1639,6.941428571428571
1640,6.944285714285715
1641,6.9471428571428575
1642,6.95
1643,6.950217391304348
1644,6.950434782608696
1645,6.950652173913044
1646,6.950869565217391
1647,6.951086956521739
1648,6.951304347826087
1649,6.951521739130435
1650,6.951739130434783
1651,6.95195652173913
1652,6.952173913043478
1653,6.9523913043478265
1654,6.952608695652174
1655,6.952826086956522
1656,6.95304347826087
1657,6.953260869565217
1658,6.9534782608695656
1659,6.953695652173913
1660,6.953913043478261
1661,6.954130434782609
1662,6.9543478260869565
1663,6.954565217391305
1664,6.954782608695652
1665,6.955
1666,6.955217391304348
1667,6.9554347826086955
1668,6.955652173913044
1669,6.955869565217391
1670,6.956086956521739
1671,6.956304347826087
1672,6.956521739130435
1673,6.956739130434783
1674,6.95695652173913
1675,6.957173913043478
1676,6.957391304347826
1677,6.957608695652174
1678,6.957826086956522
1679,6.95804347826087
1680,6.958260869565217
1681,6.9584782608695654
1682,6.958695652173913
1683,6.958913043478261
1684,6.959130434782609
1685,6.959347826086956
1686,6.9595652173913045
1687,6.959782608695652
1688,6.96
1689,6.960217391304348
1690,6.960434782608695
1691,6.960652173913044
1692,6.960869565217391
1693,6.961086956521739
1694,6.961304347826087
1695,6.9615217391304345
1696,6.961739130434783
1697,6.96195652173913
1698,6.962173913043478
1699,6.962391304347826
1700,6.9626086956521736
1701,6.962826086956522
1702,6.96304347826087
1703,6.963260869565217
1704,6.963478260869565
1705,6.963695652173913
1706,6.963913043478261
1707,6.964130434782609
1708,6.964347826086956
1709,6.964565217391304
1710,6.964782608695652
1711,6.965
1712,6.965217391304348
1713,6.965434782608695
1714,6.9656521739130435
1715,6.965869565217391
1716,6.966086956521739
1717,6.966304347826087
1718,6.966521739130434
1719,6.9667391304347825
1720,6.96695652173913
1721,6.967173913043478
1722,6.967391304347826
1723,6.9676086956521734
1724,6.967826086956522
1725,6.96804347826087
1726,6.968260869565217
1727,6.968478260869565
1728,6.9686956521739125
1729,6.968913043478261
1730,6.969130434782609
1731,6.969347826086956
1732,6.969565217391304
1733,6.969782608695652
1734,6.97
1735,6.971195652173913
1736,6.972391304347826
1737,6.973586956521739
1738,6.974782608695652
1739,6.975978260869565
1740,6.977173913043478
1741,6.978369565217391
1742,6.979565217391304
1743,6.980760869565217
1744,6.98195652173913
1745,6.9831521739130435
1746,6.984347826086957
1747,6.985543478260869
1748,6.986739130434782
1749,6.987934782608695
1750,6.989130434782608
1751,6.990326086956522
1752,6.991521739130435
1753,6.992717391304348
1754,6.993913043478261
1755,6.995108695652173
1756,6.9963043478260865
1757,6.9975
1758,6.998695652173913
1759,6.999891304347826
1760,7.001086956521739
1761,7.002282608695652
1762,7.003478260869565
1763,7.0046739130434785
1764,7.005869565217391
1765,7.007065217391304
1766,7.008260869565217
1767,7.00945652173913
1768,7.010652173913043
1769,7.011847826086957
1770,7.01304347826087
1771,7.014239130434783
1772,7.015434782608695
1773,7.016630434782608
1774,7.017826086956521
1775,7.019021739130435
1776,7.020217391304348
1777,7.021413043478261
1778,7.022608695652174
1779,7.023804347826087
1780,7.025
1781,7.026195652173913
1782,7.027391304347826
1783,7.028586956521739
1784,7.029782608695652
1785,7.030978260869565
1786,7.032173913043478
1787,7.0333695652173915
1788,7.034565217391305
1789,7.035760869565217
1790,7.03695652173913
1791,7.038152173913043
1792,7.039347826086956
1793,7.04054347826087
1794,7.041739130434783
1795,7.042934782608696
1796,7.044130434782609
1797,7.045326086956521
1798,7.0465217391304344
1799,7.047717391304348
1800,7.048913043478261
1801,7.050108695652174
1802,7.051304347826087
1803,7.0525
1804,7.053695652173913
1805,7.0548913043478265
1806,7.056086956521739
1807,7.057282608695652
1808,7.058478260869565
1809,7.059673913043478
1810,7.060869565217391
1811,7.0620652173913046
1812,7.063260869565218
1813,7.064456521739131
1814,7.065652173913043
1815,7.066847826086956
1816,7.068043478260869
1817,7.069239130434783
1818,7.070434782608696
1819,7.071630434782609
1820,7.072826086956522
1821,7.074021739130435
1822,7.0752173913043475
1823,7.076413043478261
1824,7.077608695652174
1825,7.078804347826087
1826,7.08
1827,7.082888888888889
1828,7.0857777777777775
1829,7.088666666666667
1830,7.091555555555556
1831,7.094444444444444
1832,7.097333333333333
1833,7.100222222222222
1834,7.103111111111112
1835,7.106
1836,7.108888888888889
1837,7.111777777777778
1838,7.1146666666666665
1839,7.117555555555556
1840,7.120444444444445
1841,7.123333333333333
1842,7.126222222222222
1843,7.129111111111111
1844,7.132
1845,7.134888888888889
1846,7.137777777777778
1847,7.140666666666666
1848,7.143555555555555
1849,7.146444444444445
1850,7.149333333333334
1851,7.152222222222222
1852,7.155111111111111
1853,7.158
1854,7.160888888888889
1855,7.163777777777778
1856,7.166666666666667
1857,7.169555555555555
1858,7.172444444444444
1859,7.175333333333334
1860,7.178222222222222
1861,7.181111111111111
1862,7.184
1863,7.186888888888888
1864,7.189777777777778
1865,7.192666666666667
1866,7.195555555555556
1867,7.198444444444444
1868,7.201333333333333
1869,7.2042222222222225
1870,7.207111111111111
1871,7.21
1872,7.212888888888889
1873,7.215777777777777
1874,7.218666666666667
1875,7.221555555555556
1876,7.224444444444444
1877,7.227333333333333
1878,7.230222222222222
1879,7.233111111111111
1880,7.236
1881,7.238888888888889
1882,7.241777777777778
1883,7.244666666666666
1884,7.2475555555555555
1885,7.250444444444445
1886,7.253333333333333
1887,7.256222222222222
1888,7.259111111111111
1889,7.262
1890,7.264888888888889
1891,7.267777777777778
1892,7.270666666666666
1893,7.273555555555555
1894,7.2764444444444445
1895,7.279333333333334
1896,7.282222222222222
1897,7.285111111111111
1898,7.288
1899,7.2908888888888885
1900,7.293777777777778
1901,7.296666666666667
1902,7.299555555555555
1903,7.302444444444444
1904,7.3053333333333335
1905,7.308222222222222
1906,7.311111111111111
1907,7.314
1908,7.316888888888888
1909,7.3197777777777775
1910,7.322666666666667
1911,7.325555555555556
1912,7.328444444444444
1913,7.331333333333333
1914,7.334222222222222
1915,7.337111111111111
1916,7.34
1917,7.348791208791209
1918,7.357582417582417
1919,7.366373626373626
1920,7.375164835164835
1921,7.383956043956044
1922,7.392747252747252
1923,7.401538461538461
1924,7.41032967032967
1925,7.419120879120879
1926,7.4279120879120875
1927,7.436703296703296
1928,7.445494505494506
1929,7.454285714285715
1930,7.463076923076923
1931,7.471868131868132
1932,7.480659340659341
1933,7.48945054945055
1934,7.498241758241758
1935,7.507032967032967
1936,7.515824175824176
1937,7.524615384615385
1938,7.5334065934065935
1939,7.542197802197802
1940,7.550989010989011
1941,7.55978021978022
1942,7.5685714285714285
1943,7.577362637362637
1944,7.586153846153846
1945,7.594945054945055
1946,7.6037362637362635
1947,7.612527472527472
1948,7.621318681318681
1949,7.630109890109891
1950,7.6389010989010995
1951,7.647692307692308
1952,7.656483516483517
1953,7.665274725274726
1954,7.6740659340659345
1955,7.682857142857143
1956,7.691648351648352
1957,7.700439560439561
1958,7.7092307692307696
1959,7.718021978021978
1960,7.726813186813187
1961,7.735604395604396
1962,7.744395604395605
1963,7.753186813186813
1964,7.761978021978022
1965,7.770769230769231
1966,7.77956043956044
1967,7.788351648351648
1968,7.797142857142857
1969,7.805934065934066
1970,7.814725274725275
1971,7.823516483516483
1972,7.832307692307692
1973,7.841098901098901
1974,7.849890109890111
1975,7.858681318681319
1976,7.867472527472528
1977,7.876263736263737
1978,7.885054945054946
1979,7.893846153846154
1980,7.902637362637363
1981,7.911428571428572
1982,7.920219780219781
1983,7.929010989010989
1984,7.937802197802198
1985,7.946593406593407
1986,7.955384615384616
1987,7.9641758241758245
1988,7.972967032967033
1989,7.981758241758242
1990,7.990549450549451
1991,7.9993406593406595
1992,8.00813186813187
1993,8.016923076923078
1994,8.025714285714287
1995,8.034505494505495
1996,8.043296703296704
1997,8.052087912087913
1998,8.060879120879122
1999,8.06967032967033
2000,8.07846153846154
2001,8.087252747252748
2002,8.096043956043957
2003,8.104835164835166
2004,8.113626373626374
2005,8.122417582417583
2006,8.131208791208792
2007,8.14
2008,8.160108695652175
2009,8.180217391304348
2010,8.200326086956522
2011,8.220434782608697
2012,8.24054347826087
2013,8.260652173913044
2014,8.280760869565217
2015,8.300869565217392
2016,8.320978260869566
2017,8.341086956521739
2018,8.361195652173913
2019,8.381304347826088
2020,8.40141304347826
2021,8.421521739130435
2022,8.44163043478261
2023,8.461739130434783
2024,8.481847826086957
2025,8.501956521739132
2026,8.522065217391305
2027,8.542173913043479
2028,8.562282608695652
2029,8.582391304347826
2030,8.602500000000001
2031,8.622608695652174
2032,8.642717391304348
2033,8.662826086956523
2034,8.682934782608696
2035,8.70304347826087
2036,8.723152173913045
2037,8.743260869565217
2038,8.763369565217392
2039,8.783478260869565
2040,8.80358695652174
2041,8.823695652173914
2042,8.843804347826087
2043,8.863913043478261
2044,8.884021739130436
2045,8.904130434782608
2046,8.924239130434783
2047,8.944347826086958
2048,8.96445652173913
2049,8.984565217391305
2050,9.00467391304348
2051,9.024782608695652
2052,9.044891304347827
2053,9.065000000000001
2054,9.085108695652174
2055,9.105217391304349
2056,9.125326086956521
2057,9.145434782608696
2058,9.16554347826087
2059,9.185652173913043
2060,9.205760869565218
2061,9.225869565217392
2062,9.245978260869565
2063,9.26608695652174
2064,9.286195652173912
2065,9.306304347826087
2066,9.326413043478261
2067,9.346521739130434
2068,9.366630434782609
2069,9.386739130434783
2070,9.406847826086956
2071,9.42695652173913
2072,9.447065217391305
2073,9.467173913043478
2074,9.487282608695653
2075,9.507391304347827
2076,9.5275
2077,9.547608695652174
2078,9.567717391304349
2079,9.587826086956522
2080,9.607934782608696
2081,9.628043478260869
2082,9.648152173913044
2083,9.668260869565218
2084,9.688369565217391
2085,9.708478260869565
2086,9.72858695652174
2087,9.748695652173913
2088,9.768804347826087
2089,9.78891304347826
2090,9.809021739130435
2091,9.82913043478261
2092,9.849239130434782
2093,9.869347826086956
2094,9.889456521739131
2095,9.909565217391304
2096,9.929673913043478
2097,9.949782608695653
2098,9.969891304347826
2099,9.99
2100,9.98717391304348
2101,9.984347826086957
2102,9.981521739130436
2103,9.978695652173913
2104,9.975869565217392
2105,9.97304347826087
2106,9.970217391304349
2107,9.967391304347826
2108,9.964565217391305
2109,9.961739130434783
2110,9.958913043478262
2111,9.95608695652174
2112,9.953260869565218
2113,9.950434782608696
2114,9.947608695652175
2115,9.944782608695652
2116,9.941956521739131
2117,9.939130434782609
2118,9.936304347826088
2119,9.933478260869565
2120,9.930652173913044
2121,9.927826086956522
2122,9.925
2123,9.922173913043478
2124,9.919347826086957
2125,9.916521739130435
2126,9.913695652173914
2127,9.910869565217391
2128,9.90804347826087
2129,9.905217391304348
2130,9.902391304347827
2131,9.899565217391304
2132,9.896739130434783
2133,9.89391304347826
2134,9.89108695652174
2135,9.888260869565217
2136,9.885434782608696
2137,9.882608695652173
2138,9.879782608695653
2139,9.87695652173913
2140,9.874130434782609
2141,9.871304347826086
2142,9.868478260869566
2143,9.865652173913043
2144,9.862826086956522
2145,9.86
2146,9.857173913043479
2147,9.854347826086958
2148,9.851521739130435
2149,9.848695652173914
2150,9.845869565217392
2151,9.84304347826087
2152,9.840217391304348
2153,9.837391304347827
2154,9.834565217391305
2155,9.831739130434784
2156,9.828913043478261
2157,9.82608695652174
2158,9.823260869565217
2159,9.820434782608697
2160,9.817608695652174
2161,9.814782608695653
2162,9.81195652173913
2163,9.80913043478261
2164,9.806304347826087
2165,9.803478260869566
2166,9.800652173913043
2167,9.797826086956523
2168,9.795
2169,9.792173913043479
2170,9.789347826086956
2171,9.786521739130436
2172,9.783695652173913
2173,9.780869565217392
2174,9.77804347826087
2175,9.775217391304349
2176,9.772391304347826
2177,9.769565217391305
2178,9.766739130434782
2179,9.763913043478261
2180,9.761086956521739
2181,9.758260869565218
2182,9.755434782608695
2183,9.752608695652174
2184,9.749782608695652
2185,9.746956521739131
2186,9.744130434782608
2187,9.741304347826087
2188,9.738478260869565
2189,9.735652173913044
2190,9.732826086956521
2191,9.73
2192,9.761428571428572
2193,9.792857142857143
2194,9.824285714285715
2195,9.855714285714287
2196,9.887142857142857
2197,9.918571428571429
2198,9.950000000000001
2199,9.981428571428571
2200,10.012857142857143
2201,10.044285714285715
2202,10.075714285714286
2203,10.107142857142858
2204,10.13857142857143
2205,10.17
2206,10.201428571428572
2207,10.232857142857144
2208,10.264285714285714
2209,10.295714285714286
2210,10.327142857142858
2211,10.358571428571429
2212,10.39
2213,10.42142857142857
2214,10.452857142857143
2215,10.484285714285715
2216,10.515714285714285
2217,10.547142857142857
2218,10.57857142857143
2219,10.61
2220,10.641428571428571
2221,10.672857142857143
2222,10.704285714285714
2223,10.735714285714286
2224,10.767142857142858
2225,10.798571428571428
2226,10.83
2227,10.861428571428572
2228,10.892857142857142
2229,10.924285714285714
2230,10.955714285714286
2231,10.987142857142857
2232,11.018571428571429
2233,11.05
2234,11.081428571428571
2235,11.112857142857143
2236,11.144285714285715
2237,11.175714285714285
2238,11.207142857142857
2239,11.23857142857143
2240,11.27
2241,11.301428571428572
2242,11.332857142857144
2243,11.364285714285714
2244,11.395714285714286
2245,11.427142857142858
2246,11.458571428571428
2247,11.49
2248,11.521428571428572
2249,11.552857142857142
2250,11.584285714285715
2251,11.615714285714287
2252,11.647142857142857
2253,11.678571428571429
2254,11.71
2255,11.741428571428571
2256,11.772857142857143
2257,11.804285714285715
2258,11.835714285714285
2259,11.867142857142857
2260,11.89857142857143
2261,11.93
2262,11.961428571428572
2263,11.992857142857144
2264,12.024285714285714
2265,12.055714285714286
2266,12.087142857142858
2267,12.118571428571428
2268,12.15
2269,12.181428571428572
2270,12.212857142857143
2271,12.244285714285715
2272,12.275714285714287
2273,12.307142857142857
2274,12.338571428571429
2275,12.370000000000001
2276,12.401428571428571
2277,12.432857142857143
2278,12.464285714285715
2279,12.495714285714286
2280,12.527142857142858
2281,12.55857142857143
2282,12.59
2283,12.600769230769231
2284,12.611538461538462
2285,12.622307692307691
2286,12.633076923076922
2287,12.643846153846154
2288,12.654615384615385
2289,12.665384615384616
2290,12.676153846153847
2291,12.686923076923076
2292,12.697692307692307
2293,12.708461538461538
2294,12.71923076923077
2295,12.73
2296,12.740769230769232
2297,12.75153846153846
2298,12.762307692307692
2299,12.773076923076923
2300,12.783846153846154
2301,12.794615384615385
2302,12.805384615384614
2303,12.816153846153846
2304,12.826923076923077
2305,12.837692307692308
2306,12.848461538461539
2307,12.85923076923077
2308,12.87
2309,12.88076923076923
2310,12.891538461538461
2311,12.902307692307692
2312,12.913076923076924
2313,12.923846153846155
2314,12.934615384615384
2315,12.945384615384615
2316,12.956153846153846
2317,12.966923076923077
2318,12.977692307692308
2319,12.98846153846154
2320,12.999230769230769
2321,13.01
2322,13.02076923076923
2323,13.031538461538462
2324,13.042307692307693
2325,13.053076923076922
2326,13.063846153846153
2327,13.074615384615385
2328,13.085384615384616
2329,13.096153846153847
2330,13.106923076923078
2331,13.117692307692307
2332,13.128461538461538
2333,13.13923076923077
2334,13.15
2335,13.160769230769231
2336,13.17153846153846
2337,13.182307692307692
2338,13.193076923076923
2339,13.203846153846154
2340,13.214615384615385
2341,13.225384615384616
2342,13.236153846153845
2343,13.246923076923077
2344,13.257692307692308
2345,13.268461538461539
2346,13.27923076923077
2347,13.290000000000001
2348,13.30076923076923
2349,13.311538461538461
2350,13.322307692307692
2351,13.333076923076923
2352,13.343846153846155
2353,13.354615384615386
2354,13.365384615384615
2355,13.376153846153846
2356,13.386923076923077
2357,13.397692307692308
2358,13.40846153846154
2359,13.419230769230769
2360,13.43
2361,13.44076923076923
2362,13.451538461538462
2363,13.462307692307693
2364,13.473076923076924
2365,13.483846153846153
2366,13.494615384615384
2367,13.505384615384616
2368,13.516153846153847
2369,13.526923076923078
2370,13.537692307692307
2371,13.548461538461538
2372,13.55923076923077
2373,13.57
2374,13.582282608695653
2375,13.594565217391304
2376,13.606847826086957
2377,13.619130434782608
2378,13.631413043478261
2379,13.643695652173914
2380,13.655978260869565
2381,13.668260869565218
2382,13.68054347826087
2383,13.692826086956522
2384,13.705108695652173
2385,13.717391304347826
2386,13.729673913043479
2387,13.74195652173913
2388,13.754239130434783
2389,13.766521739130434
2390,13.778804347826087
2391,13.79108695652174
2392,13.803369565217391
2393,13.815652173913044
2394,13.827934782608695
2395,13.840217391304348
2396,13.8525
2397,13.864782608695652
2398,13.877065217391305
2399,13.889347826086956
2400,13.901630434782609
2401,13.91391304347826
2402,13.926195652173913
2403,13.938478260869566
2404,13.950760869565217
2405,13.96304347826087
2406,13.975326086956521
2407,13.987608695652174
2408,13.999891304347827
2409,14.012173913043478
2410,14.02445652173913
2411,14.036739130434782
2412,14.049021739130435
2413,14.061304347826086
2414,14.073586956521739
2415,14.085869565217392
2416,14.098152173913043
2417,14.110434782608696
2418,14.122717391304347
2419,14.135
2420,14.147282608695653
2421,14.159565217391304
2422,14.171847826086957
2423,14.184130434782608
2424,14.19641304347826
2425,14.208695652173912
2426,14.220978260869565
2427,14.233260869565218
2428,14.245543478260869
2429,14.257826086956522
2430,14.270108695652173
2431,14.282391304347826
2432,14.294673913043479
2433,14.30695652173913
2434,14.319239130434783
2435,14.331521739130434
2436,14.343804347826087
2437,14.35608695652174
2438,14.36836956521739
2439,14.380652173913044
2440,14.392934782608695
2441,14.405217391304348
2442,14.4175
2443,14.429782608695652
2444,14.442065217391304
2445,14.454347826086956
2446,14.466630434782608
2447,14.47891304347826
2448,14.491195652173912
2449,14.503478260869565
2450,14.515760869565216
2451,14.52804347826087
2452,14.54032608695652
2453,14.552608695652173
2454,14.564891304347826
2455,14.577173913043477
2456,14.58945652173913
2457,14.601739130434781
2458,14.614021739130434
2459,14.626304347826085
2460,14.638586956521738
2461,14.650869565217391
2462,14.663152173913042
2463,14.675434782608695
2464,14.687717391304346
2465,14.7
2466,14.638260869565217
2467,14.576521739130435
2468,14.51478260869565
2469,14.453043478260868
2470,14.391304347826086
2471,14.329565217391304
2472,14.267826086956521
2473,14.20608695652174
2474,14.144347826086955
2475,14.082608695652173
2476,14.02086956521739
2477,13.959130434782608
2478,13.897391304347826
2479,13.835652173913044
2480,13.77391304347826
2481,13.712173913043477
2482,13.650434782608695
2483,13.588695652173913
2484,13.52695652173913
2485,13.465217391304346
2486,13.403478260869564
2487,13.341739130434782
2488,13.28
2489,13.218260869565217
2490,13.156521739130435
2491,13.09478260869565
2492,13.033043478260868
2493,12.971304347826086
2494,12.909565217391304
2495,12.847826086956522
2496,12.78608695652174
2497,12.724347826086955
2498,12.662608695652173
2499,12.60086956521739
2500,12.539130434782608
2501,12.477391304347826
2502,12.415652173913042
2503,12.35391304347826
2504,12.292173913043477
2505,12.230434782608695
2506,12.168695652173913
2507,12.106956521739129
2508,12.045217391304348
2509,11.983478260869564
2510,11.921739130434782
2511,11.86
2512,11.798260869565217
2513,11.736521739130435
2514,11.67478260869565
2515,11.613043478260868
2516,11.551304347826086
2517,11.489565217391304
2518,11.427826086956522
2519,11.366086956521738
2520,11.304347826086955
2521,11.242608695652173
2522,11.18086956521739
2523,11.119130434782608
2524,11.057391304347826
2525,10.995652173913044
2526,10.93391304347826
2527,10.872173913043477
2528,10.810434782608695
2529,10.748695652173913
2530,10.68695652173913
2531,10.625217391304346
2532,10.563478260869564
2533,10.501739130434782
2534,10.44
2535,10.378260869565217
2536,10.316521739130433
2537,10.254782608695653
2538,10.193043478260869
2539,10.131304347826086
2540,10.069565217391304
2541,10.00782608695652
2542,9.94608695652174
2543,9.884347826086955
2544,9.822608695652173
2545,9.76086956521739
2546,9.699130434782608
2547,9.637391304347826
2548,9.575652173913042
2549,9.51391304347826
2550,9.452173913043477
2551,9.390434782608695
2552,9.328695652173913
2553,9.266956521739129
2554,9.205217391304348
2555,9.143478260869564
2556,9.081739130434782
2557,9.02
2558,9.017444444444443
2559,9.014888888888889
2560,9.012333333333332
2561,9.009777777777778
2562,9.007222222222222
2563,9.004666666666667
2564,9.00211111111111
2565,8.999555555555554
2566,8.997
2567,8.994444444444444
2568,8.991888888888889
2569,8.989333333333333
2570,8.986777777777776
2571,8.984222222222222
2572,8.981666666666666
2573,8.979111111111111
2574,8.976555555555555
2575,8.974
2576,8.971444444444444
2577,8.968888888888888
2578,8.966333333333333
2579,8.963777777777777
2580,8.961222222222222
2581,8.958666666666666
2582,8.956111111111111
2583,8.953555555555555
2584,8.950999999999999
2585,8.948444444444444
2586,8.945888888888888
2587,8.943333333333333
2588,8.940777777777777
2589,8.938222222222223
2590,8.935666666666666
2591,8.93311111111111
2592,8.930555555555555
2593,8.927999999999999
2594,8.925444444444445
2595,8.922888888888888
2596,8.920333333333332
2597,8.917777777777777
2598,8.915222222222221
2599,8.912666666666667
2600,8.91011111111111
2601,8.907555555555556
2602,8.905
2603,8.902444444444443
2604,8.899888888888889
2605,8.897333333333332
2606,8.894777777777778
2607,8.892222222222221
2608,8.889666666666667
2609,8.88711111111111
2610,8.884555555555554
2611,8.882
2612,8.879444444444443
2613,8.876888888888889
2614,8.874333333333333
2615,8.871777777777776
2616,8.869222222222222
2617,8.866666666666665
2618,8.86411111111111
2619,8.861555555555555
2620,8.859
2621,8.856444444444444
2622,8.853888888888887
2623,8.851333333333333
2624,8.848777777777777
2625,8.846222222222222
2626,8.843666666666666
2627,8.841111111111111
2628,8.838555555555555
2629,8.835999999999999
2630,8.833444444444444
2631,8.830888888888888
2632,8.828333333333333
2633,8.825777777777777
2634,8.82322222222222
2635,8.820666666666666
2636,8.81811111111111
2637,8.815555555555555
2638,8.812999999999999
2639,8.810444444444444
2640,8.807888888888888
2641,8.805333333333332
2642,8.802777777777777
2643,8.80022222222222
2644,8.797666666666666
2645,8.79511111111111
2646,8.792555555555555
2647,8.79
2648,8.785604395604395
2649,8.78120879120879
2650,8.776813186813186
2651,8.772417582417582
2652,8.768021978021977
2653,8.763626373626373
2654,8.759230769230768
2655,8.754835164835164
2656,8.75043956043956
2657,8.746043956043955
2658,8.741648351648351
2659,8.737252747252747
2660,8.732857142857142
2661,8.728461538461538
2662,8.724065934065933
2663,8.719670329670329
2664,8.715274725274725
2665,8.71087912087912
2666,8.706483516483516
2667,8.702087912087912
2668,8.697692307692307
2669,8.693296703296703
2670,8.688901098901098
2671,8.684505494505494
2672,8.68010989010989
2673,8.675714285714285
2674,8.67131868131868
2675,8.666923076923077
2676,8.662527472527472
2677,8.658131868131868
2678,8.653736263736263
2679,8.649340659340659
2680,8.644945054945055
2681,8.64054945054945
2682,8.636153846153846
2683,8.631758241758241
2684,8.627362637362637
2685,8.622967032967033
2686,8.618571428571428
2687,8.614175824175824
2688,8.60978021978022
2689,8.605384615384615
2690,8.60098901098901
2691,8.596593406593406
2692,8.592197802197802
2693,8.587802197802198
2694,8.583406593406593
2695,8.579010989010989
2696,8.574615384615385
2697,8.57021978021978
2698,8.565824175824176
2699,8.561428571428571
2700,8.557032967032967
2701,8.552637362637363
2702,8.548241758241758
2703,8.543846153846154
2704,8.53945054945055
2705,8.535054945054945
2706,8.53065934065934
2707,8.526263736263736
2708,8.521868131868132
2709,8.517472527472528
2710,8.513076923076923
2711,8.508681318681319
2712,8.504285714285714
2713,8.49989010989011
2714,8.495494505494506
2715,8.491098901098901
2716,8.486703296703297
2717,8.482307692307693
2718,8.477912087912088
2719,8.473516483516484
2720,8.46912087912088
2721,8.464725274725275
2722,8.46032967032967
2723,8.455934065934066
2724,8.451538461538462
2725,8.447142857142858
2726,8.442747252747253
2727,8.438351648351649
2728,8.433956043956044
2729,8.42956043956044
2730,8.425164835164836
2731,8.420769230769231
2732,8.416373626373627
2733,8.411978021978022
2734,8.407582417582418
2735,8.403186813186814
2736,8.39879120879121
2737,8.394395604395605
2738,8.39
2739,8.383152173913045
2740,8.376304347826087
2741,8.369456521739131
2742,8.362608695652174
2743,8.355760869565218
2744,8.34891304347826
2745,8.342065217391305
2746,8.335217391304349
2747,8.328369565217391
2748,8.321521739130436
2749,8.314673913043478
2750,8.307826086956522
2751,8.300978260869565
2752,8.294130434782609
2753,8.287282608695653
2754,8.280434782608696
2755,8.27358695652174
2756,8.266739130434782
2757,8.259891304347827
2758,8.25304347826087
2759,8.246195652173913
2760,8.239347826086957
2761,8.2325
2762,8.225652173913044
2763,8.218804347826087
2764,8.21195652173913
2765,8.205108695652175
2766,8.198260869565217
2767,8.191413043478262
2768,8.184565217391304
2769,8.177717391304348
2770,8.17086956521739
2771,8.164021739130435
2772,8.15717391304348
2773,8.150326086956522
2774,8.143478260869566
2775,8.136630434782608
2776,8.129782608695653
2777,8.122934782608695
2778,8.11608695652174
2779,8.109239130434784
2780,8.102391304347826
2781,8.09554347826087
2782,8.088695652173913
2783,8.081847826086957
2784,8.075
2785,8.068152173913044
2786,8.061304347826088
2787,8.05445652173913
2788,8.047608695652174
2789,8.040760869565217
2790,8.033913043478261
2791,8.027065217391305
2792,8.020217391304348
2793,8.013369565217392
2794,8.006521739130434
2795,7.999673913043479
2796,7.992826086956522
2797,7.985978260869565
2798,7.979130434782609
2799,7.972282608695652
2800,7.965434782608695
2801,7.9585869565217395
2802,7.951739130434783
2803,7.944891304347826
2804,7.9380434782608695
2805,7.931195652173913
2806,7.924347826086956
2807,7.9175
2808,7.910652173913044
2809,7.903804347826087
2810,7.89695652173913
2811,7.890108695652174
2812,7.883260869565217
2813,7.87641304347826
2814,7.869565217391305
2815,7.862717391304348
2816,7.855869565217391
2817,7.849021739130435
2818,7.842173913043478
2819,7.835326086956521
2820,7.828478260869565
2821,7.821630434782609
2822,7.814782608695652
2823,7.807934782608696
2824,7.801086956521739
2825,7.794239130434782
2826,7.787391304347826
2827,7.780543478260869
2828,7.773695652173913
2829,7.7668478260869565
2830,7.76
2831,7.760108695652174
2832,7.760217391304348
2833,7.760326086956521
2834,7.760434782608695
2835,7.760543478260869
2836,7.760652173913043
2837,7.7607608695652175
2838,7.760869565217391
2839,7.760978260869565
2840,7.761086956521739
2841,7.761195652173913
2842,7.761304347826087
2843,7.76141304347826
2844,7.761521739130434
2845,7.761630434782608
2846,7.7617391304347825
2847,7.761847826086957
2848,7.76195652173913
2849,7.762065217391304
2850,7.762173913043478
2851,7.762282608695652
2852,7.762391304347826
2853,7.762499999999999
2854,7.762608695652173
2855,7.7627173913043475
2856,7.7628260869565215
2857,7.762934782608696
2858,7.76304347826087
2859,7.763152173913043
2860,7.763260869565217
2861,7.763369565217391
2862,7.763478260869565
2863,7.763586956521739
2864,7.763695652173912
2865,7.7638043478260865
2866,7.763913043478261
2867,7.764021739130435
2868,7.764130434782609
2869,7.764239130434782
2870,7.764347826086956
2871,7.76445652173913
2872,7.764565217391304
2873,7.764673913043478
2874,7.7647826086956515
2875,7.764891304347826
2876,7.765
2877,7.765108695652174
2878,7.765217391304348
2879,7.765326086956521
2880,7.765434782608695
2881,7.765543478260869
2882,7.765652173913043
2883,7.765760869565217
2884,7.765869565217391
2885,7.765978260869565
2886,7.766086956521739
2887,7.766195652173913
2888,7.766304347826087
2889,7.76641304347826
2890,7.766521739130434
2891,7.766630434782608
2892,7.766739130434782
2893,7.7668478260869565
2894,7.76695652173913
2895,7.767065217391304
2896,7.767173913043478
2897,7.767282608695652
2898,7.767391304347826
2899,7.7675
2900,7.767608695652173
2901,7.767717391304347
2902,7.767826086956521
2903,7.7679347826086955
2904,7.76804347826087
2905,7.768152173913043
2906,7.768260869565217
2907,7.768369565217391
2908,7.768478260869565
2909,7.768586956521739
2910,7.768695652173912
2911,7.768804347826086
2912,7.7689130434782605
2913,7.769021739130435
2914,7.769130434782609
2915,7.769239130434782
2916,7.769347826086956
2917,7.76945652173913
2918,7.769565217391304
2919,7.769673913043478
2920,7.769782608695651
2921,7.7698913043478255
2922,7.77
2923,7.77211111111111
2924,7.774222222222222
2925,7.776333333333333
2926,7.778444444444444
2927,7.780555555555555
2928,7.782666666666667
2929,7.784777777777777
2930,7.786888888888888
2931,7.789
2932,7.79111111111111
2933,7.793222222222222
2934,7.795333333333333
2935,7.797444444444444
2936,7.799555555555555
2937,7.801666666666666
2938,7.8037777777777775
2939,7.805888888888888
2940,7.808
2941,7.810111111111111
2942,7.812222222222222
2943,7.814333333333333
2944,7.8164444444444445
2945,7.818555555555555
2946,7.820666666666666
2947,7.822777777777778
2948,7.824888888888888
2949,7.827
2950,7.829111111111111
2951,7.831222222222222
2952,7.833333333333333
2953,7.835444444444444
2954,7.837555555555555
2955,7.839666666666666
2956,7.841777777777778
2957,7.8438888888888885
2958,7.846
2959,7.848111111111111
2960,7.8502222222222215
2961,7.852333333333333
2962,7.854444444444444
2963,7.8565555555555555
2964,7.858666666666666
2965,7.860777777777778
2966,7.862888888888889
2967,7.864999999999999
2968,7.867111111111111
2969,7.869222222222222
2970,7.871333333333333
2971,7.873444444444444
2972,7.875555555555556
2973,7.877666666666666
2974,7.879777777777778
2975,7.881888888888889
2976,7.8839999999999995
2977,7.886111111111111
2978,7.888222222222222
2979,7.890333333333333
2980,7.892444444444444
2981,7.894555555555556
2982,7.8966666666666665
2983,7.898777777777777
2984,7.900888888888889
2985,7.903
2986,7.905111111111111
2987,7.907222222222222
2988,7.9093333333333335
2989,7.911444444444444
2990,7.913555555555555
2991,7.915666666666667
2992,7.917777777777777
2993,7.919888888888889
2994,7.922
2995,7.924111111111111
2996,7.926222222222222
2997,7.928333333333333
2998,7.930444444444444
2999,7.932555555555555
3000,7.934666666666667
3001,7.9367777777777775
3002,7.938888888888889
3003,7.941
3004,7.9431111111111115
3005,7.945222222222222
3006,7.947333333333333
3007,7.9494444444444445
3008,7.951555555555555
3009,7.953666666666667
3010,7.955777777777778
3011,7.957888888888889
3012,7.96
3013,7.964505494505494
3014,7.969010989010989
3015,7.973516483516484
3016,7.978021978021978
3017,7.982527472527472
3018,7.987032967032967
3019,7.991538461538461
3020,7.996043956043956
3021,8.00054945054945
3022,8.005054945054946
3023,8.00956043956044
3024,8.014065934065934
3025,8.018571428571429
3026,8.023076923076923
3027,8.027582417582417
3028,8.032087912087912
3029,8.036593406593406
3030,8.0410989010989
3031,8.045604395604395
3032,8.05010989010989
3033,8.054615384615385
3034,8.05912087912088
3035,8.063626373626374
3036,8.068131868131868
3037,8.072637362637362
3038,8.077142857142857
3039,8.08164835164835
3040,8.086153846153845
3041,8.090659340659341
3042,8.095164835164836
3043,8.09967032967033
3044,8.104175824175824
3045,8.108681318681318
3046,8.113186813186813
3047,8.117692307692307
3048,8.122197802197801
3049,8.126703296703296
3050,8.13120879120879
3051,8.135714285714286
3052,8.14021978021978
3053,8.144725274725275
3054,8.149230769230769
3055,8.153736263736263
3056,8.158241758241758
3057,8.162747252747252
3058,8.167252747252746
3059,8.17175824175824
3060,8.176263736263737
3061,8.180769230769231
3062,8.185274725274725
3063,8.18978021978022
3064,8.194285714285714
3065,8.198791208791208
3066,8.203296703296703
3067,8.207802197802197
3068,8.212307692307691
3069,8.216813186813186
3070,8.221318681318682
3071,8.225824175824176
3072,8.23032967032967
3073,8.234835164835165
3074,8.239340659340659
3075,8.243846153846153
3076,8.248351648351647
3077,8.252857142857142
3078,8.257362637362636
3079,8.26186813186813
3080,8.266373626373626
3081,8.27087912087912
3082,8.275384615384615
3083,8.27989010989011
3084,8.284395604395604
3085,8.288901098901098
3086,8.293406593406592
3087,8.297912087912087
3088,8.302417582417581
3089,8.306923076923077
3090,8.311428571428571
3091,8.315934065934066
3092,8.32043956043956
3093,8.324945054945054
3094,8.329450549450549
3095,8.333956043956043
3096,8.338461538461537
3097,8.342967032967032
3098,8.347472527472526
3099,8.351978021978022
3100,8.356483516483516
3101,8.36098901098901
3102,8.365494505494505
3103,8.37
3104,8.370652173913042
3105,8.371304347826086
3106,8.37195652173913
3107,8.372608695652174
3108,8.373260869565216
3109,8.373913043478261
3110,8.374565217391304
3111,8.375217391304346
3112,8.375869565217391
3113,8.376521739130434
3114,8.377173913043478
3115,8.37782608695652
3116,8.378478260869565
3117,8.379130434782608
3118,8.37978260869565
3119,8.380434782608695
3120,8.381086956521738
3121,8.381739130434783
3122,8.382391304347825
3123,8.383043478260868
3124,8.383695652173913
3125,8.384347826086955
3126,8.385
3127,8.385652173913043
3128,8.386304347826087
3129,8.38695652173913
3130,8.387608695652172
3131,8.388260869565217
3132,8.38891304347826
3133,8.389565217391304
3134,8.390217391304347
3135,8.390869565217391
3136,8.391521739130434
3137,8.392173913043477
3138,8.392826086956521
3139,8.393478260869564
3140,8.394130434782609
3141,8.394782608695651
3142,8.395434782608696
3143,8.396086956521739
3144,8.396739130434781
3145,8.397391304347826
3146,8.398043478260869
3147,8.398695652173913
3148,8.399347826086956
3149,8.399999999999999
3150,8.400652173913043
3151,8.401304347826086
3152,8.40195652173913
3153,8.402608695652173
3154,8.403260869565218
3155,8.40391304347826
3156,8.404565217391303
3157,8.405217391304348
3158,8.40586956521739
3159,8.406521739130435
3160,8.407173913043477
3161,8.407826086956522
3162,8.408478260869565
3163,8.409130434782607
3164,8.409782608695652
3165,8.410434782608695
3166,8.41108695652174
3167,8.411739130434782
3168,8.412391304347826
3169,8.41304347826087
3170,8.413695652173912
3171,8.414347826086956
3172,8.415
3173,8.415652173913044
3174,8.416304347826086
3175,8.416956521739131
3176,8.417608695652174
3177,8.418260869565216
3178,8.41891304347826
3179,8.419565217391304
3180,8.420217391304348
3181,8.42086956521739
3182,8.421521739130434
3183,8.422173913043478
3184,8.42282608695652
3185,8.423478260869565
3186,8.424130434782608
3187,8.424782608695653
3188,8.425434782608695
3189,8.426086956521738
3190,8.426739130434783
3191,8.427391304347825
3192,8.42804347826087
3193,8.428695652173912
3194,8.429347826086957
3195,8.43
3196,8.426847826086956
3197,8.423695652173913
3198,8.42054347826087
3199,8.417391304347825
3200,8.414239130434783
3201,8.41108695652174
3202,8.407934782608695
3203,8.404782608695651
3204,8.401630434782609
3205,8.398478260869565
3206,8.395326086956521
3207,8.392173913043479
3208,8.389021739130435
3209,8.38586956521739
3210,8.382717391304348
3211,8.379565217391304
3212,8.37641304347826
3213,8.373260869565216
3214,8.370108695652174
3215,8.36695652173913
3216,8.363804347826086
3217,8.360652173913044
3218,8.3575
3219,8.354347826086956
3220,8.351195652173914
3221,8.34804347826087
3222,8.344891304347826
3223,8.341739130434783
3224,8.33858695652174
3225,8.335434782608695
3226,8.332282608695651
3227,8.32913043478261
3228,8.325978260869565
3229,8.322826086956521
3230,8.319673913043479
3231,8.316521739130435
3232,8.313369565217391
3233,8.310217391304349
3234,8.307065217391305
3235,8.30391304347826
3236,8.300760869565217
3237,8.297608695652174
3238,8.29445652173913
3239,8.291304347826086
3240,8.288152173913044
3241,8.285
3242,8.281847826086956
3243,8.278695652173914
3244,8.27554347826087
3245,8.272391304347826
3246,8.269239130434784
3247,8.26608695652174
3248,8.262934782608696
3249,8.259782608695652
3250,8.25663043478261
3251,8.253478260869565
3252,8.250326086956521
3253,8.24717391304348
3254,8.244021739130435
3255,8.240869565217391
3256,8.237717391304349
3257,8.234565217391305
3258,8.23141304347826
3259,8.228260869565217
3260,8.225108695652175
3261,8.22195652173913
3262,8.218804347826087
3263,8.215652173913044
3264,8.2125
3265,8.209347826086956
3266,8.206195652173914
3267,8.20304347826087
3268,8.199891304347826
3269,8.196739130434784
3270,8.19358695652174
3271,8.190434782608696
3272,8.187282608695652
3273,8.18413043478261
3274,8.180978260869566
3275,8.177826086956522
3276,8.17467391304348
3277,8.171521739130435
3278,8.168369565217391
3279,8.165217391304349
3280,8.162065217391305
3281,8.158913043478261
3282,8.155760869565217
3283,8.152608695652175
3284,8.14945652173913
3285,8.146304347826087
3286,8.143152173913045
3287,8.14
3288,8.145555555555557
3289,8.151111111111112
3290,8.156666666666668
3291,8.162222222222223
3292,8.16777777777778
3293,8.173333333333334
3294,8.17888888888889
3295,8.184444444444445
3296,8.190000000000001
3297,8.195555555555556
3298,8.201111111111112
3299,8.206666666666667
3300,8.212222222222223
3301,8.217777777777778
3302,8.223333333333334
3303,8.22888888888889
3304,8.234444444444446
3305,8.24
3306,8.245555555555557
3307,8.251111111111111
3308,8.256666666666668
3309,8.262222222222222
3310,8.267777777777779
3311,8.273333333333333
3312,8.27888888888889
3313,8.284444444444444
3314,8.290000000000001
3315,8.295555555555556
3316,8.301111111111112
3317,8.306666666666667
3318,8.312222222222223
3319,8.317777777777778
3320,8.323333333333334
3321,8.328888888888889
3322,8.334444444444445
3323,8.34
3324,8.345555555555556
3325,8.351111111111111
3326,8.356666666666667
3327,8.362222222222222
3328,8.367777777777778
3329,8.373333333333333
3330,8.37888888888889
3331,8.384444444444444
3332,8.39
3333,8.395555555555557
3334,8.401111111111112
3335,8.406666666666668
3336,8.412222222222223
3337,8.41777777777778
3338,8.423333333333334
3339,8.42888888888889
3340,8.434444444444445
3341,8.440000000000001
3342,8.445555555555556
3343,8.451111111111112
3344,8.456666666666667
3345,8.462222222222223
3346,8.467777777777778
3347,8.473333333333334
3348,8.47888888888889
3349,8.484444444444446
3350,8.49
3351,8.495555555555557
3352,8.501111111111111
3353,8.506666666666668
3354,8.512222222222222
3355,8.517777777777779
3356,8.523333333333333
3357,8.52888888888889
3358,8.534444444444444
3359,8.540000000000001
3360,8.545555555555556
3361,8.551111111111112
3362,8.556666666666667
3363,8.562222222222223
3364,8.567777777777778
3365,8.573333333333334
3366,8.578888888888889
3367,8.584444444444445
3368,8.59
3369,8.595555555555556
3370,8.601111111111111
3371,8.606666666666667
3372,8.612222222222222
3373,8.617777777777778
3374,8.623333333333333
3375,8.62888888888889
3376,8.634444444444444
3377,8.64
3378,8.643296703296704
3379,8.646593406593407
3380,8.64989010989011
3381,8.653186813186814
3382,8.656483516483517
3383,8.65978021978022
3384,8.663076923076924
3385,8.666373626373627
3386,8.66967032967033
3387,8.672967032967033
3388,8.676263736263737
3389,8.67956043956044
3390,8.682857142857143
3391,8.686153846153847
3392,8.68945054945055
3393,8.692747252747253
3394,8.696043956043956
3395,8.69934065934066
3396,8.702637362637363
3397,8.705934065934066
3398,8.70923076923077
3399,8.712527472527473
3400,8.715824175824176
3401,8.71912087912088
3402,8.722417582417583
3403,8.725714285714286
3404,8.72901098901099
3405,8.732307692307693
3406,8.735604395604396
3407,8.7389010989011
3408,8.742197802197802
3409,8.745494505494506
3410,8.748791208791209
3411,8.752087912087912
3412,8.755384615384616
3413,8.758681318681319
3414,8.761978021978022
3415,8.765274725274725
3416,8.768571428571429
3417,8.771868131868132
3418,8.775164835164835
3419,8.778461538461539
3420,8.781758241758242
3421,8.785054945054945
3422,8.788351648351648
3423,8.791648351648352
3424,8.794945054945055
3425,8.798241758241758
3426,8.801538461538462
3427,8.804835164835165
3428,8.808131868131868
3429,8.811428571428571
3430,8.814725274725275
3431,8.818021978021978
3432,8.821318681318681
3433,8.824615384615385
3434,8.827912087912088
3435,8.831208791208791
3436,8.834505494505494
3437,8.837802197802198
3438,8.841098901098901
3439,8.844395604395604
3440,8.847692307692308
3441,8.85098901098901
3442,8.854285714285714
3443,8.857582417582417
3444,8.86087912087912
3445,8.864175824175824
3446,8.867472527472527
3447,8.87076923076923
3448,8.874065934065934
3449,8.877362637362637
3450,8.88065934065934
3451,8.883956043956044
3452,8.887252747252747
3453,8.89054945054945
3454,8.893846153846154
3455,8.897142857142857
3456,8.90043956043956
3457,8.903736263736263
3458,8.907032967032967
3459,8.91032967032967
3460,8.913626373626373
3461,8.916923076923077
3462,8.92021978021978
3463,8.923516483516483
3464,8.926813186813186
3465,8.93010989010989
3466,8.933406593406593
3467,8.936703296703296
3468,8.94
3469,8.937065217391304
3470,8.934130434782608
3471,8.931195652173912
3472,8.928260869565216
3473,8.925326086956522
3474,8.922391304347826
3475,8.91945652173913
3476,8.916521739130435
3477,8.913586956521739
3478,8.910652173913043
3479,8.907717391304347
3480,8.904782608695651
3481,8.901847826086955
3482,8.898913043478261
3483,8.895978260869565
3484,8.89304347826087
3485,8.890108695652174
3486,8.887173913043478
3487,8.884239130434782
3488,8.881304347826086
3489,8.87836956521739
3490,8.875434782608695
3491,8.872499999999999
3492,8.869565217391305
3493,8.866630434782609
3494,8.863695652173913
3495,8.860760869565217
3496,8.857826086956521
3497,8.854891304347825
3498,8.85195652173913
3499,8.849021739130434
3500,8.846086956521738
3501,8.843152173913044
3502,8.840217391304348
3503,8.837282608695652
3504,8.834347826086956
3505,8.83141304347826
3506,8.828478260869565
3507,8.825543478260869
3508,8.822608695652173
3509,8.819673913043477
3510,8.816739130434783
3511,8.813804347826087
3512,8.810869565217391
3513,8.807934782608696
3514,8.805
3515,8.802065217391304
3516,8.799130434782608
3517,8.796195652173912
3518,8.793260869565216
3519,8.790326086956522
3520,8.787391304347826
3521,8.78445652173913
3522,8.781521739130435
3523,8.778586956521739
3524,8.775652173913043
3525,8.772717391304347
3526,8.769782608695651
3527,8.766847826086956
3528,8.763913043478261
3529,8.760978260869566
3530,8.75804347826087
3531,8.755108695652174
3532,8.752173913043478
3533,8.749239130434782
3534,8.746304347826086
3535,8.74336956521739
3536,8.740434782608695
3537,8.7375
3538,8.734565217391305
3539,8.731630434782609
3540,8.728695652173913
3541,8.725760869565217
3542,8.722826086956522
3543,8.719891304347826
3544,8.71695652173913
3545,8.714021739130434
3546,8.711086956521738
3547,8.708152173913044
3548,8.705217391304348
3549,8.702282608695652
3550,8.699347826086957
3551,8.69641304347826
3552,8.693478260869565
3553,8.690543478260869
3554,8.687608695652173
3555,8.684673913043477
3556,8.681739130434783
3557,8.678804347826087
3558,8.675869565217392
3559,8.672934782608696
3560,8.67
3561,8.671630434782609
3562,8.673260869565217
3563,8.674891304347826
3564,8.676521739130434
3565,8.678152173913043
3566,8.679782608695652
3567,8.68141304347826
3568,8.683043478260869
3569,8.684673913043477
3570,8.686304347826088
3571,8.687934782608696
3572,8.689565217391305
3573,8.691195652173914
3574,8.692826086956522
3575,8.69445652173913
3576,8.69608695652174
3577,8.697717391304348
3578,8.699347826086957
3579,8.700978260869565
3580,8.702608695652174
3581,8.704239130434782
3582,8.705869565217391
3583,8.7075
3584,8.709130434782608
3585,8.710760869565217
3586,8.712391304347825
3587,8.714021739130434
3588,8.715652173913044
3589,8.717282608695653
3590,8.718913043478262
3591,8.72054347826087
3592,8.722173913043479
3593,8.723804347826087
3594,8.725434782608696
3595,8.727065217391305
3596,8.728695652173913
3597,8.730326086956522
3598,8.73195652173913
3599,8.733586956521739
3600,8.735217391304348
3601,8.736847826086956
3602,8.738478260869565
3603,8.740108695652173
3604,8.741739130434782
3605,8.74336956521739
3606,8.745000000000001
3607,8.74663043478261
3608,8.748260869565218
3609,8.749891304347827
3610,8.751521739130435
3611,8.753152173913044
3612,8.754782608695653
3613,8.756413043478261
3614,8.75804347826087
3615,8.759673913043478
3616,8.761304347826087
3617,8.762934782608696
3618,8.764565217391304
3619,8.766195652173913
3620,8.767826086956521
3621,8.76945652173913
3622,8.771086956521739
3623,8.772717391304347
3624,8.774347826086956
3625,8.775978260869566
3626,8.777608695652175
3627,8.779239130434783
3628,8.780869565217392
3629,8.7825
3630,8.78413043478261
3631,8.785760869565218
3632,8.787391304347826
3633,8.789021739130435
3634,8.790652173913044
3635,8.792282608695652
3636,8.79391304347826
3637,8.79554347826087
3638,8.797173913043478
3639,8.798804347826087
3640,8.800434782608695
3641,8.802065217391304
3642,8.803695652173912
3643,8.805326086956523
3644,8.806956521739131
3645,8.80858695652174
3646,8.810217391304349
3647,8.811847826086957
3648,8.813478260869566
3649,8.815108695652174
3650,8.816739130434783
3651,8.818369565217392
3652,8.82
3653,8.815384615384616
3654,8.810769230769232
3655,8.806153846153846
3656,8.801538461538462
3657,8.796923076923077
3658,8.792307692307693
3659,8.787692307692309
3660,8.783076923076923
3661,8.778461538461539
3662,8.773846153846154
3663,8.76923076923077
3664,8.764615384615384
3665,8.76
3666,8.755384615384616
3667,8.750769230769231
3668,8.746153846153847
3669,8.741538461538461
3670,8.736923076923077
3671,8.732307692307693
3672,8.727692307692308
3673,8.723076923076924
3674,8.718461538461538
3675,8.713846153846154
3676,8.70923076923077
3677,8.704615384615385
3678,8.700000000000001
3679,8.695384615384615
3680,8.69076923076923
3681,8.686153846153847
3682,8.681538461538462
3683,8.676923076923078
3684,8.672307692307692
3685,8.667692307692308
3686,8.663076923076924
3687,8.65846153846154
3688,8.653846153846153
3689,8.649230769230769
3690,8.644615384615385
3691,8.64
3692,8.635384615384616
3693,8.63076923076923
3694,8.626153846153846
3695,8.621538461538462
3696,8.616923076923078
3697,8.612307692307693
3698,8.607692307692307
3699,8.603076923076923
3700,8.598461538461539
3701,8.593846153846155
3702,8.58923076923077
3703,8.584615384615384
3704,8.58
3705,8.575384615384616
3706,8.570769230769232
3707,8.566153846153846
3708,8.561538461538461
3709,8.556923076923077
3710,8.552307692307693
3711,8.547692307692309
3712,8.543076923076923
3713,8.538461538461538
3714,8.533846153846154
3715,8.52923076923077
3716,8.524615384615386
3717,8.52
3718,8.515384615384615
3719,8.510769230769231
3720,8.506153846153847
3721,8.501538461538463
3722,8.496923076923077
3723,8.492307692307692
3724,8.487692307692308
3725,8.483076923076924
3726,8.47846153846154
3727,8.473846153846154
3728,8.46923076923077
3729,8.464615384615385
3730,8.46
3731,8.455384615384617
3732,8.45076923076923
3733,8.446153846153846
3734,8.441538461538462
3735,8.436923076923078
3736,8.432307692307692
3737,8.427692307692308
3738,8.423076923076923
3739,8.418461538461539
3740,8.413846153846155
3741,8.409230769230769
3742,8.404615384615385
3743,8.4
3744,8.404615384615385
3745,8.409230769230769
3746,8.413846153846155
3747,8.418461538461539
3748,8.423076923076923
3749,8.427692307692308
3750,8.432307692307692
3751,8.436923076923078
3752,8.441538461538462
3753,8.446153846153846
3754,8.45076923076923
3755,8.455384615384617
3756,8.46
3757,8.464615384615385
3758,8.46923076923077
3759,8.473846153846154
3760,8.47846153846154
3761,8.483076923076924
3762,8.487692307692308
3763,8.492307692307692
3764,8.496923076923077
3765,8.501538461538463
3766,8.506153846153847
3767,8.510769230769231
3768,8.515384615384615
3769,8.52
3770,8.524615384615386
3771,8.52923076923077
3772,8.533846153846154
3773,8.538461538461538
3774,8.543076923076923
3775,8.547692307692309
3776,8.552307692307693
3777,8.556923076923077
3778,8.561538461538461
3779,8.566153846153847
3780,8.570769230769232
3781,8.575384615384616
3782,8.58
3783,8.584615384615384
3784,8.58923076923077
3785,8.593846153846155
3786,8.598461538461539
3787,8.603076923076923
3788,8.607692307692307
3789,8.612307692307693
3790,8.616923076923078
3791,8.621538461538462
3792,8.626153846153846
3793,8.63076923076923
3794,8.635384615384616
3795,8.64
3796,8.644615384615385
3797,8.649230769230769
3798,8.653846153846153
3799,8.65846153846154
3800,8.663076923076924
3801,8.667692307692308
3802,8.672307692307692
3803,8.676923076923078
3804,8.681538461538462
3805,8.686153846153847
3806,8.69076923076923
3807,8.695384615384615
3808,8.700000000000001
3809,8.704615384615385
3810,8.70923076923077
3811,8.713846153846154
3812,8.718461538461538
3813,8.723076923076924
3814,8.727692307692308
3815,8.732307692307693
3816,8.736923076923077
3817,8.741538461538461
3818,8.746153846153847
3819,8.750769230769231
3820,8.755384615384616
3821,8.76
3822,8.764615384615386
3823,8.76923076923077
3824,8.773846153846154
3825,8.778461538461539
3826,8.783076923076923
3827,8.787692307692309
3828,8.792307692307693
3829,8.796923076923077
3830,8.801538461538462
3831,8.806153846153846
3832,8.810769230769232
3833,8.815384615384616
3834,8.82
3835,8.828478260869565
3836,8.83695652173913
3837,8.845434782608695
3838,8.853913043478261
3839,8.862391304347826
3840,8.870869565217392
3841,8.879347826086956
3842,8.887826086956522
3843,8.896304347826087
3844,8.904782608695653
3845,8.913260869565217
3846,8.921739130434784
3847,8.930217391304348
3848,8.938695652173914
3849,8.947173913043478
3850,8.955652173913043
3851,8.964130434782609
3852,8.972608695652173
3853,8.98108695652174
3854,8.989565217391304
3855,8.99804347826087
3856,9.006521739130434
3857,9.015
3858,9.023478260869565
3859,9.031956521739131
3860,9.040434782608695
3861,9.048913043478262
3862,9.057391304347826
3863,9.065869565217392
3864,9.074347826086957
3865,9.082826086956523
3866,9.091304347826087
3867,9.099782608695651
3868,9.108260869565218
3869,9.116739130434782
3870,9.125217391304348
3871,9.133695652173913
3872,9.142173913043479
3873,9.150652173913043
3874,9.15913043478261
3875,9.167608695652174
3876,9.17608695652174
3877,9.184565217391304
3878,9.19304347826087
3879,9.201521739130435
3880,9.21
3881,9.218478260869565
3882,9.22695652173913
3883,9.235434782608696
3884,9.24391304347826
3885,9.252391304347826
3886,9.26086956521739
3887,9.269347826086957
3888,9.277826086956521
3889,9.286304347826087
3890,9.294782608695652
3891,9.303260869565218
3892,9.311739130434782
3893,9.320217391304348
3894,9.328695652173913
3895,9.337173913043479
3896,9.345652173913043
3897,9.354130434782608
3898,9.362608695652174
3899,9.371086956521738
3900,9.379565217391304
3901,9.388043478260869
3902,9.396521739130435
3903,9.405
3904,9.413478260869566
3905,9.42195652173913
3906,9.430434782608696
3907,9.43891304347826
3908,9.447391304347827
3909,9.455869565217391
3910,9.464347826086957
3911,9.472826086956522
3912,9.481304347826086
3913,9.489782608695652
3914,9.498260869565216
3915,9.506739130434783
3916,9.515217391304347
3917,9.523695652173913
3918,9.532173913043477
3919,9.540652173913044
3920,9.549130434782608
3921,9.557608695652174
3922,9.566086956521739
3923,9.574565217391305
3924,9.583043478260869
3925,9.591521739130435
3926,9.6
