Date_Index,Daily Estimated Operating Income
1,572.8666666666667
2,572.7333333333333
3,572.6
4,572.4666666666667
5,572.3333333333334
6,572.2
7,572.0666666666667
8,571.9333333333333
9,571.8
10,571.6666666666666
11,571.5333333333333
12,571.4
13,571.2666666666667
14,571.1333333333333
15,571.0
16,570.8666666666667
17,570.7333333333333
18,570.6
19,570.4666666666667
20,570.3333333333334
21,570.2
22,570.0666666666667
23,569.9333333333333
24,569.8
25,569.6666666666666
26,569.5333333333333
27,569.4
28,569.2666666666667
29,569.1333333333333
30,569.0
31,568.8666666666667
32,568.7333333333333
33,568.6
34,568.4666666666667
35,568.3333333333334
36,568.2
37,568.0666666666667
38,567.9333333333333
39,567.8
40,567.6666666666666
41,567.5333333333333
42,567.4
43,567.2666666666667
44,567.1333333333333
45,567.0
46,566.8666666666667
47,566.7333333333333
48,566.6
49,566.4666666666667
50,566.3333333333334
51,566.2
52,566.0666666666667
53,565.9333333333333
54,565.8
55,565.6666666666666
56,565.5333333333333
57,565.4
58,565.2666666666667
59,565.1333333333333
60,565.0
61,564.8666666666667
62,564.7333333333333
63,564.6
64,564.4666666666667
65,564.3333333333334
66,564.2
67,564.0666666666667
68,563.9333333333333
69,563.8
70,563.6666666666666
71,563.5333333333333
72,563.4
73,563.2666666666667
74,563.1333333333333
75,563.0
76,562.8666666666667
77,562.7333333333333
78,562.6
79,562.4666666666667
80,562.3333333333334
81,562.2
82,562.0666666666667
83,561.9333333333333
84,561.8
85,561.6666666666666
86,561.5333333333333
87,561.4
88,561.2666666666667
89,561.1333333333333
90,561.0
91,561.010989010989
92,561.021978021978
93,561.032967032967
94,561.0439560439561
95,561.054945054945
96,561.065934065934
97,561.0769230769231
98,561.0879120879121
99,561.0989010989011
100,561.1098901098901
101,561.1208791208791
102,561.1318681318681
103,561.1428571428571
104,561.1538461538462
105,561.1648351648352
106,561.1758241758242
107,561.1868131868132
108,561.1978021978022
109,561.2087912087912
110,561.2197802197802
111,561.2307692307693
112,561.2417582417582
113,561.2527472527472
114,561.2637362637363
115,561.2747252747253
116,561.2857142857143
117,561.2967032967033
118,561.3076923076923
119,561.3186813186813
120,561.3296703296703
121,561.3406593406594
122,561.3516483516484
123,561.3626373626373
124,561.3736263736264
125,561.3846153846154
126,561.3956043956044
127,561.4065934065934
128,561.4175824175824
129,561.4285714285714
130,561.4395604395604
131,561.4505494505495
132,561.4615384615385
133,561.4725274725274
134,561.4835164835165
135,561.4945054945055
136,561.5054945054945
137,561.5164835164835
138,561.5274725274726
139,561.5384615384615
140,561.5494505494505
141,561.5604395604396
142,561.5714285714286
143,561.5824175824176
144,561.5934065934066
145,561.6043956043956
146,561.6153846153846
147,561.6263736263736
148,561.6373626373627
149,561.6483516483516
150,561.6593406593406
151,561.6703296703297
152,561.6813186813187
153,561.6923076923077
154,561.7032967032967
155,561.7142857142857
156,561.7252747252747
157,561.7362637362637
158,561.7472527472528
159,561.7582417582418
160,561.7692307692307
161,561.7802197802198
162,561.7912087912088
163,561.8021978021978
164,561.8131868131868
165,561.8241758241758
166,561.8351648351648
167,561.8461538461538
168,561.8571428571429
169,561.8681318681319
170,561.8791208791209
171,561.8901098901099
172,561.9010989010989
173,561.9120879120879
174,561.9230769230769
175,561.934065934066
176,561.945054945055
177,561.9560439560439
178,561.967032967033
179,561.978021978022
180,561.989010989011
181,562.0
182,562.5
183,563.0
184,563.5
185,564.0
186,564.5
187,565.0
188,565.5
189,566.0
190,566.5
191,567.0
192,567.5
193,568.0
194,568.5
195,569.0
196,569.5
197,570.0
198,570.5
199,571.0
200,571.5
201,572.0
202,572.5
203,573.0
204,573.5
205,574.0
206,574.5
207,575.0
208,575.5
209,576.0
210,576.5
211,577.0
212,577.5
213,578.0
214,578.5
215,579.0
216,579.5
217,580.0
218,580.5
219,581.0
220,581.5
221,582.0
222,582.5
223,583.0
224,583.5
225,584.0
226,584.5
227,585.0
228,585.5
229,586.0
230,586.5
231,587.0
232,587.5
233,588.0
234,588.5
235,589.0
236,589.5
237,590.0
238,590.5
239,591.0
240,591.5
241,592.0
242,592.5
243,593.0
244,593.5
245,594.0
246,594.5
247,595.0
248,595.5
249,596.0
250,596.5
251,597.0
252,597.5
253,598.0
254,598.5
255,599.0
256,599.5
257,600.0
258,600.5
259,601.0
260,601.5
261,602.0
262,602.5
263,603.0
264,603.5
265,604.0
266,604.5
267,605.0
268,605.5
269,606.0
270,606.5
271,607.0
272,607.5
273,608.0
274,608.5108695652174
275,609.0217391304348
276,609.5326086956521
277,610.0434782608696
278,610.554347826087
279,611.0652173913044
280,611.5760869565217
281,612.0869565217391
282,612.5978260869565
283,613.1086956521739
284,613.6195652173913
285,614.1304347826087
286,614.6413043478261
287,615.1521739130435
288,615.6630434782609
289,616.1739130434783
290,616.6847826086956
291,617.195652173913
292,617.7065217391304
293,618.2173913043479
294,618.7282608695652
295,619.2391304347826
296,619.75
297,620.2608695652174
298,620.7717391304348
299,621.2826086956521
300,621.7934782608696
301,622.304347826087
302,622.8152173913044
303,623.3260869565217
304,623.8369565217391
305,624.3478260869565
306,624.8586956521739
307,625.3695652173913
308,625.8804347826087
309,626.3913043478261
310,626.9021739130435
311,627.4130434782609
312,627.9239130434783
313,628.4347826086956
314,628.945652173913
315,629.4565217391305
316,629.9673913043479
317,630.4782608695652
318,630.9891304347826
319,631.5
320,632.0108695652174
321,632.5217391304348
322,633.0326086956521
323,633.5434782608696
324,634.054347826087
325,634.5652173913044
326,635.0760869565217
327,635.5869565217391
328,636.0978260869565
329,636.6086956521739
330,637.1195652173913
331,637.6304347826087
332,638.1413043478261
333,638.6521739130435
334,639.1630434782609
335,639.6739130434783
336,640.1847826086956
337,640.695652173913
338,641.2065217391305
339,641.7173913043479
340,642.2282608695652
341,642.7391304347826
342,643.25
343,643.7608695652174
344,644.2717391304348
345,644.7826086956521
346,645.2934782608696
347,645.804347826087
348,646.3152173913044
349,646.8260869565217
350,647.3369565217391
351,647.8478260869565
352,648.3586956521739
353,648.8695652173913
354,649.3804347826087
355,649.8913043478261
356,650.4021739130435
357,650.9130434782609
358,651.4239130434783
359,651.9347826086956
360,652.445652173913
361,652.9565217391305
362,653.4673913043479
363,653.9782608695652
364,654.4891304347826
365,655.0
366,654.3777777777777
367,653.7555555555556
368,653.1333333333333
369,652.5111111111111
370,651.8888888888889
371,651.2666666666667
372,650.6444444444444
373,650.0222222222222
374,649.4
375,648.7777777777778
376,648.1555555555556
377,647.5333333333333
378,646.9111111111112
379,646.2888888888889
380,645.6666666666666
381,645.0444444444445
382,644.4222222222222
383,643.8
384,643.1777777777778
385,642.5555555555555
386,641.9333333333333
387,641.3111111111111
388,640.6888888888889
389,640.0666666666667
390,639.4444444444445
391,638.8222222222222
392,638.2
393,637.5777777777778
394,636.9555555555555
395,636.3333333333334
396,635.7111111111111
397,635.0888888888888
398,634.4666666666667
399,633.8444444444444
400,633.2222222222222
401,632.6
402,631.9777777777778
403,631.3555555555556
404,630.7333333333333
405,630.1111111111111
406,629.4888888888889
407,628.8666666666667
408,628.2444444444444
409,627.6222222222223
410,627.0
411,626.3777777777777
412,625.7555555555556
413,625.1333333333333
414,624.5111111111111
415,623.8888888888889
416,623.2666666666667
417,622.6444444444444
418,622.0222222222222
419,621.4
420,620.7777777777778
421,620.1555555555556
422,619.5333333333333
423,618.9111111111112
424,618.2888888888889
425,617.6666666666666
426,617.0444444444445
427,616.4222222222222
428,615.8
429,615.1777777777778
430,614.5555555555555
431,613.9333333333333
432,613.3111111111111
433,612.6888888888889
434,612.0666666666666
435,611.4444444444445
436,610.8222222222222
437,610.2
438,609.5777777777778
439,608.9555555555555
440,608.3333333333334
441,607.7111111111111
442,607.0888888888888
443,606.4666666666667
444,605.8444444444444
445,605.2222222222222
446,604.6
447,603.9777777777778
448,603.3555555555556
449,602.7333333333333
450,602.1111111111111
451,601.4888888888889
452,600.8666666666667
453,600.2444444444444
454,599.6222222222223
455,599.0
456,600.1318681318681
457,601.2637362637363
458,602.3956043956044
459,603.5274725274726
460,604.6593406593406
461,605.7912087912088
462,606.9230769230769
463,608.054945054945
464,609.1868131868132
465,610.3186813186813
466,611.4505494505495
467,612.5824175824176
468,613.7142857142857
469,614.8461538461538
470,615.978021978022
471,617.1098901098901
472,618.2417582417582
473,619.3736263736264
474,620.5054945054945
475,621.6373626373627
476,622.7692307692307
477,623.9010989010989
478,625.032967032967
479,626.1648351648352
480,627.2967032967033
481,628.4285714285714
482,629.5604395604396
483,630.6923076923077
484,631.8241758241759
485,632.9560439560439
486,634.0879120879121
487,635.2197802197802
488,636.3516483516484
489,637.4835164835165
490,638.6153846153846
491,639.7472527472528
492,640.8791208791208
493,642.010989010989
494,643.1428571428571
495,644.2747252747253
496,645.4065934065934
497,646.5384615384615
498,647.6703296703297
499,648.8021978021978
500,649.934065934066
501,651.065934065934
502,652.1978021978022
503,653.3296703296703
504,654.4615384615385
505,655.5934065934066
506,656.7252747252747
507,657.8571428571429
508,658.989010989011
509,660.1208791208791
510,661.2527472527472
511,662.3846153846154
512,663.5164835164835
513,664.6483516483516
514,665.7802197802198
515,666.9120879120879
516,668.0439560439561
517,669.1758241758241
518,670.3076923076923
519,671.4395604395604
520,672.5714285714286
521,673.7032967032967
522,674.8351648351648
523,675.967032967033
524,677.0989010989011
525,678.2307692307693
526,679.3626373626373
527,680.4945054945055
528,681.6263736263736
529,682.7582417582418
530,683.8901098901099
531,685.021978021978
532,686.1538461538462
533,687.2857142857142
534,688.4175824175824
535,689.5494505494505
536,690.6813186813187
537,691.8131868131868
538,692.945054945055
539,694.0769230769231
540,695.2087912087912
541,696.3406593406594
542,697.4725274725274
543,698.6043956043956
544,699.7362637362637
545,700.8681318681319
546,702.0
547,701.5217391304348
548,701.0434782608696
549,700.5652173913044
550,700.0869565217391
551,699.6086956521739
552,699.1304347826087
553,698.6521739130435
554,698.1739130434783
555,697.695652173913
556,697.2173913043479
557,696.7391304347826
558,696.2608695652174
559,695.7826086956521
560,695.304347826087
561,694.8260869565217
562,694.3478260869565
563,693.8695652173913
564,693.3913043478261
565,692.9130434782609
566,692.4347826086956
567,691.9565217391304
568,691.4782608695652
569,691.0
570,690.5217391304348
571,690.0434782608696
572,689.5652173913044
573,689.0869565217391
574,688.6086956521739
575,688.1304347826087
576,687.6521739130435
577,687.1739130434783
578,686.695652173913
579,686.2173913043479
580,685.7391304347826
581,685.2608695652174
582,684.7826086956521
583,684.304347826087
584,683.8260869565217
585,683.3478260869565
586,682.8695652173913
587,682.3913043478261
588,681.9130434782609
589,681.4347826086956
590,680.9565217391304
591,680.4782608695652
592,680.0
593,679.5217391304348
594,679.0434782608695
595,678.5652173913044
596,678.0869565217391
597,677.6086956521739
598,677.1304347826087
599,676.6521739130435
600,676.1739130434783
601,675.695652173913
602,675.2173913043479
603,674.7391304347826
604,674.2608695652174
605,673.7826086956521
606,673.304347826087
607,672.8260869565217
608,672.3478260869565
609,671.8695652173913
610,671.3913043478261
611,670.9130434782609
612,670.4347826086956
613,669.9565217391305
614,669.4782608695652
615,669.0
616,668.5217391304348
617,668.0434782608695
618,667.5652173913044
619,667.0869565217391
620,666.6086956521739
621,666.1304347826087
622,665.6521739130435
623,665.1739130434783
624,664.695652173913
625,664.2173913043479
626,663.7391304347826
627,663.2608695652174
628,662.7826086956521
629,662.304347826087
630,661.8260869565217
631,661.3478260869565
632,660.8695652173913
633,660.3913043478261
634,659.9130434782609
635,659.4347826086956
636,658.9565217391304
637,658.4782608695652
638,658.0
639,658.5652173913044
640,659.1304347826087
641,659.695652173913
642,660.2608695652174
643,660.8260869565217
644,661.3913043478261
645,661.9565217391304
646,662.5217391304348
647,663.0869565217391
648,663.6521739130435
649,664.2173913043479
650,664.7826086956521
651,665.3478260869565
652,665.9130434782609
653,666.4782608695652
654,667.0434782608696
655,667.6086956521739
656,668.1739130434783
657,668.7391304347826
658,669.304347826087
659,669.8695652173913
660,670.4347826086956
661,671.0
662,671.5652173913044
663,672.1304347826087
664,672.695652173913
665,673.2608695652174
666,673.8260869565217
667,674.3913043478261
668,674.9565217391304
669,675.5217391304348
670,676.0869565217391
671,676.6521739130435
672,677.2173913043479
673,677.7826086956521
674,678.3478260869565
675,678.9130434782609
676,679.4782608695652
677,680.0434782608695
678,680.6086956521739
679,681.1739130434783
680,681.7391304347826
681,682.304347826087
682,682.8695652173913
683,683.4347826086956
684,684.0
685,684.5652173913044
686,685.1304347826087
687,685.695652173913
688,686.2608695652174
689,686.8260869565217
690,687.3913043478261
691,687.9565217391304
692,688.5217391304348
693,689.0869565217391
694,689.6521739130435
695,690.2173913043479
696,690.7826086956521
697,691.3478260869565
698,691.9130434782609
699,692.4782608695652
700,693.0434782608695
701,693.6086956521739
702,694.1739130434783
703,694.7391304347826
704,695.304347826087
705,695.8695652173913
706,696.4347826086956
707,697.0
708,697.5652173913044
709,698.1304347826087
710,698.695652173913
711,699.2608695652174
712,699.8260869565217
713,700.3913043478261
714,700.9565217391304
715,701.5217391304348
716,702.0869565217391
717,702.6521739130435
718,703.2173913043479
719,703.7826086956521
720,704.3478260869565
721,704.9130434782609
722,705.4782608695652
723,706.0434782608695
724,706.6086956521739
725,707.1739130434783
726,707.7391304347826
727,708.304347826087
728,708.8695652173913
729,709.4347826086956
730,710.0
731,709.7252747252747
732,709.4505494505495
733,709.1758241758242
734,708.9010989010989
735,708.6263736263736
736,708.3516483516484
737,708.0769230769231
738,707.8021978021978
739,707.5274725274726
740,707.2527472527472
741,706.978021978022
742,706.7032967032967
743,706.4285714285714
744,706.1538461538462
745,705.8791208791209
746,705.6043956043956
747,705.3296703296703
748,705.054945054945
749,704.7802197802198
750,704.5054945054945
751,704.2307692307693
752,703.9560439560439
753,703.6813186813187
754,703.4065934065934
755,703.1318681318681
756,702.8571428571429
757,702.5824175824176
758,702.3076923076923
759,702.032967032967
760,701.7582417582418
761,701.4835164835165
762,701.2087912087912
763,700.934065934066
764,700.6593406593406
765,700.3846153846154
766,700.1098901098901
767,699.8351648351648
768,699.5604395604396
769,699.2857142857143
770,699.010989010989
771,698.7362637362637
772,698.4615384615385
773,698.1868131868132
774,697.9120879120879
775,697.6373626373627
776,697.3626373626373
777,697.0879120879121
778,696.8131868131868
779,696.5384615384615
780,696.2637362637363
781,695.989010989011
782,695.7142857142857
783,695.4395604395604
784,695.1648351648352
785,694.8901098901099
786,694.6153846153846
787,694.3406593406594
788,694.065934065934
789,693.7912087912088
790,693.5164835164835
791,693.2417582417582
792,692.967032967033
793,692.6923076923077
794,692.4175824175824
795,692.1428571428571
796,691.8681318681319
797,691.5934065934066
798,691.3186813186813
799,691.0439560439561
800,690.7692307692307
801,690.4945054945055
802,690.2197802197802
803,689.945054945055
804,689.6703296703297
805,689.3956043956044
806,689.1208791208791
807,688.8461538461538
808,688.5714285714286
809,688.2967032967033
810,688.021978021978
811,687.7472527472528
812,687.4725274725274
813,687.1978021978022
814,686.9230769230769
815,686.6483516483516
816,686.3736263736264
817,686.0989010989011
818,685.8241758241758
819,685.5494505494505
820,685.2747252747253
821,685.0
822,684.7142857142857
823,684.4285714285714
824,684.1428571428571
825,683.8571428571429
826,683.5714285714286
827,683.2857142857143
828,683.0
829,682.7142857142857
830,682.4285714285714
831,682.1428571428571
832,681.8571428571429
833,681.5714285714286
834,681.2857142857143
835,681.0
836,680.7142857142857
837,680.4285714285714
838,680.1428571428571
839,679.8571428571429
840,679.5714285714286
841,679.2857142857143
842,679.0
843,678.7142857142857
844,678.4285714285714
845,678.1428571428571
846,677.8571428571429
847,677.5714285714286
848,677.2857142857143
849,677.0
850,676.7142857142857
851,676.4285714285714
852,676.1428571428571
853,675.8571428571429
854,675.5714285714286
855,675.2857142857143
856,675.0
857,674.7142857142857
858,674.4285714285714
859,674.1428571428571
860,673.8571428571429
861,673.5714285714286
862,673.2857142857143
863,673.0
864,672.7142857142857
865,672.4285714285714
866,672.1428571428571
867,671.8571428571429
868,671.5714285714286
869,671.2857142857143
870,671.0
871,670.7142857142857
872,670.4285714285714
873,670.1428571428571
874,669.8571428571429
875,669.5714285714286
876,669.2857142857143
877,669.0
878,668.7142857142857
879,668.4285714285714
880,668.1428571428571
881,667.8571428571429
882,667.5714285714286
883,667.2857142857143
884,667.0
885,666.7142857142857
886,666.4285714285714
887,666.1428571428571
888,665.8571428571429
889,665.5714285714286
890,665.2857142857143
891,665.0
892,664.7142857142857
893,664.4285714285714
894,664.1428571428571
895,663.8571428571429
896,663.5714285714286
897,663.2857142857143
898,663.0
899,662.7142857142857
900,662.4285714285714
901,662.1428571428571
902,661.8571428571429
903,661.5714285714286
904,661.2857142857143
905,661.0
906,660.7142857142857
907,660.4285714285714
908,660.1428571428571
909,659.8571428571429
910,659.5714285714286
911,659.2857142857143
912,659.0
913,659.1847826086956
914,659.3695652173913
915,659.554347826087
916,659.7391304347826
917,659.9239130434783
918,660.1086956521739
919,660.2934782608696
920,660.4782608695652
921,660.6630434782609
922,660.8478260869565
923,661.0326086956521
924,661.2173913043479
925,661.4021739130435
926,661.5869565217391
927,661.7717391304348
928,661.9565217391304
929,662.1413043478261
930,662.3260869565217
931,662.5108695652174
932,662.695652173913
933,662.8804347826087
934,663.0652173913044
935,663.25
936,663.4347826086956
937,663.6195652173913
938,663.804347826087
939,663.9891304347826
940,664.1739130434783
941,664.3586956521739
942,664.5434782608696
943,664.7282608695652
944,664.9130434782609
945,665.0978260869565
946,665.2826086956521
947,665.4673913043479
948,665.6521739130435
949,665.8369565217391
950,666.0217391304348
951,666.2065217391304
952,666.3913043478261
953,666.5760869565217
954,666.7608695652174
955,666.945652173913
956,667.1304347826087
957,667.3152173913044
958,667.5
959,667.6847826086956
960,667.8695652173913
961,668.054347826087
962,668.2391304347826
963,668.4239130434783
964,668.6086956521739
965,668.7934782608696
966,668.9782608695652
967,669.1630434782609
968,669.3478260869565
969,669.5326086956521
970,669.7173913043479
971,669.9021739130435
972,670.0869565217391
973,670.2717391304348
974,670.4565217391304
975,670.6413043478261
976,670.8260869565217
977,671.0108695652174
978,671.195652173913
979,671.3804347826087
980,671.5652173913044
981,671.75
982,671.9347826086956
983,672.1195652173913
984,672.304347826087
985,672.4891304347826
986,672.6739130434783
987,672.8586956521739
988,673.0434782608696
989,673.2282608695652
990,673.4130434782609
991,673.5978260869565
992,673.7826086956521
993,673.9673913043479
994,674.1521739130435
995,674.3369565217391
996,674.5217391304348
997,674.7065217391304
998,674.8913043478261
999,675.0760869565217
1000,675.2608695652174
1001,675.445652173913
1002,675.6304347826087
1003,675.8152173913044
1004,676.0
1005,676.2717391304348
1006,676.5434782608696
1007,676.8152173913044
1008,677.0869565217391
1009,677.3586956521739
1010,677.6304347826087
1011,677.9021739130435
1012,678.1739130434783
1013,678.445652173913
1014,678.7173913043479
1015,678.9891304347826
1016,679.2608695652174
1017,679.5326086956521
1018,679.804347826087
1019,680.0760869565217
1020,680.3478260869565
1021,680.6195652173913
1022,680.8913043478261
1023,681.1630434782609
1024,681.4347826086956
1025,681.7065217391304
1026,681.9782608695652
1027,682.25
1028,682.5217391304348
1029,682.7934782608696
1030,683.0652173913044
1031,683.3369565217391
1032,683.6086956521739
1033,683.8804347826087
1034,684.1521739130435
1035,684.4239130434783
1036,684.695652173913
1037,684.9673913043479
1038,685.2391304347826
1039,685.5108695652174
1040,685.7826086956521
1041,686.054347826087
1042,686.3260869565217
1043,686.5978260869565
1044,686.8695652173913
1045,687.1413043478261
1046,687.4130434782609
1047,687.6847826086956
1048,687.9565217391304
1049,688.2282608695652
1050,688.5
1051,688.7717391304348
1052,689.0434782608696
1053,689.3152173913044
1054,689.5869565217391
1055,689.8586956521739
1056,690.1304347826087
1057,690.4021739130435
1058,690.6739130434783
1059,690.945652173913
1060,691.2173913043479
1061,691.4891304347826
1062,691.7608695652174
1063,692.0326086956521
1064,692.304347826087
1065,692.5760869565217
1066,692.8478260869565
1067,693.1195652173913
1068,693.3913043478261
1069,693.6630434782609
1070,693.9347826086956
1071,694.2065217391304
1072,694.4782608695652
1073,694.75
1074,695.0217391304348
1075,695.2934782608695
1076,695.5652173913044
1077,695.8369565217391
1078,696.1086956521739
1079,696.3804347826087
1080,696.6521739130435
1081,696.9239130434783
1082,697.195652173913
1083,697.4673913043479
1084,697.7391304347826
1085,698.0108695652174
1086,698.2826086956521
1087,698.554347826087
1088,698.8260869565217
1089,699.0978260869565
1090,699.3695652173913
1091,699.6413043478261
1092,699.9130434782609
1093,700.1847826086956
1094,700.4565217391304
1095,700.7282608695652
1096,701.0
1097,700.7333333333333
1098,700.4666666666667
1099,700.2
1100,699.9333333333333
1101,699.6666666666666
1102,699.4
1103,699.1333333333333
1104,698.8666666666667
1105,698.6
1106,698.3333333333334
1107,698.0666666666667
1108,697.8
1109,697.5333333333333
1110,697.2666666666667
1111,697.0
1112,696.7333333333333
1113,696.4666666666667
1114,696.2
1115,695.9333333333333
1116,695.6666666666666
1117,695.4
1118,695.1333333333333
1119,694.8666666666667
1120,694.6
1121,694.3333333333334
1122,694.0666666666667
1123,693.8
1124,693.5333333333333
1125,693.2666666666667
1126,693.0
1127,692.7333333333333
1128,692.4666666666667
1129,692.2
1130,691.9333333333333
1131,691.6666666666666
1132,691.4
1133,691.1333333333333
1134,690.8666666666667
1135,690.6
1136,690.3333333333334
1137,690.0666666666667
1138,689.8
1139,689.5333333333333
1140,689.2666666666667
1141,689.0
1142,688.7333333333333
1143,688.4666666666667
1144,688.2
1145,687.9333333333333
1146,687.6666666666666
1147,687.4
1148,687.1333333333333
1149,686.8666666666667
1150,686.6
1151,686.3333333333334
1152,686.0666666666667
1153,685.8
1154,685.5333333333333
1155,685.2666666666667
1156,685.0
1157,684.7333333333333
1158,684.4666666666667
1159,684.2
1160,683.9333333333333
1161,683.6666666666666
1162,683.4
1163,683.1333333333333
1164,682.8666666666667
1165,682.6
1166,682.3333333333334
1167,682.0666666666667
1168,681.8
1169,681.5333333333333
1170,681.2666666666667
1171,681.0
1172,680.7333333333333
1173,680.4666666666667
1174,680.2
1175,679.9333333333333
1176,679.6666666666666
1177,679.4
1178,679.1333333333333
1179,678.8666666666667
1180,678.6
1181,678.3333333333334
1182,678.0666666666667
1183,677.8
1184,677.5333333333333
1185,677.2666666666667
1186,677.0
1187,677.0989010989011
1188,677.1978021978022
1189,677.2967032967033
1190,677.3956043956044
1191,677.4945054945055
1192,677.5934065934066
1193,677.6923076923077
1194,677.7912087912088
1195,677.8901098901099
1196,677.989010989011
1197,678.0879120879121
1198,678.1868131868132
1199,678.2857142857143
1200,678.3846153846154
1201,678.4835164835165
1202,678.5824175824176
1203,678.6813186813187
1204,678.7802197802198
1205,678.8791208791209
1206,678.978021978022
1207,679.0769230769231
1208,679.1758241758242
1209,679.2747252747253
1210,679.3736263736264
1211,679.4725274725274
1212,679.5714285714286
1213,679.6703296703297
1214,679.7692307692307
1215,679.8681318681319
1216,679.967032967033
1217,680.065934065934
1218,680.1648351648352
1219,680.2637362637363
1220,680.3626373626373
1221,680.4615384615385
1222,680.5604395604396
1223,680.6593406593406
1224,680.7582417582418
1225,680.8571428571429
1226,680.9560439560439
1227,681.054945054945
1228,681.1538461538462
1229,681.2527472527472
1230,681.3516483516484
1231,681.4505494505495
1232,681.5494505494505
1233,681.6483516483516
1234,681.7472527472528
1235,681.8461538461538
1236,681.945054945055
1237,682.0439560439561
1238,682.1428571428571
1239,682.2417582417582
1240,682.3406593406594
1241,682.4395604395604
1242,682.5384615384615
1243,682.6373626373627
1244,682.7362637362637
1245,682.8351648351648
1246,682.934065934066
1247,683.032967032967
1248,683.1318681318681
1249,683.2307692307693
1250,683.3296703296703
1251,683.4285714285714
1252,683.5274725274726
1253,683.6263736263736
1254,683.7252747252747
1255,683.8241758241758
1256,683.9230769230769
1257,684.021978021978
1258,684.1208791208791
1259,684.2197802197802
1260,684.3186813186813
1261,684.4175824175824
1262,684.5164835164835
1263,684.6153846153846
1264,684.7142857142857
1265,684.8131868131868
1266,684.9120879120879
1267,685.010989010989
1268,685.1098901098901
1269,685.2087912087912
1270,685.3076923076923
1271,685.4065934065934
1272,685.5054945054945
1273,685.6043956043956
1274,685.7032967032967
1275,685.8021978021978
1276,685.9010989010989
1277,686.0
1278,686.0434782608696
1279,686.0869565217391
1280,686.1304347826087
1281,686.1739130434783
1282,686.2173913043479
1283,686.2608695652174
1284,686.304347826087
1285,686.3478260869565
1286,686.3913043478261
1287,686.4347826086956
1288,686.4782608695652
1289,686.5217391304348
1290,686.5652173913044
1291,686.6086956521739
1292,686.6521739130435
1293,686.695652173913
1294,686.7391304347826
1295,686.7826086956521
1296,686.8260869565217
1297,686.8695652173913
1298,686.9130434782609
1299,686.9565217391304
1300,687.0
1301,687.0434782608696
1302,687.0869565217391
1303,687.1304347826087
1304,687.1739130434783
1305,687.2173913043479
1306,687.2608695652174
1307,687.304347826087
1308,687.3478260869565
1309,687.3913043478261
1310,687.4347826086956
1311,687.4782608695652
1312,687.5217391304348
1313,687.5652173913044
1314,687.6086956521739
1315,687.6521739130435
1316,687.695652173913
1317,687.7391304347826
1318,687.7826086956521
1319,687.8260869565217
1320,687.8695652173913
1321,687.9130434782609
1322,687.9565217391304
1323,688.0
1324,688.0434782608696
1325,688.0869565217391
1326,688.1304347826087
1327,688.1739130434783
1328,688.2173913043479
1329,688.2608695652174
1330,688.304347826087
1331,688.3478260869565
1332,688.3913043478261
1333,688.4347826086956
1334,688.4782608695652
1335,688.5217391304348
1336,688.5652173913044
1337,688.6086956521739
1338,688.6521739130435
1339,688.695652173913
1340,688.7391304347826
1341,688.7826086956521
1342,688.8260869565217
1343,688.8695652173913
1344,688.9130434782609
1345,688.9565217391304
1346,689.0
1347,689.0434782608696
1348,689.0869565217391
1349,689.1304347826087
1350,689.1739130434783
1351,689.2173913043479
1352,689.2608695652174
1353,689.304347826087
1354,689.3478260869565
1355,689.3913043478261
1356,689.4347826086956
1357,689.4782608695652
1358,689.5217391304348
1359,689.5652173913044
1360,689.6086956521739
1361,689.6521739130435
1362,689.695652173913
1363,689.7391304347826
1364,689.7826086956521
1365,689.8260869565217
1366,689.8695652173913
1367,689.9130434782609
1368,689.9565217391304
1369,690.0
1370,690.6413043478261
1371,691.2826086956521
1372,691.9239130434783
1373,692.5652173913044
1374,693.2065217391304
1375,693.8478260869565
1376,694.4891304347826
1377,695.1304347826087
1378,695.7717391304348
1379,696.4130434782609
1380,697.054347826087
1381,697.695652173913
1382,698.3369565217391
1383,698.9782608695652
1384,699.6195652173913
1385,700.2608695652174
1386,700.9021739130435
1387,701.5434782608696
1388,702.1847826086956
1389,702.8260869565217
1390,703.4673913043479
1391,704.1086956521739
1392,704.75
1393,705.3913043478261
1394,706.0326086956521
1395,706.6739130434783
1396,707.3152173913044
1397,707.9565217391304
1398,708.5978260869565
1399,709.2391304347826
1400,709.8804347826087
1401,710.5217391304348
1402,711.1630434782609
1403,711.804347826087
1404,712.445652173913
1405,713.0869565217391
1406,713.7282608695652
1407,714.3695652173913
1408,715.0108695652174
1409,715.6521739130435
1410,716.2934782608695
1411,716.9347826086956
1412,717.5760869565217
1413,718.2173913043479
1414,718.8586956521739
1415,719.5
1416,720.1413043478261
1417,720.7826086956521
1418,721.4239130434783
1419,722.0652173913044
1420,722.7065217391304
1421,723.3478260869565
1422,723.9891304347826
1423,724.6304347826087
1424,725.2717391304348
1425,725.9130434782609
1426,726.554347826087
1427,727.195652173913
1428,727.8369565217391
1429,728.4782608695652
1430,729.1195652173913
1431,729.7608695652174
1432,730.4021739130435
1433,731.0434782608695
1434,731.6847826086956
1435,732.3260869565217
1436,732.9673913043479
1437,733.6086956521739
1438,734.25
1439,734.8913043478261
1440,735.5326086956521
1441,736.1739130434783
1442,736.8152173913044
1443,737.4565217391304
1444,738.0978260869565
1445,738.7391304347826
1446,739.3804347826087
1447,740.0217391304348
1448,740.6630434782609
1449,741.304347826087
1450,741.945652173913
1451,742.5869565217391
1452,743.2282608695652
1453,743.8695652173913
1454,744.5108695652174
1455,745.1521739130435
1456,745.7934782608695
1457,746.4347826086956
1458,747.0760869565217
1459,747.7173913043479
1460,748.3586956521739
1461,749.0
1462,748.4777777777778
1463,747.9555555555555
1464,747.4333333333333
1465,746.9111111111112
1466,746.3888888888889
1467,745.8666666666667
1468,745.3444444444444
1469,744.8222222222222
1470,744.3
1471,743.7777777777778
1472,743.2555555555556
1473,742.7333333333333
1474,742.2111111111111
1475,741.6888888888889
1476,741.1666666666666
1477,740.6444444444444
1478,740.1222222222223
1479,739.6
1480,739.0777777777778
1481,738.5555555555555
1482,738.0333333333333
1483,737.5111111111111
1484,736.9888888888889
1485,736.4666666666667
1486,735.9444444444445
1487,735.4222222222222
1488,734.9
1489,734.3777777777777
1490,733.8555555555556
1491,733.3333333333334
1492,732.8111111111111
1493,732.2888888888889
1494,731.7666666666667
1495,731.2444444444444
1496,730.7222222222222
1497,730.2
1498,729.6777777777778
1499,729.1555555555556
1500,728.6333333333333
1501,728.1111111111111
1502,727.5888888888888
1503,727.0666666666667
1504,726.5444444444445
1505,726.0222222222222
1506,725.5
1507,724.9777777777778
1508,724.4555555555555
1509,723.9333333333333
1510,723.4111111111112
1511,722.8888888888889
1512,722.3666666666667
1513,721.8444444444444
1514,721.3222222222222
1515,720.8
1516,720.2777777777778
1517,719.7555555555556
1518,719.2333333333333
1519,718.7111111111111
1520,718.1888888888889
1521,717.6666666666666
1522,717.1444444444444
1523,716.6222222222223
1524,716.1
1525,715.5777777777778
1526,715.0555555555555
1527,714.5333333333333
1528,714.0111111111111
1529,713.4888888888889
1530,712.9666666666667
1531,712.4444444444445
1532,711.9222222222222
1533,711.4
1534,710.8777777777777
1535,710.3555555555556
1536,709.8333333333334
1537,709.3111111111111
1538,708.7888888888889
1539,708.2666666666667
1540,707.7444444444444
1541,707.2222222222222
1542,706.7
1543,706.1777777777778
1544,705.6555555555556
1545,705.1333333333333
1546,704.6111111111111
1547,704.0888888888888
1548,703.5666666666666
1549,703.0444444444445
1550,702.5222222222222
1551,702.0
1552,702.2857142857143
1553,702.5714285714286
1554,702.8571428571429
1555,703.1428571428571
1556,703.4285714285714
1557,703.7142857142857
1558,704.0
1559,704.2857142857143
1560,704.5714285714286
1561,704.8571428571429
1562,705.1428571428571
1563,705.4285714285714
1564,705.7142857142857
1565,706.0
1566,706.2857142857143
1567,706.5714285714286
1568,706.8571428571429
1569,707.1428571428571
1570,707.4285714285714
1571,707.7142857142857
1572,708.0
1573,708.2857142857143
1574,708.5714285714286
1575,708.8571428571429
1576,709.1428571428571
1577,709.4285714285714
1578,709.7142857142857
1579,710.0
1580,710.2857142857143
1581,710.5714285714286
1582,710.8571428571429
1583,711.1428571428571
1584,711.4285714285714
1585,711.7142857142857
1586,712.0
1587,712.2857142857143
1588,712.5714285714286
1589,712.8571428571429
1590,713.1428571428571
1591,713.4285714285714
1592,713.7142857142857
1593,714.0
1594,714.2857142857143
1595,714.5714285714286
1596,714.8571428571429
1597,715.1428571428571
1598,715.4285714285714
1599,715.7142857142857
1600,716.0
1601,716.2857142857143
1602,716.5714285714286
1603,716.8571428571429
1604,717.1428571428571
1605,717.4285714285714
1606,717.7142857142857
1607,718.0
1608,718.2857142857143
1609,718.5714285714286
1610,718.8571428571429
1611,719.1428571428571
1612,719.4285714285714
1613,719.7142857142857
1614,720.0
1615,720.2857142857143
1616,720.5714285714286
1617,720.8571428571429
1618,721.1428571428571
1619,721.4285714285714
1620,721.7142857142857
1621,722.0
1622,722.2857142857143
1623,722.5714285714286
1624,722.8571428571429
1625,723.1428571428571
1626,723.4285714285714
1627,723.7142857142857
1628,724.0
1629,724.2857142857143
1630,724.5714285714286
1631,724.8571428571429
1632,725.1428571428571
1633,725.4285714285714
1634,725.7142857142857
1635,726.0
1636,726.2857142857143
1637,726.5714285714286
1638,726.8571428571429
1639,727.1428571428571
1640,727.4285714285714
1641,727.7142857142857
1642,728.0
1643,727.945652173913
1644,727.8913043478261
1645,727.8369565217391
1646,727.7826086956521
1647,727.7282608695652
1648,727.6739130434783
1649,727.6195652173913
1650,727.5652173913044
1651,727.5108695652174
1652,727.4565217391304
1653,727.4021739130435
1654,727.3478260869565
1655,727.2934782608696
1656,727.2391304347826
1657,727.1847826086956
1658,727.1304347826087
1659,727.0760869565217
1660,727.0217391304348
1661,726.9673913043479
1662,726.9130434782609
1663,726.8586956521739
1664,726.804347826087
1665,726.75
1666,726.695652173913
1667,726.6413043478261
1668,726.5869565217391
1669,726.5326086956521
1670,726.4782608695652
1671,726.4239130434783
1672,726.3695652173913
1673,726.3152173913044
1674,726.2608695652174
1675,726.2065217391304
1676,726.1521739130435
1677,726.0978260869565
1678,726.0434782608696
1679,725.9891304347826
1680,725.9347826086956
1681,725.8804347826087
1682,725.8260869565217
1683,725.7717391304348
1684,725.7173913043479
1685,725.6630434782609
1686,725.6086956521739
1687,725.554347826087
1688,725.5
1689,725.445652173913
1690,725.3913043478261
1691,725.3369565217391
1692,725.2826086956521
1693,725.2282608695652
1694,725.1739130434783
1695,725.1195652173913
1696,725.0652173913044
1697,725.0108695652174
1698,724.9565217391304
1699,724.9021739130435
1700,724.8478260869565
1701,724.7934782608696
1702,724.7391304347826
1703,724.6847826086956
1704,724.6304347826087
1705,724.5760869565217
1706,724.5217391304348
1707,724.4673913043479
1708,724.4130434782609
1709,724.3586956521739
1710,724.304347826087
1711,724.25
1712,724.195652173913
1713,724.1413043478261
1714,724.0869565217391
1715,724.0326086956521
1716,723.9782608695652
1717,723.9239130434783
1718,723.8695652173913
1719,723.8152173913044
1720,723.7608695652174
1721,723.7065217391304
1722,723.6521739130435
1723,723.5978260869565
1724,723.5434782608696
1725,723.4891304347826
1726,723.4347826086956
1727,723.3804347826087
1728,723.3260869565217
1729,723.2717391304348
1730,723.2173913043479
1731,723.1630434782609
1732,723.1086956521739
1733,723.054347826087
1734,723.0
1735,723.554347826087
1736,724.1086956521739
1737,724.6630434782609
1738,725.2173913043479
1739,725.7717391304348
1740,726.3260869565217
1741,726.8804347826087
1742,727.4347826086956
1743,727.9891304347826
1744,728.5434782608696
1745,729.0978260869565
1746,729.6521739130435
1747,730.2065217391304
1748,730.7608695652174
1749,731.3152173913044
1750,731.8695652173913
1751,732.4239130434783
1752,732.9782608695652
1753,733.5326086956521
1754,734.0869565217391
1755,734.6413043478261
1756,735.195652173913
1757,735.75
1758,736.304347826087
1759,736.8586956521739
1760,737.4130434782609
1761,737.9673913043479
1762,738.5217391304348
1763,739.0760869565217
1764,739.6304347826087
1765,740.1847826086956
1766,740.7391304347826
1767,741.2934782608696
1768,741.8478260869565
1769,742.4021739130435
1770,742.9565217391305
1771,743.5108695652174
1772,744.0652173913044
1773,744.6195652173913
1774,745.1739130434783
1775,745.7282608695652
1776,746.2826086956521
1777,746.8369565217391
1778,747.3913043478261
1779,747.945652173913
1780,748.5
1781,749.054347826087
1782,749.6086956521739
1783,750.1630434782609
1784,750.7173913043479
1785,751.2717391304348
1786,751.8260869565217
1787,752.3804347826087
1788,752.9347826086956
1789,753.4891304347826
1790,754.0434782608696
1791,754.5978260869565
1792,755.1521739130435
1793,755.7065217391305
1794,756.2608695652174
1795,756.8152173913044
1796,757.3695652173913
1797,757.9239130434783
1798,758.4782608695652
1799,759.0326086956521
1800,759.5869565217391
1801,760.1413043478261
1802,760.695652173913
1803,761.25
1804,761.804347826087
1805,762.3586956521739
1806,762.9130434782609
1807,763.4673913043479
1808,764.0217391304348
1809,764.5760869565217
1810,765.1304347826087
1811,765.6847826086956
1812,766.2391304347826
1813,766.7934782608696
1814,767.3478260869565
1815,767.9021739130435
1816,768.4565217391305
1817,769.0108695652174
1818,769.5652173913044
1819,770.1195652173913
1820,770.6739130434783
1821,771.2282608695652
1822,771.7826086956521
1823,772.3369565217391
1824,772.8913043478261
1825,773.445652173913
1826,774.0
1827,773.6777777777778
1828,773.3555555555556
1829,773.0333333333333
1830,772.7111111111111
1831,772.3888888888889
1832,772.0666666666667
1833,771.7444444444444
1834,771.4222222222222
1835,771.1
1836,770.7777777777778
1837,770.4555555555555
1838,770.1333333333333
1839,769.8111111111111
1840,769.4888888888889
1841,769.1666666666666
1842,768.8444444444444
1843,768.5222222222222
1844,768.2
1845,767.8777777777777
1846,767.5555555555555
1847,767.2333333333333
1848,766.9111111111112
1849,766.5888888888888
1850,766.2666666666667
1851,765.9444444444445
1852,765.6222222222223
1853,765.3
1854,764.9777777777778
1855,764.6555555555556
1856,764.3333333333334
1857,764.0111111111111
1858,763.6888888888889
1859,763.3666666666667
1860,763.0444444444445
1861,762.7222222222222
1862,762.4
1863,762.0777777777778
1864,761.7555555555556
1865,761.4333333333333
1866,761.1111111111111
1867,760.7888888888889
1868,760.4666666666667
1869,760.1444444444444
1870,759.8222222222222
1871,759.5
1872,759.1777777777778
1873,758.8555555555556
1874,758.5333333333333
1875,758.2111111111111
1876,757.8888888888889
1877,757.5666666666667
1878,757.2444444444444
1879,756.9222222222222
1880,756.6
1881,756.2777777777778
1882,755.9555555555555
1883,755.6333333333333
1884,755.3111111111111
1885,754.9888888888889
1886,754.6666666666666
1887,754.3444444444444
1888,754.0222222222222
1889,753.7
1890,753.3777777777777
1891,753.0555555555555
1892,752.7333333333333
1893,752.4111111111112
1894,752.0888888888888
1895,751.7666666666667
1896,751.4444444444445
1897,751.1222222222223
1898,750.8
1899,750.4777777777778
1900,750.1555555555556
1901,749.8333333333334
1902,749.5111111111111
1903,749.1888888888889
1904,748.8666666666667
1905,748.5444444444445
1906,748.2222222222222
1907,747.9
1908,747.5777777777778
1909,747.2555555555556
1910,746.9333333333333
1911,746.6111111111111
1912,746.2888888888889
1913,745.9666666666667
1914,745.6444444444444
1915,745.3222222222222
1916,745.0
1917,744.2967032967033
1918,743.5934065934066
1919,742.8901098901099
1920,742.1868131868132
1921,741.4835164835165
1922,740.7802197802198
1923,740.0769230769231
1924,739.3736263736264
1925,738.6703296703297
1926,737.967032967033
1927,737.2637362637363
1928,736.5604395604396
1929,735.8571428571429
1930,735.1538461538462
1931,734.4505494505495
1932,733.7472527472528
1933,733.0439560439561
1934,732.3406593406594
1935,731.6373626373627
1936,730.934065934066
1937,730.2307692307693
1938,729.5274725274726
1939,728.8241758241758
1940,728.1208791208791
1941,727.4175824175824
1942,726.7142857142857
1943,726.010989010989
1944,725.3076923076923
1945,724.6043956043956
1946,723.9010989010989
1947,723.1978021978022
1948,722.4945054945055
1949,721.7912087912088
1950,721.0879120879121
1951,720.3846153846154
1952,719.6813186813187
1953,718.978021978022
1954,718.2747252747253
1955,717.5714285714286
1956,716.8681318681319
1957,716.1648351648352
1958,715.4615384615385
1959,714.7582417582418
1960,714.054945054945
1961,713.3516483516484
1962,712.6483516483516
1963,711.945054945055
1964,711.2417582417582
1965,710.5384615384615
1966,709.8351648351648
1967,709.1318681318681
1968,708.4285714285714
1969,707.7252747252747
1970,707.021978021978
1971,706.3186813186813
1972,705.6153846153846
1973,704.9120879120879
1974,704.2087912087912
1975,703.5054945054945
1976,702.8021978021978
1977,702.0989010989011
1978,701.3956043956044
1979,700.6923076923077
1980,699.989010989011
1981,699.2857142857143
1982,698.5824175824175
1983,697.8791208791208
1984,697.1758241758241
1985,696.4725274725274
1986,695.7692307692307
1987,695.065934065934
1988,694.3626373626373
1989,693.6593406593406
1990,692.9560439560439
1991,692.2527472527472
1992,691.5494505494505
1993,690.8461538461538
1994,690.1428571428571
1995,689.4395604395604
1996,688.7362637362637
1997,688.032967032967
1998,687.3296703296703
1999,686.6263736263736
2000,685.9230769230769
2001,685.2197802197802
2002,684.5164835164835
2003,683.8131868131868
2004,683.1098901098901
2005,682.4065934065934
2006,681.7032967032967
2007,681.0
2008,681.2608695652174
2009,681.5217391304348
2010,681.7826086956521
2011,682.0434782608696
2012,682.304347826087
2013,682.5652173913044
2014,682.8260869565217
2015,683.0869565217391
2016,683.3478260869565
2017,683.6086956521739
2018,683.8695652173913
2019,684.1304347826087
2020,684.3913043478261
2021,684.6521739130435
2022,684.9130434782609
2023,685.1739130434783
2024,685.4347826086956
2025,685.695652173913
2026,685.9565217391304
2027,686.2173913043479
2028,686.4782608695652
2029,686.7391304347826
2030,687.0
2031,687.2608695652174
2032,687.5217391304348
2033,687.7826086956521
2034,688.0434782608696
2035,688.304347826087
2036,688.5652173913044
2037,688.8260869565217
2038,689.0869565217391
2039,689.3478260869565
2040,689.6086956521739
2041,689.8695652173913
2042,690.1304347826087
2043,690.3913043478261
2044,690.6521739130435
2045,690.9130434782609
2046,691.1739130434783
2047,691.4347826086956
2048,691.695652173913
2049,691.9565217391304
2050,692.2173913043479
2051,692.4782608695652
2052,692.7391304347826
2053,693.0
2054,693.2608695652174
2055,693.5217391304348
2056,693.7826086956521
2057,694.0434782608696
2058,694.304347826087
2059,694.5652173913044
2060,694.8260869565217
2061,695.0869565217391
2062,695.3478260869565
2063,695.6086956521739
2064,695.8695652173913
2065,696.1304347826087
2066,696.3913043478261
2067,696.6521739130435
2068,696.9130434782609
2069,697.1739130434783
2070,697.4347826086956
2071,697.695652173913
2072,697.9565217391304
2073,698.2173913043479
2074,698.4782608695652
2075,698.7391304347826
2076,699.0
2077,699.2608695652174
2078,699.5217391304348
2079,699.7826086956521
2080,700.0434782608696
2081,700.304347826087
2082,700.5652173913044
2083,700.8260869565217
2084,701.0869565217391
2085,701.3478260869565
2086,701.6086956521739
2087,701.8695652173913
2088,702.1304347826087
2089,702.3913043478261
2090,702.6521739130435
2091,702.9130434782609
2092,703.1739130434783
2093,703.4347826086956
2094,703.695652173913
2095,703.9565217391304
2096,704.2173913043479
2097,704.4782608695652
2098,704.7391304347826
2099,705.0
2100,705.8369565217391
2101,706.6739130434783
2102,707.5108695652174
2103,708.3478260869565
2104,709.1847826086956
2105,710.0217391304348
2106,710.8586956521739
2107,711.695652173913
2108,712.5326086956521
2109,713.3695652173913
2110,714.2065217391304
2111,715.0434782608696
2112,715.8804347826087
2113,716.7173913043479
2114,717.554347826087
2115,718.3913043478261
2116,719.2282608695652
2117,720.0652173913044
2118,720.9021739130435
2119,721.7391304347826
2120,722.5760869565217
2121,723.4130434782609
2122,724.25
2123,725.0869565217391
2124,725.9239130434783
2125,726.7608695652174
2126,727.5978260869565
2127,728.4347826086956
2128,729.2717391304348
2129,730.1086956521739
2130,730.945652173913
2131,731.7826086956521
2132,732.6195652173913
2133,733.4565217391305
2134,734.2934782608696
2135,735.1304347826087
2136,735.9673913043479
2137,736.804347826087
2138,737.6413043478261
2139,738.4782608695652
2140,739.3152173913044
2141,740.1521739130435
2142,740.9891304347826
2143,741.8260869565217
2144,742.6630434782609
2145,743.5
2146,744.3369565217391
2147,745.1739130434783
2148,746.0108695652174
2149,746.8478260869565
2150,747.6847826086956
2151,748.5217391304348
2152,749.3586956521739
2153,750.195652173913
2154,751.0326086956521
2155,751.8695652173913
2156,752.7065217391305
2157,753.5434782608696
2158,754.3804347826087
2159,755.2173913043479
2160,756.054347826087
2161,756.8913043478261
2162,757.7282608695652
2163,758.5652173913044
2164,759.4021739130435
2165,760.2391304347826
2166,761.0760869565217
2167,761.9130434782609
2168,762.75
2169,763.5869565217391
2170,764.4239130434783
2171,765.2608695652174
2172,766.0978260869565
2173,766.9347826086956
2174,767.7717391304348
2175,768.6086956521739
2176,769.445652173913
2177,770.2826086956521
2178,771.1195652173913
2179,771.9565217391305
2180,772.7934782608695
2181,773.6304347826087
2182,774.4673913043479
2183,775.304347826087
2184,776.1413043478261
2185,776.9782608695652
2186,777.8152173913044
2187,778.6521739130435
2188,779.4891304347826
2189,780.3260869565217
2190,781.1630434782609
2191,782.0
2192,780.6043956043956
2193,779.2087912087912
2194,777.8131868131868
2195,776.4175824175824
2196,775.021978021978
2197,773.6263736263736
2198,772.2307692307693
2199,770.8351648351648
2200,769.4395604395604
2201,768.0439560439561
2202,766.6483516483516
2203,765.2527472527472
2204,763.8571428571429
2205,762.4615384615385
2206,761.065934065934
2207,759.6703296703297
2208,758.2747252747253
2209,756.8791208791209
2210,755.4835164835165
2211,754.0879120879121
2212,752.6923076923077
2213,751.2967032967033
2214,749.9010989010989
2215,748.5054945054945
2216,747.1098901098901
2217,745.7142857142857
2218,744.3186813186813
2219,742.9230769230769
2220,741.5274725274726
2221,740.1318681318681
2222,738.7362637362637
2223,737.3406593406594
2224,735.945054945055
2225,734.5494505494505
2226,733.1538461538462
2227,731.7582417582418
2228,730.3626373626373
2229,728.967032967033
2230,727.5714285714286
2231,726.1758241758241
2232,724.7802197802198
2233,723.3846153846154
2234,721.989010989011
2235,720.5934065934066
2236,719.1978021978022
2237,717.8021978021978
2238,716.4065934065934
2239,715.0109890109891
2240,713.6153846153846
2241,712.2197802197802
2242,710.8241758241759
2243,709.4285714285714
2244,708.032967032967
2245,706.6373626373627
2246,705.2417582417582
2247,703.8461538461538
2248,702.4505494505495
2249,701.054945054945
2250,699.6593406593406
2251,698.2637362637363
2252,696.8681318681319
2253,695.4725274725274
2254,694.0769230769231
2255,692.6813186813187
2256,691.2857142857143
2257,689.8901098901099
2258,688.4945054945055
2259,687.0989010989011
2260,685.7032967032967
2261,684.3076923076923
2262,682.9120879120879
2263,681.5164835164835
2264,680.1208791208792
2265,678.7252747252747
2266,677.3296703296703
2267,675.934065934066
2268,674.5384615384615
2269,673.1428571428571
2270,671.7472527472528
2271,670.3516483516484
2272,668.9560439560439
2273,667.5604395604396
2274,666.1648351648352
2275,664.7692307692307
2276,663.3736263736264
2277,661.978021978022
2278,660.5824175824176
2279,659.1868131868132
2280,657.7912087912088
2281,656.3956043956044
2282,655.0
2283,652.7582417582418
2284,650.5164835164835
2285,648.2747252747253
2286,646.032967032967
2287,643.7912087912088
2288,641.5494505494505
2289,639.3076923076923
2290,637.065934065934
2291,634.8241758241759
2292,632.5824175824176
2293,630.3406593406594
2294,628.0989010989011
2295,625.8571428571429
2296,623.6153846153846
2297,621.3736263736264
2298,619.1318681318681
2299,616.8901098901099
2300,614.6483516483516
2301,612.4065934065934
2302,610.1648351648352
2303,607.9230769230769
2304,605.6813186813187
2305,603.4395604395604
2306,601.1978021978022
2307,598.9560439560439
2308,596.7142857142857
2309,594.4725274725274
2310,592.2307692307693
2311,589.989010989011
2312,587.7472527472528
2313,585.5054945054945
2314,583.2637362637363
2315,581.021978021978
2316,578.7802197802198
2317,576.5384615384615
2318,574.2967032967033
2319,572.054945054945
2320,569.8131868131868
2321,567.5714285714286
2322,565.3296703296703
2323,563.0879120879121
2324,560.8461538461538
2325,558.6043956043956
2326,556.3626373626373
2327,554.1208791208792
2328,551.8791208791208
2329,549.6373626373627
2330,547.3956043956044
2331,545.1538461538462
2332,542.9120879120879
2333,540.6703296703297
2334,538.4285714285714
2335,536.1868131868132
2336,533.945054945055
2337,531.7032967032967
2338,529.4615384615385
2339,527.2197802197802
2340,524.978021978022
2341,522.7362637362637
2342,520.4945054945055
2343,518.2527472527472
2344,516.0109890109891
2345,513.7692307692307
2346,511.5274725274725
2347,509.2857142857143
2348,507.04395604395603
2349,504.80219780219784
2350,502.5604395604396
2351,500.31868131868134
2352,498.0769230769231
2353,495.83516483516485
2354,493.5934065934066
2355,491.35164835164835
2356,489.1098901098901
2357,486.86813186813185
2358,484.6263736263736
2359,482.38461538461536
2360,480.1428571428571
2361,477.90109890109886
2362,475.65934065934067
2363,473.4175824175824
2364,471.1758241758242
2365,468.9340659340659
2366,466.6923076923077
2367,464.4505494505495
2368,462.20879120879124
2369,459.967032967033
2370,457.72527472527474
2371,455.4835164835165
2372,453.24175824175825
2373,451.0
2374,450.4891304347826
2375,449.9782608695652
2376,449.4673913043478
2377,448.95652173913044
2378,448.44565217391306
2379,447.9347826086956
2380,447.42391304347825
2381,446.9130434782609
2382,446.4021739130435
2383,445.89130434782606
2384,445.3804347826087
2385,444.8695652173913
2386,444.35869565217394
2387,443.8478260869565
2388,443.3369565217391
2389,442.82608695652175
2390,442.3152173913044
2391,441.80434782608694
2392,441.29347826086956
2393,440.7826086956522
2394,440.27173913043475
2395,439.7608695652174
2396,439.25
2397,438.7391304347826
2398,438.2282608695652
2399,437.7173913043478
2400,437.20652173913044
2401,436.69565217391306
2402,436.1847826086956
2403,435.67391304347825
2404,435.1630434782609
2405,434.6521739130435
2406,434.14130434782606
2407,433.6304347826087
2408,433.1195652173913
2409,432.60869565217394
2410,432.0978260869565
2411,431.5869565217391
2412,431.07608695652175
2413,430.5652173913044
2414,430.05434782608694
2415,429.54347826086956
2416,429.0326086956522
2417,428.52173913043475
2418,428.0108695652174
2419,427.5
2420,426.9891304347826
2421,426.4782608695652
2422,425.9673913043478
2423,425.45652173913044
2424,424.94565217391306
2425,424.4347826086956
2426,423.92391304347825
2427,423.4130434782609
2428,422.9021739130435
2429,422.39130434782606
2430,421.8804347826087
2431,421.3695652173913
2432,420.85869565217394
2433,420.3478260869565
2434,419.8369565217391
2435,419.32608695652175
2436,418.8152173913044
2437,418.30434782608694
2438,417.79347826086956
2439,417.2826086956522
2440,416.77173913043475
2441,416.2608695652174
2442,415.75
2443,415.2391304347826
2444,414.7282608695652
2445,414.2173913043478
2446,413.70652173913044
2447,413.19565217391306
2448,412.6847826086956
2449,412.17391304347825
2450,411.6630434782609
2451,411.1521739130435
2452,410.64130434782606
2453,410.1304347826087
2454,409.6195652173913
2455,409.1086956521739
2456,408.5978260869565
2457,408.0869565217391
2458,407.57608695652175
2459,407.0652173913044
2460,406.55434782608694
2461,406.04347826086956
2462,405.5326086956522
2463,405.02173913043475
2464,404.5108695652174
2465,404.0
2466,404.6304347826087
2467,405.2608695652174
2468,405.89130434782606
2469,406.5217391304348
2470,407.1521739130435
2471,407.7826086956522
2472,408.4130434782609
2473,409.04347826086956
2474,409.67391304347825
2475,410.30434782608694
2476,410.9347826086956
2477,411.5652173913044
2478,412.19565217391306
2479,412.82608695652175
2480,413.45652173913044
2481,414.0869565217391
2482,414.7173913043478
2483,415.3478260869565
2484,415.97826086956525
2485,416.60869565217394
2486,417.2391304347826
2487,417.8695652173913
2488,418.5
2489,419.1304347826087
2490,419.7608695652174
2491,420.39130434782606
2492,421.0217391304348
2493,421.6521739130435
2494,422.2826086956522
2495,422.9130434782609
2496,423.54347826086956
2497,424.17391304347825
2498,424.80434782608694
2499,425.4347826086956
2500,426.0652173913044
2501,426.69565217391306
2502,427.32608695652175
2503,427.95652173913044
2504,428.5869565217391
2505,429.2173913043478
2506,429.8478260869565
2507,430.47826086956525
2508,431.10869565217394
2509,431.7391304347826
2510,432.3695652173913
2511,433.0
2512,433.6304347826087
2513,434.2608695652174
2514,434.89130434782606
2515,435.5217391304348
2516,436.1521739130435
2517,436.7826086956522
2518,437.4130434782609
2519,438.04347826086956
2520,438.67391304347825
2521,439.30434782608694
2522,439.9347826086956
2523,440.5652173913044
2524,441.19565217391306
2525,441.82608695652175
2526,442.45652173913044
2527,443.0869565217391
2528,443.7173913043478
2529,444.3478260869565
2530,444.97826086956525
2531,445.60869565217394
2532,446.2391304347826
2533,446.8695652173913
2534,447.5
2535,448.1304347826087
2536,448.7608695652174
2537,449.39130434782606
2538,450.02173913043475
2539,450.6521739130435
2540,451.2826086956522
2541,451.9130434782609
2542,452.54347826086956
2543,453.17391304347825
2544,453.80434782608694
2545,454.4347826086956
2546,455.0652173913044
2547,455.69565217391306
2548,456.32608695652175
2549,456.95652173913044
2550,457.5869565217391
2551,458.2173913043478
2552,458.8478260869565
2553,459.47826086956525
2554,460.10869565217394
2555,460.7391304347826
2556,461.3695652173913
2557,462.0
2558,463.5888888888889
2559,465.1777777777778
2560,466.76666666666665
2561,468.35555555555555
2562,469.94444444444446
2563,471.53333333333336
2564,473.1222222222222
2565,474.7111111111111
2566,476.3
2567,477.8888888888889
2568,479.47777777777776
2569,481.06666666666666
2570,482.65555555555557
2571,484.24444444444447
2572,485.8333333333333
2573,487.4222222222222
2574,489.0111111111111
2575,490.6
2576,492.18888888888887
2577,493.77777777777777
2578,495.3666666666667
2579,496.9555555555556
2580,498.5444444444444
2581,500.1333333333333
2582,501.72222222222223
2583,503.31111111111113
2584,504.9
2585,506.4888888888889
2586,508.0777777777778
2587,509.6666666666667
2588,511.25555555555553
2589,512.8444444444444
2590,514.4333333333333
2591,516.0222222222222
2592,517.6111111111111
2593,519.2
2594,520.7888888888889
2595,522.3777777777777
2596,523.9666666666667
2597,525.5555555555555
2598,527.1444444444444
2599,528.7333333333333
2600,530.3222222222222
2601,531.9111111111112
2602,533.5
2603,535.0888888888888
2604,536.6777777777778
2605,538.2666666666667
2606,539.8555555555556
2607,541.4444444444445
2608,543.0333333333333
2609,544.6222222222223
2610,546.2111111111111
2611,547.8
2612,549.3888888888889
2613,550.9777777777778
2614,552.5666666666666
2615,554.1555555555556
2616,555.7444444444444
2617,557.3333333333334
2618,558.9222222222222
2619,560.5111111111111
2620,562.1
2621,563.6888888888889
2622,565.2777777777778
2623,566.8666666666667
2624,568.4555555555555
2625,570.0444444444445
2626,571.6333333333333
2627,573.2222222222222
2628,574.8111111111111
2629,576.4
2630,577.9888888888888
2631,579.5777777777778
2632,581.1666666666666
2633,582.7555555555556
2634,584.3444444444444
2635,585.9333333333333
2636,587.5222222222222
2637,589.1111111111111
2638,590.7
2639,592.2888888888889
2640,593.8777777777777
2641,595.4666666666667
2642,597.0555555555555
2643,598.6444444444444
2644,600.2333333333333
2645,601.8222222222222
2646,603.411111111111
2647,605.0
2648,605.0
2649,605.0
2650,605.0
2651,605.0
2652,605.0
2653,605.0
2654,605.0
2655,605.0
2656,605.0
2657,605.0
2658,605.0
2659,605.0
2660,605.0
2661,605.0
2662,605.0
2663,605.0
2664,605.0
2665,605.0
2666,605.0
2667,605.0
2668,605.0
2669,605.0
2670,605.0
2671,605.0
2672,605.0
2673,605.0
2674,605.0
2675,605.0
2676,605.0
2677,605.0
2678,605.0
2679,605.0
2680,605.0
2681,605.0
2682,605.0
2683,605.0
2684,605.0
2685,605.0
2686,605.0
2687,605.0
2688,605.0
2689,605.0
2690,605.0
2691,605.0
2692,605.0
2693,605.0
2694,605.0
2695,605.0
2696,605.0
2697,605.0
2698,605.0
2699,605.0
2700,605.0
2701,605.0
2702,605.0
2703,605.0
2704,605.0
2705,605.0
2706,605.0
2707,605.0
2708,605.0
2709,605.0
2710,605.0
2711,605.0
2712,605.0
2713,605.0
2714,605.0
2715,605.0
2716,605.0
2717,605.0
2718,605.0
2719,605.0
2720,605.0
2721,605.0
2722,605.0
2723,605.0
2724,605.0
2725,605.0
2726,605.0
2727,605.0
2728,605.0
2729,605.0
2730,605.0
2731,605.0
2732,605.0
2733,605.0
2734,605.0
2735,605.0
2736,605.0
2737,605.0
2738,605.0
2739,605.0760869565217
2740,605.1521739130435
2741,605.2282608695652
2742,605.304347826087
2743,605.3804347826087
2744,605.4565217391304
2745,605.5326086956521
2746,605.6086956521739
2747,605.6847826086956
2748,605.7608695652174
2749,605.8369565217391
2750,605.9130434782609
2751,605.9891304347826
2752,606.0652173913044
2753,606.1413043478261
2754,606.2173913043479
2755,606.2934782608696
2756,606.3695652173913
2757,606.445652173913
2758,606.5217391304348
2759,606.5978260869565
2760,606.6739130434783
2761,606.75
2762,606.8260869565217
2763,606.9021739130435
2764,606.9782608695652
2765,607.054347826087
2766,607.1304347826087
2767,607.2065217391304
2768,607.2826086956521
2769,607.3586956521739
2770,607.4347826086956
2771,607.5108695652174
2772,607.5869565217391
2773,607.6630434782609
2774,607.7391304347826
2775,607.8152173913044
2776,607.8913043478261
2777,607.9673913043479
2778,608.0434782608696
2779,608.1195652173913
2780,608.195652173913
2781,608.2717391304348
2782,608.3478260869565
2783,608.4239130434783
2784,608.5
2785,608.5760869565217
2786,608.6521739130435
2787,608.7282608695652
2788,608.804347826087
2789,608.8804347826087
2790,608.9565217391304
2791,609.0326086956521
2792,609.1086956521739
2793,609.1847826086956
2794,609.2608695652174
2795,609.3369565217391
2796,609.4130434782609
2797,609.4891304347826
2798,609.5652173913044
2799,609.6413043478261
2800,609.7173913043479
2801,609.7934782608696
2802,609.8695652173913
2803,609.945652173913
2804,610.0217391304348
2805,610.0978260869565
2806,610.1739130434783
2807,610.25
2808,610.3260869565217
2809,610.4021739130435
2810,610.4782608695652
2811,610.554347826087
2812,610.6304347826087
2813,610.7065217391304
2814,610.7826086956521
2815,610.8586956521739
2816,610.9347826086956
2817,611.0108695652174
2818,611.0869565217391
2819,611.1630434782609
2820,611.2391304347826
2821,611.3152173913044
2822,611.3913043478261
2823,611.4673913043479
2824,611.5434782608696
2825,611.6195652173913
2826,611.695652173913
2827,611.7717391304348
2828,611.8478260869565
2829,611.9239130434783
2830,612.0
2831,611.7826086956521
2832,611.5652173913044
2833,611.3478260869565
2834,611.1304347826087
2835,610.9130434782609
2836,610.695652173913
2837,610.4782608695652
2838,610.2608695652174
2839,610.0434782608696
2840,609.8260869565217
2841,609.6086956521739
2842,609.3913043478261
2843,609.1739130434783
2844,608.9565217391304
2845,608.7391304347826
2846,608.5217391304348
2847,608.304347826087
2848,608.0869565217391
2849,607.8695652173913
2850,607.6521739130435
2851,607.4347826086956
2852,607.2173913043479
2853,607.0
2854,606.7826086956521
2855,606.5652173913044
2856,606.3478260869565
2857,606.1304347826087
2858,605.9130434782609
2859,605.695652173913
2860,605.4782608695652
2861,605.2608695652174
2862,605.0434782608696
2863,604.8260869565217
2864,604.6086956521739
2865,604.3913043478261
2866,604.1739130434783
2867,603.9565217391304
2868,603.7391304347826
2869,603.5217391304348
2870,603.304347826087
2871,603.0869565217391
2872,602.8695652173913
2873,602.6521739130435
2874,602.4347826086956
2875,602.2173913043479
2876,602.0
2877,601.7826086956521
2878,601.5652173913044
2879,601.3478260869565
2880,601.1304347826087
2881,600.9130434782609
2882,600.695652173913
2883,600.4782608695652
2884,600.2608695652174
2885,600.0434782608696
2886,599.8260869565217
2887,599.6086956521739
2888,599.3913043478261
2889,599.1739130434783
2890,598.9565217391304
2891,598.7391304347826
2892,598.5217391304348
2893,598.304347826087
2894,598.0869565217391
2895,597.8695652173913
2896,597.6521739130435
2897,597.4347826086956
2898,597.2173913043479
2899,597.0
2900,596.7826086956521
2901,596.5652173913044
2902,596.3478260869565
2903,596.1304347826087
2904,595.9130434782609
2905,595.695652173913
2906,595.4782608695652
2907,595.2608695652174
2908,595.0434782608696
2909,594.8260869565217
2910,594.6086956521739
2911,594.3913043478261
2912,594.1739130434783
2913,593.9565217391304
2914,593.7391304347826
2915,593.5217391304348
2916,593.304347826087
2917,593.0869565217391
2918,592.8695652173913
2919,592.6521739130435
2920,592.4347826086956
2921,592.2173913043479
2922,592.0
2923,592.3111111111111
2924,592.6222222222223
2925,592.9333333333333
2926,593.2444444444444
2927,593.5555555555555
2928,593.8666666666667
2929,594.1777777777778
2930,594.4888888888889
2931,594.8
2932,595.1111111111111
2933,595.4222222222222
2934,595.7333333333333
2935,596.0444444444445
2936,596.3555555555556
2937,596.6666666666666
2938,596.9777777777778
2939,597.2888888888889
2940,597.6
2941,597.9111111111112
2942,598.2222222222222
2943,598.5333333333333
2944,598.8444444444444
2945,599.1555555555556
2946,599.4666666666667
2947,599.7777777777778
2948,600.0888888888888
2949,600.4
2950,600.7111111111111
2951,601.0222222222222
2952,601.3333333333334
2953,601.6444444444444
2954,601.9555555555555
2955,602.2666666666667
2956,602.5777777777778
2957,602.8888888888889
2958,603.2
2959,603.5111111111111
2960,603.8222222222222
2961,604.1333333333333
2962,604.4444444444445
2963,604.7555555555556
2964,605.0666666666667
2965,605.3777777777777
2966,605.6888888888889
2967,606.0
2968,606.3111111111111
2969,606.6222222222223
2970,606.9333333333333
2971,607.2444444444444
2972,607.5555555555555
2973,607.8666666666667
2974,608.1777777777778
2975,608.4888888888889
2976,608.8
2977,609.1111111111111
2978,609.4222222222222
2979,609.7333333333333
2980,610.0444444444445
2981,610.3555555555556
2982,610.6666666666666
2983,610.9777777777778
2984,611.2888888888889
2985,611.6
2986,611.9111111111112
2987,612.2222222222222
2988,612.5333333333333
2989,612.8444444444444
2990,613.1555555555556
2991,613.4666666666667
2992,613.7777777777778
2993,614.0888888888888
2994,614.4
2995,614.7111111111111
2996,615.0222222222222
2997,615.3333333333334
2998,615.6444444444444
2999,615.9555555555555
3000,616.2666666666667
3001,616.5777777777778
3002,616.8888888888889
3003,617.2
3004,617.5111111111111
3005,617.8222222222222
3006,618.1333333333333
3007,618.4444444444445
3008,618.7555555555556
3009,619.0666666666667
3010,619.3777777777777
3011,619.6888888888889
3012,620.0
3013,620.0769230769231
3014,620.1538461538462
3015,620.2307692307693
3016,620.3076923076923
3017,620.3846153846154
3018,620.4615384615385
3019,620.5384615384615
3020,620.6153846153846
3021,620.6923076923077
3022,620.7692307692307
3023,620.8461538461538
3024,620.9230769230769
3025,621.0
3026,621.0769230769231
3027,621.1538461538462
3028,621.2307692307693
3029,621.3076923076923
3030,621.3846153846154
3031,621.4615384615385
3032,621.5384615384615
3033,621.6153846153846
3034,621.6923076923077
3035,621.7692307692307
3036,621.8461538461538
3037,621.9230769230769
3038,622.0
3039,622.0769230769231
3040,622.1538461538462
3041,622.2307692307693
3042,622.3076923076923
3043,622.3846153846154
3044,622.4615384615385
3045,622.5384615384615
3046,622.6153846153846
3047,622.6923076923077
3048,622.7692307692307
3049,622.8461538461538
3050,622.9230769230769
3051,623.0
3052,623.0769230769231
3053,623.1538461538462
3054,623.2307692307693
3055,623.3076923076923
3056,623.3846153846154
3057,623.4615384615385
3058,623.5384615384615
3059,623.6153846153846
3060,623.6923076923077
3061,623.7692307692307
3062,623.8461538461538
3063,623.9230769230769
3064,624.0
3065,624.0769230769231
3066,624.1538461538462
3067,624.2307692307693
3068,624.3076923076923
3069,624.3846153846154
3070,624.4615384615385
3071,624.5384615384615
3072,624.6153846153846
3073,624.6923076923077
3074,624.7692307692307
3075,624.8461538461538
3076,624.9230769230769
3077,625.0
3078,625.0769230769231
3079,625.1538461538462
3080,625.2307692307693
3081,625.3076923076923
3082,625.3846153846154
3083,625.4615384615385
3084,625.5384615384615
3085,625.6153846153846
3086,625.6923076923077
3087,625.7692307692307
3088,625.8461538461538
3089,625.9230769230769
3090,626.0
3091,626.0769230769231
3092,626.1538461538462
3093,626.2307692307693
3094,626.3076923076923
3095,626.3846153846154
3096,626.4615384615385
3097,626.5384615384615
3098,626.6153846153846
3099,626.6923076923077
3100,626.7692307692307
3101,626.8461538461538
3102,626.9230769230769
3103,627.0
3104,627.2717391304348
3105,627.5434782608696
3106,627.8152173913044
3107,628.0869565217391
3108,628.3586956521739
3109,628.6304347826087
3110,628.9021739130435
3111,629.1739130434783
3112,629.445652173913
3113,629.7173913043479
3114,629.9891304347826
3115,630.2608695652174
3116,630.5326086956521
3117,630.804347826087
3118,631.0760869565217
3119,631.3478260869565
3120,631.6195652173913
3121,631.8913043478261
3122,632.1630434782609
3123,632.4347826086956
3124,632.7065217391304
3125,632.9782608695652
3126,633.25
3127,633.5217391304348
3128,633.7934782608696
3129,634.0652173913044
3130,634.3369565217391
3131,634.6086956521739
3132,634.8804347826087
3133,635.1521739130435
3134,635.4239130434783
3135,635.695652173913
3136,635.9673913043479
3137,636.2391304347826
3138,636.5108695652174
3139,636.7826086956521
3140,637.054347826087
3141,637.3260869565217
3142,637.5978260869565
3143,637.8695652173913
3144,638.1413043478261
3145,638.4130434782609
3146,638.6847826086956
3147,638.9565217391304
3148,639.2282608695652
3149,639.5
3150,639.7717391304348
3151,640.0434782608696
3152,640.3152173913044
3153,640.5869565217391
3154,640.8586956521739
3155,641.1304347826087
3156,641.4021739130435
3157,641.6739130434783
3158,641.945652173913
3159,642.2173913043479
3160,642.4891304347826
3161,642.7608695652174
3162,643.0326086956521
3163,643.304347826087
3164,643.5760869565217
3165,643.8478260869565
3166,644.1195652173913
3167,644.3913043478261
3168,644.6630434782609
3169,644.9347826086956
3170,645.2065217391304
3171,645.4782608695652
3172,645.75
3173,646.0217391304348
3174,646.2934782608695
3175,646.5652173913044
3176,646.8369565217391
3177,647.1086956521739
3178,647.3804347826087
3179,647.6521739130435
3180,647.9239130434783
3181,648.195652173913
3182,648.4673913043479
3183,648.7391304347826
3184,649.0108695652174
3185,649.2826086956521
3186,649.554347826087
3187,649.8260869565217
3188,650.0978260869565
3189,650.3695652173913
3190,650.6413043478261
3191,650.9130434782609
3192,651.1847826086956
3193,651.4565217391304
3194,651.7282608695652
3195,652.0
3196,652.3478260869565
3197,652.695652173913
3198,653.0434782608696
3199,653.3913043478261
3200,653.7391304347826
3201,654.0869565217391
3202,654.4347826086956
3203,654.7826086956521
3204,655.1304347826087
3205,655.4782608695652
3206,655.8260869565217
3207,656.1739130434783
3208,656.5217391304348
3209,656.8695652173913
3210,657.2173913043479
3211,657.5652173913044
3212,657.9130434782609
3213,658.2608695652174
3214,658.6086956521739
3215,658.9565217391304
3216,659.304347826087
3217,659.6521739130435
3218,660.0
3219,660.3478260869565
3220,660.695652173913
3221,661.0434782608696
3222,661.3913043478261
3223,661.7391304347826
3224,662.0869565217391
3225,662.4347826086956
3226,662.7826086956521
3227,663.1304347826087
3228,663.4782608695652
3229,663.8260869565217
3230,664.1739130434783
3231,664.5217391304348
3232,664.8695652173913
3233,665.2173913043479
3234,665.5652173913044
3235,665.9130434782609
3236,666.2608695652174
3237,666.6086956521739
3238,666.9565217391304
3239,667.304347826087
3240,667.6521739130435
3241,668.0
3242,668.3478260869565
3243,668.695652173913
3244,669.0434782608696
3245,669.3913043478261
3246,669.7391304347826
3247,670.0869565217391
3248,670.4347826086956
3249,670.7826086956521
3250,671.1304347826087
3251,671.4782608695652
3252,671.8260869565217
3253,672.1739130434783
3254,672.5217391304348
3255,672.8695652173913
3256,673.2173913043479
3257,673.5652173913044
3258,673.9130434782609
3259,674.2608695652174
3260,674.6086956521739
3261,674.9565217391304
3262,675.304347826087
3263,675.6521739130435
3264,676.0
3265,676.3478260869565
3266,676.695652173913
3267,677.0434782608695
3268,677.3913043478261
3269,677.7391304347826
3270,678.0869565217391
3271,678.4347826086956
3272,678.7826086956521
3273,679.1304347826087
3274,679.4782608695652
3275,679.8260869565217
3276,680.1739130434783
3277,680.5217391304348
3278,680.8695652173913
3279,681.2173913043479
3280,681.5652173913044
3281,681.9130434782609
3282,682.2608695652174
3283,682.6086956521739
3284,682.9565217391304
3285,683.304347826087
3286,683.6521739130435
3287,684.0
3288,683.7666666666667
3289,683.5333333333333
3290,683.3
3291,683.0666666666667
3292,682.8333333333334
3293,682.6
3294,682.3666666666667
3295,682.1333333333333
3296,681.9
3297,681.6666666666666
3298,681.4333333333333
3299,681.2
3300,680.9666666666667
3301,680.7333333333333
3302,680.5
3303,680.2666666666667
3304,680.0333333333333
3305,679.8
3306,679.5666666666667
3307,679.3333333333334
3308,679.1
3309,678.8666666666667
3310,678.6333333333333
3311,678.4
3312,678.1666666666666
3313,677.9333333333333
3314,677.7
3315,677.4666666666667
3316,677.2333333333333
3317,677.0
3318,676.7666666666667
3319,676.5333333333333
3320,676.3
3321,676.0666666666667
3322,675.8333333333334
3323,675.6
3324,675.3666666666667
3325,675.1333333333333
3326,674.9
3327,674.6666666666666
3328,674.4333333333333
3329,674.2
3330,673.9666666666667
3331,673.7333333333333
3332,673.5
3333,673.2666666666667
3334,673.0333333333333
3335,672.8
3336,672.5666666666667
3337,672.3333333333334
3338,672.1
3339,671.8666666666667
3340,671.6333333333333
3341,671.4
3342,671.1666666666666
3343,670.9333333333333
3344,670.7
3345,670.4666666666667
3346,670.2333333333333
3347,670.0
3348,669.7666666666667
3349,669.5333333333333
3350,669.3
3351,669.0666666666667
3352,668.8333333333334
3353,668.6
3354,668.3666666666667
3355,668.1333333333333
3356,667.9
3357,667.6666666666666
3358,667.4333333333333
3359,667.2
3360,666.9666666666667
3361,666.7333333333333
3362,666.5
3363,666.2666666666667
3364,666.0333333333333
3365,665.8
3366,665.5666666666667
3367,665.3333333333334
3368,665.1
3369,664.8666666666667
3370,664.6333333333333
3371,664.4
3372,664.1666666666666
3373,663.9333333333333
3374,663.7
3375,663.4666666666667
3376,663.2333333333333
3377,663.0
3378,662.945054945055
3379,662.8901098901099
3380,662.8351648351648
3381,662.7802197802198
3382,662.7252747252747
3383,662.6703296703297
3384,662.6153846153846
3385,662.5604395604396
3386,662.5054945054945
3387,662.4505494505495
3388,662.3956043956044
3389,662.3406593406594
3390,662.2857142857143
3391,662.2307692307693
3392,662.1758241758242
3393,662.1208791208791
3394,662.065934065934
3395,662.010989010989
3396,661.9560439560439
3397,661.9010989010989
3398,661.8461538461538
3399,661.7912087912088
3400,661.7362637362637
3401,661.6813186813187
3402,661.6263736263736
3403,661.5714285714286
3404,661.5164835164835
3405,661.4615384615385
3406,661.4065934065934
3407,661.3516483516484
3408,661.2967032967033
3409,661.2417582417582
3410,661.1868131868132
3411,661.1318681318681
3412,661.0769230769231
3413,661.021978021978
3414,660.967032967033
3415,660.9120879120879
3416,660.8571428571429
3417,660.8021978021978
3418,660.7472527472528
3419,660.6923076923077
3420,660.6373626373627
3421,660.5824175824176
3422,660.5274725274726
3423,660.4725274725274
3424,660.4175824175824
3425,660.3626373626373
3426,660.3076923076923
3427,660.2527472527472
3428,660.1978021978022
3429,660.1428571428571
3430,660.0879120879121
3431,660.032967032967
3432,659.978021978022
3433,659.9230769230769
3434,659.8681318681319
3435,659.8131868131868
3436,659.7582417582418
3437,659.7032967032967
3438,659.6483516483516
3439,659.5934065934066
3440,659.5384615384615
3441,659.4835164835165
3442,659.4285714285714
3443,659.3736263736264
3444,659.3186813186813
3445,659.2637362637363
3446,659.2087912087912
3447,659.1538461538462
3448,659.0989010989011
3449,659.0439560439561
3450,658.989010989011
3451,658.934065934066
3452,658.8791208791209
3453,658.8241758241758
3454,658.7692307692307
3455,658.7142857142857
3456,658.6593406593406
3457,658.6043956043956
3458,658.5494505494505
3459,658.4945054945055
3460,658.4395604395604
3461,658.3846153846154
3462,658.3296703296703
3463,658.2747252747253
3464,658.2197802197802
3465,658.1648351648352
3466,658.1098901098901
3467,658.054945054945
3468,658.0
3469,658.3913043478261
3470,658.7826086956521
3471,659.1739130434783
3472,659.5652173913044
3473,659.9565217391304
3474,660.3478260869565
3475,660.7391304347826
3476,661.1304347826087
3477,661.5217391304348
3478,661.9130434782609
3479,662.304347826087
3480,662.695652173913
3481,663.0869565217391
3482,663.4782608695652
3483,663.8695652173913
3484,664.2608695652174
3485,664.6521739130435
3486,665.0434782608696
3487,665.4347826086956
3488,665.8260869565217
3489,666.2173913043479
3490,666.6086956521739
3491,667.0
3492,667.3913043478261
3493,667.7826086956521
3494,668.1739130434783
3495,668.5652173913044
3496,668.9565217391304
3497,669.3478260869565
3498,669.7391304347826
3499,670.1304347826087
3500,670.5217391304348
3501,670.9130434782609
3502,671.304347826087
3503,671.695652173913
3504,672.0869565217391
3505,672.4782608695652
3506,672.8695652173913
3507,673.2608695652174
3508,673.6521739130435
3509,674.0434782608696
3510,674.4347826086956
3511,674.8260869565217
3512,675.2173913043479
3513,675.6086956521739
3514,676.0
3515,676.3913043478261
3516,676.7826086956521
3517,677.1739130434783
3518,677.5652173913044
3519,677.9565217391305
3520,678.3478260869565
3521,678.7391304347826
3522,679.1304347826087
3523,679.5217391304348
3524,679.9130434782609
3525,680.304347826087
3526,680.695652173913
3527,681.0869565217391
3528,681.4782608695652
3529,681.8695652173913
3530,682.2608695652174
3531,682.6521739130435
3532,683.0434782608696
3533,683.4347826086956
3534,683.8260869565217
3535,684.2173913043479
3536,684.6086956521739
3537,685.0
3538,685.3913043478261
3539,685.7826086956521
3540,686.1739130434783
3541,686.5652173913044
3542,686.9565217391305
3543,687.3478260869565
3544,687.7391304347826
3545,688.1304347826087
3546,688.5217391304348
3547,688.9130434782609
3548,689.304347826087
3549,689.695652173913
3550,690.0869565217391
3551,690.4782608695652
3552,690.8695652173913
3553,691.2608695652174
3554,691.6521739130435
3555,692.0434782608696
3556,692.4347826086956
3557,692.8260869565217
3558,693.2173913043479
3559,693.6086956521739
3560,694.0
3561,695.0652173913044
3562,696.1304347826087
3563,697.195652173913
3564,698.2608695652174
3565,699.3260869565217
3566,700.3913043478261
3567,701.4565217391304
3568,702.5217391304348
3569,703.5869565217391
3570,704.6521739130435
3571,705.7173913043479
3572,706.7826086956521
3573,707.8478260869565
3574,708.9130434782609
3575,709.9782608695652
3576,711.0434782608696
3577,712.1086956521739
3578,713.1739130434783
3579,714.2391304347826
3580,715.304347826087
3581,716.3695652173913
3582,717.4347826086956
3583,718.5
3584,719.5652173913044
3585,720.6304347826087
3586,721.695652173913
3587,722.7608695652174
3588,723.8260869565217
3589,724.8913043478261
3590,725.9565217391305
3591,727.0217391304348
3592,728.0869565217391
3593,729.1521739130435
3594,730.2173913043479
3595,731.2826086956521
3596,732.3478260869565
3597,733.4130434782609
3598,734.4782608695652
3599,735.5434782608696
3600,736.6086956521739
3601,737.6739130434783
3602,738.7391304347826
3603,739.804347826087
3604,740.8695652173913
3605,741.9347826086956
3606,743.0
3607,744.0652173913044
3608,745.1304347826087
3609,746.195652173913
3610,747.2608695652174
3611,748.3260869565217
3612,749.3913043478261
3613,750.4565217391305
3614,751.5217391304348
3615,752.5869565217391
3616,753.6521739130435
3617,754.7173913043479
3618,755.7826086956521
3619,756.8478260869565
3620,757.9130434782609
3621,758.9782608695652
3622,760.0434782608695
3623,761.1086956521739
3624,762.1739130434783
3625,763.2391304347826
3626,764.304347826087
3627,765.3695652173913
3628,766.4347826086956
3629,767.5
3630,768.5652173913044
3631,769.6304347826087
3632,770.695652173913
3633,771.7608695652174
3634,772.8260869565217
3635,773.8913043478261
3636,774.9565217391305
3637,776.0217391304348
3638,777.0869565217391
3639,778.1521739130435
3640,779.2173913043479
3641,780.2826086956522
3642,781.3478260869565
3643,782.4130434782609
3644,783.4782608695652
3645,784.5434782608696
3646,785.6086956521739
3647,786.6739130434783
3648,787.7391304347826
3649,788.804347826087
3650,789.8695652173913
3651,790.9347826086956
3652,792.0
3653,791.3736263736264
3654,790.7472527472528
3655,790.1208791208791
3656,789.4945054945055
3657,788.8681318681319
3658,788.2417582417582
3659,787.6153846153846
3660,786.989010989011
3661,786.3626373626373
3662,785.7362637362637
3663,785.1098901098901
3664,784.4835164835165
3665,783.8571428571429
3666,783.2307692307693
3667,782.6043956043956
3668,781.978021978022
3669,781.3516483516484
3670,780.7252747252747
3671,780.0989010989011
3672,779.4725274725274
3673,778.8461538461538
3674,778.2197802197802
3675,777.5934065934066
3676,776.967032967033
3677,776.3406593406594
3678,775.7142857142857
3679,775.0879120879121
3680,774.4615384615385
3681,773.8351648351648
3682,773.2087912087912
3683,772.5824175824176
3684,771.9560439560439
3685,771.3296703296703
3686,770.7032967032967
3687,770.0769230769231
3688,769.4505494505495
3689,768.8241758241759
3690,768.1978021978022
3691,767.5714285714286
3692,766.945054945055
3693,766.3186813186813
3694,765.6923076923077
3695,765.065934065934
3696,764.4395604395604
3697,763.8131868131868
3698,763.1868131868132
3699,762.5604395604396
3700,761.934065934066
3701,761.3076923076923
3702,760.6813186813187
3703,760.054945054945
3704,759.4285714285714
3705,758.8021978021978
3706,758.1758241758241
3707,757.5494505494505
3708,756.9230769230769
3709,756.2967032967033
3710,755.6703296703297
3711,755.0439560439561
3712,754.4175824175824
3713,753.7912087912088
3714,753.1648351648352
3715,752.5384615384615
3716,751.9120879120879
3717,751.2857142857143
3718,750.6593406593406
3719,750.032967032967
3720,749.4065934065934
3721,748.7802197802198
3722,748.1538461538462
3723,747.5274725274726
3724,746.9010989010989
3725,746.2747252747253
3726,745.6483516483516
3727,745.021978021978
3728,744.3956043956044
3729,743.7692307692307
3730,743.1428571428571
3731,742.5164835164835
3732,741.8901098901099
3733,741.2637362637363
3734,740.6373626373627
3735,740.010989010989
3736,739.3846153846154
3737,738.7582417582418
3738,738.1318681318681
3739,737.5054945054945
3740,736.8791208791208
3741,736.2527472527472
3742,735.6263736263736
3743,735.0
3744,735.2087912087912
3745,735.4175824175824
3746,735.6263736263736
3747,735.8351648351648
3748,736.0439560439561
3749,736.2527472527472
3750,736.4615384615385
3751,736.6703296703297
3752,736.8791208791209
3753,737.0879120879121
3754,737.2967032967033
3755,737.5054945054945
3756,737.7142857142857
3757,737.9230769230769
3758,738.1318681318681
3759,738.3406593406594
3760,738.5494505494505
3761,738.7582417582418
3762,738.967032967033
3763,739.1758241758242
3764,739.3846153846154
3765,739.5934065934066
3766,739.8021978021978
3767,740.010989010989
3768,740.2197802197802
3769,740.4285714285714
3770,740.6373626373627
3771,740.8461538461538
3772,741.054945054945
3773,741.2637362637363
3774,741.4725274725274
3775,741.6813186813187
3776,741.8901098901099
3777,742.0989010989011
3778,742.3076923076923
3779,742.5164835164835
3780,742.7252747252747
3781,742.934065934066
3782,743.1428571428571
3783,743.3516483516484
3784,743.5604395604396
3785,743.7692307692307
3786,743.978021978022
3787,744.1868131868132
3788,744.3956043956044
3789,744.6043956043956
3790,744.8131868131868
3791,745.021978021978
3792,745.2307692307693
3793,745.4395604395604
3794,745.6483516483516
3795,745.8571428571429
3796,746.065934065934
3797,746.2747252747253
3798,746.4835164835165
3799,746.6923076923077
3800,746.9010989010989
3801,747.1098901098901
3802,747.3186813186813
3803,747.5274725274726
3804,747.7362637362637
3805,747.945054945055
3806,748.1538461538462
3807,748.3626373626373
3808,748.5714285714286
3809,748.7802197802198
3810,748.989010989011
3811,749.1978021978022
3812,749.4065934065934
3813,749.6153846153846
3814,749.8241758241759
3815,750.032967032967
3816,750.2417582417582
3817,750.4505494505495
3818,750.6593406593406
3819,750.8681318681319
3820,751.0769230769231
3821,751.2857142857143
3822,751.4945054945055
3823,751.7032967032967
3824,751.9120879120879
3825,752.1208791208791
3826,752.3296703296703
3827,752.5384615384615
3828,752.7472527472528
3829,752.9560439560439
3830,753.1648351648352
3831,753.3736263736264
3832,753.5824175824176
3833,753.7912087912088
3834,754.0
3835,754.1521739130435
3836,754.304347826087
3837,754.4565217391304
3838,754.6086956521739
3839,754.7608695652174
3840,754.9130434782609
3841,755.0652173913044
3842,755.2173913043479
3843,755.3695652173913
3844,755.5217391304348
3845,755.6739130434783
3846,755.8260869565217
3847,755.9782608695652
3848,756.1304347826087
3849,756.2826086956521
3850,756.4347826086956
3851,756.5869565217391
3852,756.7391304347826
3853,756.8913043478261
3854,757.0434782608696
3855,757.195652173913
3856,757.3478260869565
3857,757.5
3858,757.6521739130435
3859,757.804347826087
3860,757.9565217391304
3861,758.1086956521739
3862,758.2608695652174
3863,758.4130434782609
3864,758.5652173913044
3865,758.7173913043479
3866,758.8695652173913
3867,759.0217391304348
3868,759.1739130434783
3869,759.3260869565217
3870,759.4782608695652
3871,759.6304347826087
3872,759.7826086956521
3873,759.9347826086956
3874,760.0869565217391
3875,760.2391304347826
3876,760.3913043478261
3877,760.5434782608696
3878,760.695652173913
3879,760.8478260869565
3880,761.0
3881,761.1521739130435
3882,761.304347826087
3883,761.4565217391304
3884,761.6086956521739
3885,761.7608695652174
3886,761.9130434782609
3887,762.0652173913044
3888,762.2173913043479
3889,762.3695652173913
3890,762.5217391304348
3891,762.6739130434783
3892,762.8260869565217
3893,762.9782608695652
3894,763.1304347826087
3895,763.2826086956521
3896,763.4347826086956
3897,763.5869565217391
3898,763.7391304347826
3899,763.8913043478261
3900,764.0434782608696
3901,764.195652173913
3902,764.3478260869565
3903,764.5
3904,764.6521739130435
3905,764.804347826087
3906,764.9565217391304
3907,765.1086956521739
3908,765.2608695652174
3909,765.4130434782609
3910,765.5652173913044
3911,765.7173913043479
3912,765.8695652173913
3913,766.0217391304348
3914,766.1739130434783
3915,766.3260869565217
3916,766.4782608695652
3917,766.6304347826087
3918,766.7826086956521
3919,766.9347826086956
3920,767.0869565217391
3921,767.2391304347826
3922,767.3913043478261
3923,767.5434782608696
3924,767.695652173913
3925,767.8478260869565
3926,768.0
3927,768.7391304347826
3928,769.4782608695652
3929,770.2173913043479
3930,770.9565217391304
3931,771.695652173913
3932,772.4347826086956
3933,773.1739130434783
3934,773.9130434782609
3935,774.6521739130435
3936,775.3913043478261
3937,776.1304347826087
3938,776.8695652173913
3939,777.6086956521739
3940,778.3478260869565
3941,779.0869565217391
3942,779.8260869565217
3943,780.5652173913044
3944,781.304347826087
3945,782.0434782608696
3946,782.7826086956521
3947,783.5217391304348
3948,784.2608695652174
3949,785.0
3950,785.7391304347826
3951,786.4782608695652
3952,787.2173913043479
3953,787.9565217391304
3954,788.695652173913
3955,789.4347826086956
3956,790.1739130434783
3957,790.9130434782609
3958,791.6521739130435
3959,792.3913043478261
3960,793.1304347826087
3961,793.8695652173913
3962,794.6086956521739
3963,795.3478260869565
3964,796.0869565217391
3965,796.8260869565217
3966,797.5652173913044
3967,798.304347826087
3968,799.0434782608695
3969,799.7826086956521
3970,800.5217391304348
3971,801.2608695652174
3972,802.0
3973,802.7391304347826
3974,803.4782608695652
3975,804.2173913043479
3976,804.9565217391304
3977,805.695652173913
3978,806.4347826086956
3979,807.1739130434783
3980,807.9130434782609
3981,808.6521739130435
3982,809.3913043478261
3983,810.1304347826087
3984,810.8695652173913
3985,811.6086956521739
3986,812.3478260869565
3987,813.0869565217391
3988,813.8260869565217
3989,814.5652173913044
3990,815.304347826087
3991,816.0434782608695
3992,816.7826086956521
3993,817.5217391304348
3994,818.2608695652174
3995,819.0
3996,819.7391304347826
3997,820.4782608695652
3998,821.2173913043479
3999,821.9565217391304
4000,822.695652173913
4001,823.4347826086956
4002,824.1739130434783
4003,824.9130434782609
4004,825.6521739130435
4005,826.3913043478261
4006,827.1304347826087
4007,827.8695652173913
4008,828.6086956521739
4009,829.3478260869565
4010,830.0869565217391
4011,830.8260869565217
4012,831.5652173913044
4013,832.304347826087
4014,833.0434782608695
4015,833.7826086956521
4016,834.5217391304348
4017,835.2608695652174
4018,836.0
