date_idx,market_cap
1,47.24
2,47.24
3,47.82
4,47.82
5,47.82
6,48.14
7,48.11
8,47.94
9,47.9
10,48.36
11,48.36
12,48.36
13,48.2
14,48.53
15,48.82
16,48.89
17,48.68
18,48.68
19,48.68
20,48.68
21,49.05
22,48.91
23,48.5
24,47.58
25,47.58
26,47.58
27,47.19
28,47.23
29,46.79
30,47.51
31,48.1
32,48.1
33,48.1
34,46.96
35,47.65
36,47.81
37,48.25
38,48.76
39,48.76
40,48.76
41,49.18
42,49.45
43,49.06
44,49.31
45,49.76
46,49.76
47,49.76
48,49.76
49,49.78
50,49.76
51,49.67
52,49.56
53,49.56
54,49.56
55,49.67
56,49.5
57,50.03
58,49.82
59,50.1
60,50.1
61,50.1
62,50.3
63,51.05
64,50.98
65,50.81
66,50.23
67,50.23
68,50.23
69,49.98
70,50.35
71,50.4
72,50.24
73,50.03
74,50.03
75,50.03
76,50.54
77,50.78
78,49.59
79,49.8
80,50.1
81,50.1
82,50.1
83,49.8
84,50.29
85,49.55
86,50.13
87,50.9
88,50.9
89,50.9
90,50.94
91,51.25
92,51.11
93,51.08
94,51.39
95,51.39
96,51.39
97,51.92
98,51.99
99,52.03
100,51.91
101,51.7
102,51.7
103,51.7
104,52.23
105,52.81
106,53.32
107,52.78
108,52.78
109,52.78
110,52.78
111,53.03
112,53.03
113,53.06
114,53.18
115,53.0
116,53.0
117,53.0
118,53.24
119,53.52
120,53.82
121,53.96
122,53.78
123,53.78
124,53.78
125,54.08
126,53.88
127,54.61
128,54.71
129,54.58
130,54.58
131,54.58
132,54.71
133,54.25
134,54.15
135,54.34
136,54.73
137,54.73
138,54.73
139,54.54
140,54.48
141,54.19
142,54.08
143,54.46
144,54.46
145,54.46
146,54.46
147,54.86
148,54.67
149,51.36
150,51.73
151,51.73
152,51.73
153,51.83
154,51.54
155,51.82
156,52.78
157,52.73
158,52.73
159,52.73
160,51.89
161,51.48
162,51.18
163,50.93
164,51.01
165,51.01
166,51.01
167,50.81
168,51.21
169,51.74
170,51.98
171,52.03
172,52.03
173,52.03
174,51.79
175,51.7
176,51.6
177,51.52
178,51.91
179,51.91
180,51.91
181,51.67
182,51.86
183,51.82
184,51.63
185,51.63
186,51.63
187,51.63
188,51.74
189,51.81
190,52.1
191,52.28
192,52.52
193,52.52
194,52.52
195,52.65
196,52.92
197,53.1
198,52.71
199,53.15
200,53.15
201,53.15
202,52.96
203,53.24
204,52.96
205,53.24
206,52.51
207,52.51
208,52.51
209,52.98
210,52.86
211,52.88
212,52.27
213,52.11
214,52.11
215,52.11
216,52.33
217,51.7
218,51.37
219,51.36
220,51.68
221,51.68
222,51.68
223,52.22
224,51.94
225,52.37
226,52.29
227,52.47
228,52.47
229,52.47
230,52.91
231,52.79
232,52.99
233,52.97
234,52.65
235,52.65
236,52.65
237,52.59
238,52.6
239,52.68
240,52.51
241,52.84
242,52.84
243,52.84
244,52.84
245,52.87
246,53.08
247,52.92
248,53.82
249,53.82
250,53.82
251,53.57
252,53.59
253,52.96
254,52.81
255,51.43
256,51.43
257,51.43
258,51.45
259,51.97
260,52.06
261,51.59
262,51.51
263,51.51
264,51.51
265,51.32
266,51.07
267,50.84
268,50.57
269,51.17
270,51.17
271,51.17
272,51.1
273,51.1
274,51.24
275,51.11
276,51.52
277,51.52
278,51.52
279,51.61
280,51.08
281,52.23
282,52.41
283,52.34
284,52.34
285,52.34
286,52.04
287,52.72
288,51.57
289,51.67
290,52.33
291,52.33
292,52.33
293,52.93
294,53.46
295,53.27
296,53.58
297,53.71
298,53.71
299,53.71
300,54.13
301,55.01
302,54.68
303,54.97
304,55.69
305,55.69
306,55.69
307,56.68
308,56.87
309,56.44
310,55.96
311,55.76
312,55.76
313,55.76
314,56.64
315,56.12
316,55.41
317,55.79
318,55.32
319,55.32
320,55.32
321,55.46
322,55.68
323,54.8
324,55.58
325,55.45
326,55.45
327,55.45
328,55.49
329,55.62
330,56.15
331,56.15
332,56.18
333,56.18
334,56.18
335,56.05
336,56.51
337,56.43
338,56.57
339,56.19
340,56.19
341,56.19
342,56.82
343,56.62
344,56.77
345,56.82
346,56.07
347,56.07
348,56.07
349,56.03
350,55.67
351,56.86
352,57.63
353,57.03
354,57.03
355,57.03
356,58.25
357,57.9
358,57.52
359,57.52
360,57.37
361,57.37
362,57.37
363,57.95
364,57.66
365,56.59
366,56.59
367,57.66
368,57.66
369,57.66
370,57.9
371,59.51
372,60.6
373,60.52
374,61.15
375,61.15
376,61.15
377,61.21
378,61.25
379,61.79
380,62.24
381,62.47
382,62.47
383,62.47
384,62.47
385,62.11
386,62.29
387,63.47
388,63.19
389,63.19
390,63.19
391,63.83
392,63.68
393,63.31
394,63.7
395,61.8
396,61.8
397,61.8
398,62.04
399,62.25
400,62.79
401,63.22
402,60.69
403,60.69
404,60.69
405,60.39
406,60.59
407,59.86
408,60.58
409,60.08
410,60.08
411,60.08
412,60.08
413,59.98
414,60.44
415,59.05
416,59.67
417,59.67
418,59.67
419,60.23
420,59.13
421,59.26
422,58.22
423,59.22
424,59.22
425,59.22
426,59.12
427,58.99
428,58.35
429,58.22
430,56.18
431,56.18
432,56.18
433,56.14
434,55.97
435,55.8
436,57.12
437,57.24
438,57.24
439,57.24
440,58.2
441,57.91
442,59.58
443,59.76
444,61.39
445,61.39
446,61.39
447,61.45
448,61.23
449,60.4
450,59.93
451,60.43
452,60.43
453,60.43
454,61.28
455,60.86
456,61.48
457,61.9
458,61.9
459,61.9
460,61.9
461,62.35
462,61.57
463,61.31
464,59.97
465,59.39
466,59.39
467,59.39
468,59.1
469,59.44
470,59.01
471,59.03
472,58.45
473,58.45
474,58.45
475,58.56
476,58.63
477,58.72
478,58.7
479,58.59
480,58.59
481,58.59
482,58.96
483,58.45
484,56.85
485,56.35
486,57.18
487,57.18
488,57.18
489,56.94
490,56.03
491,56.39
492,56.87
493,58.27
494,58.27
495,58.27
496,57.18
497,57.27
498,56.31
499,57.37
500,57.63
501,57.63
502,57.63
503,57.37
504,57.14
505,57.0
506,56.99
507,57.01
508,57.01
509,57.01
510,57.01
511,56.54
512,57.18
513,57.08
514,56.32
515,56.32
516,56.32
517,56.94
518,56.56
519,55.56
520,55.59
521,54.84
522,54.84
523,54.84
524,54.53
525,54.21
526,54.76
527,55.04
528,54.92
529,54.92
530,54.92
531,54.59
532,55.04
533,55.76
534,56.48
535,55.73
536,55.73
537,55.73
538,54.81
539,54.41
540,54.0
541,53.52
542,54.0
543,54.0
544,54.0
545,53.1
546,53.72
547,54.07
548,54.06
549,54.06
550,54.06
551,54.06
552,54.39
553,55.3
554,55.18
555,55.11
556,55.34
557,55.34
558,55.34
559,55.48
560,55.69
561,56.13
562,56.76
563,56.64
564,56.64
565,56.64
566,56.6
567,56.24
568,56.43
569,56.12
570,57.13
571,57.13
572,57.13
573,57.48
574,57.66
575,57.7
576,57.59
577,57.93
578,57.93
579,57.93
580,58.29
581,58.34
582,58.39
583,58.76
584,59.31
585,59.31
586,59.31
587,58.53
588,59.27
589,59.41
590,59.02
591,59.31
592,59.31
593,59.31
594,59.88
595,60.27
596,59.78
597,59.47
598,58.78
599,58.78
600,58.78
601,56.34
602,54.79
603,56.3
604,57.47
605,57.03
606,57.03
607,57.03
608,55.48
609,54.15
610,54.81
611,55.05
612,54.12
613,54.12
614,54.12
615,54.12
616,54.93
617,54.02
618,54.17
619,55.43
620,55.43
621,55.43
622,55.37
623,56.03
624,56.75
625,57.21
626,56.93
627,56.93
628,56.93
629,57.49
630,56.7
631,56.78
632,56.08
633,56.56
634,56.56
635,56.56
636,55.74
637,56.45
638,56.85
639,57.65
640,58.14
641,58.14
642,58.14
643,59.48
644,59.46
645,60.23
646,60.45
647,60.49
648,60.49
649,60.49
650,60.98
651,60.46
652,60.19
653,61.27
654,61.59
655,61.59
656,61.59
657,62.82
658,62.68
659,63.03
660,63.52
661,62.96
662,62.96
663,62.96
664,63.07
665,63.94
666,63.79
667,63.38
668,62.47
669,62.47
670,62.47
671,63.81
672,63.23
673,63.18
674,62.95
675,60.44
676,60.44
677,60.44
678,59.39
679,60.3
680,60.02
681,59.25
682,57.78
683,57.78
684,57.78
685,58.19
686,57.94
687,58.99
688,59.24
689,59.61
690,59.61
691,59.61
692,59.26
693,58.06
694,58.45
695,58.45
696,58.92
697,58.92
698,58.92
699,57.75
700,58.5
701,56.76
702,56.34
703,58.1
704,58.1
705,58.1
706,58.25
707,58.29
708,58.07
709,57.38
710,57.25
711,57.25
712,57.25
713,57.67
714,58.83
715,59.96
716,60.0
717,59.08
718,59.08
719,59.08
720,59.49
721,59.73
722,60.17
723,60.27
724,60.27
725,60.27
726,60.27
727,60.18
728,60.72
729,60.52
730,60.3
731,60.3
732,60.3
733,60.3
734,59.51
735,60.7
736,60.55
737,59.27
738,57.58
739,57.58
740,57.58
741,57.77
742,57.41
743,57.02
744,57.45
745,56.99
746,56.99
747,56.99
748,56.99
749,57.68
750,55.89
751,56.53
752,57.96
753,57.96
754,57.96
755,57.29
756,58.83
757,57.56
758,57.8
759,57.64
760,57.64
761,57.64
762,58.15
763,57.59
764,58.26
765,58.04
766,56.93
767,56.93
768,56.93
769,56.46
770,55.36
771,56.07
772,56.16
773,56.79
774,56.79
775,56.79
776,56.79
777,57.66
778,57.89
779,58.56
780,58.62
781,58.62
782,58.62
783,58.61
784,58.69
785,58.53
786,59.39
787,58.91
788,58.91
789,58.91
790,58.71
791,60.2
792,60.43
793,61.08
794,61.43
795,61.43
796,61.43
797,61.77
798,61.17
799,61.19
800,61.27
801,62.29
802,62.29
803,62.29
804,61.6
805,61.77
806,62.05
807,63.47
808,63.42
809,63.42
810,63.42
811,62.81
812,62.62
813,62.35
814,62.33
815,62.33
816,62.33
817,62.33
818,62.83
819,64.03
820,63.66
821,64.26
822,65.53
823,65.53
824,65.53
825,65.43
826,64.89
827,65.39
828,64.81
829,64.9
830,64.9
831,64.9
832,64.77
833,65.22
834,65.07
835,65.17
836,65.15
837,65.15
838,65.15
839,65.52
840,65.27
841,63.85
842,62.46
843,63.35
844,63.35
845,63.35
846,63.83
847,63.92
848,64.11
849,63.83
850,63.05
851,63.05
852,63.05
853,64.1
854,64.23
855,65.07
856,65.32
857,66.07
858,66.07
859,66.07
860,66.77
861,67.04
862,63.7
863,63.95
864,61.58
865,61.58
866,61.58
867,62.49
868,61.26
869,60.64
870,60.75
871,61.15
872,61.15
873,61.15
874,61.35
875,61.94
876,61.45
877,61.78
878,61.98
879,61.98
880,61.98
881,61.98
882,61.94
883,62.13
884,61.86
885,62.52
886,62.52
887,62.52
888,62.26
889,62.53
890,63.13
891,63.2
892,62.76
893,62.76
894,62.76
895,63.22
896,63.56
897,64.0
898,64.63
899,64.53
900,64.53
901,64.53
902,64.86
903,65.32
904,65.37
905,65.53
906,64.72
907,64.72
908,64.72
909,65.17
910,66.78
911,67.36
912,67.98
913,68.23
914,68.23
915,68.23
916,68.23
917,69.2
918,68.36
919,67.75
920,68.99
921,68.99
922,68.99
923,69.68
924,69.59
925,70.46
926,69.81
927,70.06
928,70.06
929,70.06
930,69.85
931,70.08
932,70.15
933,70.45
934,70.8
935,70.8
936,70.8
937,70.54
938,70.55
939,69.67
940,70.41
941,71.34
942,71.34
943,71.34
944,71.52
945,70.27
946,69.86
947,69.01
948,69.04
949,69.04
950,69.04
951,69.12
952,69.33
953,68.81
954,67.42
955,67.63
956,67.63
957,67.63
958,67.27
959,66.48
960,67.24
961,67.36
962,66.59
963,66.59
964,66.59
965,66.77
966,66.61
967,67.32
968,67.73
969,67.17
970,67.17
971,67.17
972,67.78
973,67.84
974,67.71
975,67.88
976,68.09
977,68.09
978,68.09
979,68.09
980,68.55
981,68.8
982,68.22
983,65.96
984,65.96
985,65.96
986,66.71
987,65.02
988,65.29
989,65.33
990,65.59
991,65.59
992,65.59
993,65.86
994,65.58
995,66.26
996,67.09
997,67.09
998,67.09
999,67.09
1000,67.48
1001,66.91
1002,66.81
1003,65.23
1004,65.05
1005,65.05
1006,65.05
1007,63.11
1008,62.18
1009,61.2
1010,61.44
1011,61.54
1012,61.54
1013,61.54
1014,61.76
1015,61.15
1016,62.2
1017,62.16
1018,61.6
1019,61.6
1020,61.6
1021,61.75
1022,62.05
1023,62.06
1024,61.68
1025,61.46
1026,61.46
1027,61.46
1028,61.6
1029,61.68
1030,58.9
1031,57.29
1032,57.18
1033,57.18
1034,57.18
1035,58.15
1036,57.3
1037,56.18
1038,56.07
1039,56.37
1040,56.37
1041,56.37
1042,56.89
1043,57.3
1044,56.53
1045,57.0
1046,57.1
1047,57.1
1048,57.1
1049,58.03
1050,57.61
1051,57.2
1052,56.5
1053,56.54
1054,56.54
1055,56.54
1056,56.18
1057,56.78
1058,56.52
1059,56.52
1060,56.69
1061,56.69
1062,56.69
1063,56.7
1064,57.0
1065,56.17
1066,55.29
1067,56.08
1068,56.08
1069,56.08
1070,56.52
1071,56.32
1072,57.46
1073,57.43
1074,57.36
1075,57.36
1076,57.36
1077,58.2
1078,58.61
1079,56.68
1080,56.28
1081,56.69
1082,56.69
1083,56.69
1084,57.11
1085,57.22
1086,55.71
1087,55.11
1088,55.02
1089,55.02
1090,55.02
1091,55.02
1092,55.02
1093,54.47
1094,55.03
1095,55.56
1096,55.56
1097,55.56
1098,55.56
1099,57.13
1100,57.58
1101,57.68
1102,58.44
1103,58.44
1104,58.44
1105,58.15
1106,57.62
1107,56.93
1108,57.27
1109,57.56
1110,57.56
1111,57.56
1112,57.56
1113,57.97
1114,58.36
1115,57.22
1116,57.72
1117,57.72
1118,57.72
1119,57.87
1120,57.6
1121,57.06
1122,56.96
1123,56.15
1124,56.15
1125,56.15
1126,55.6
1127,57.49
1128,56.78
1129,57.23
1130,57.97
1131,57.97
1132,57.97
1133,56.95
1134,56.01
1135,56.5
1136,56.93
1137,56.96
1138,56.96
1139,56.96
1140,56.83
1141,56.6
1142,55.85
1143,56.05
1144,56.65
1145,56.65
1146,56.65
1147,56.65
1148,57.92
1149,57.78
1150,57.87
1151,57.65
1152,57.65
1153,57.65
1154,58.29
1155,57.68
1156,57.09
1157,56.66
1158,56.12
1159,56.12
1160,56.12
1161,55.93
1162,55.46
1163,54.64
1164,52.96
1165,52.61
1166,52.61
1167,52.61
1168,52.77
1169,52.31
1170,53.18
1171,52.99
1172,52.56
1173,52.56
1174,52.56
1175,52.59
1176,52.85
1177,51.74
1178,52.41
1179,52.54
1180,52.54
1181,52.54
1182,51.97
1183,52.57
1184,53.13
1185,53.19
1186,53.81
1187,53.81
1188,53.81
1189,54.23
1190,53.14
1191,53.06
1192,52.91
1193,52.91
1194,52.91
1195,52.91
1196,53.43
1197,54.01
1198,53.99
1199,54.16
1200,54.16
1201,54.16
1202,54.16
1203,54.39
1204,54.44
1205,54.35
1206,54.44
1207,53.59
1208,53.59
1209,53.59
1210,52.64
1211,52.36
1212,51.42
1213,52.3
1214,51.49
1215,51.49
1216,51.49
1217,52.54
1218,52.59
1219,51.59
1220,51.54
1221,51.26
1222,51.26
1223,51.26
1224,50.74
1225,50.62
1226,51.61
1227,50.41
1228,49.07
1229,49.07
1230,49.07
1231,48.66
1232,48.02
1233,48.06
1234,47.99
1235,49.19
1236,49.19
1237,49.19
1238,49.1
1239,49.0
1240,49.78
1241,50.07
1242,49.0
1243,49.0
1244,49.0
1245,49.0
1246,48.29
1247,48.06
1248,48.24
1249,47.56
1250,47.56
1251,47.56
1252,47.44
1253,47.7
1254,48.38
1255,48.16
1256,48.48
1257,48.48
1258,48.48
1259,49.77
1260,49.48
1261,49.74
1262,50.08
1263,49.93
1264,49.93
1265,49.93
1266,49.53
1267,49.53
1268,49.47
1269,49.58
1270,49.51
1271,49.51
1272,49.51
1273,49.99
1274,50.59
1275,51.04
1276,50.66
1277,50.4
1278,50.4
1279,50.4
1280,51.35
1281,51.35
1282,49.19
1283,48.42
1284,48.69
1285,48.69
1286,48.69
1287,48.32
1288,47.85
1289,48.34
1290,49.13
1291,49.96
1292,49.96
1293,49.96
1294,50.4
1295,49.68
1296,49.82
1297,50.05
1298,49.92
1299,49.92
1300,49.92
1301,49.75
1302,50.22
1303,50.91
1304,51.7
1305,49.9
1306,49.9
1307,49.9
1308,49.27
1309,51.16
1310,50.16
1311,50.34
1312,51.14
1313,51.14
1314,51.14
1315,51.72
1316,51.01
1317,50.8
1318,50.09
1319,49.08
1320,49.08
1321,49.08
1322,49.84
1323,48.96
1324,49.1
1325,48.87
1326,47.74
1327,47.74
1328,47.74
1329,48.05
1330,47.63
1331,48.98
1332,48.7
1333,49.44
1334,49.44
1335,49.44
1336,48.75
1337,48.57
1338,48.81
1339,48.76
1340,49.17
1341,49.17
1342,49.17
1343,49.17
1344,48.77
1345,49.34
1346,49.99
1347,49.6
1348,49.6
1349,49.6
1350,49.84
1351,48.97
1352,49.87
1353,50.9
1354,51.22
1355,51.22
1356,51.22
1357,50.21
1358,49.65
1359,49.71
1360,49.61
1361,49.37
1362,49.37
1363,49.37
1364,49.89
1365,50.83
1366,49.77
1367,50.23
1368,50.05
1369,50.05
1370,50.05
1371,49.75
1372,49.54
1373,49.79
1374,50.24
1375,49.92
1376,49.92
1377,49.92
1378,50.08
1379,50.75
1380,51.43
1381,51.26
1382,51.81
1383,51.81
1384,51.81
1385,51.5
1386,52.05
1387,51.24
1388,51.56
1389,51.31
1390,51.31
1391,51.31
1392,51.54
1393,51.05
1394,50.99
1395,51.01
1396,48.8
1397,48.8
1398,48.8
1399,49.14
1400,48.39
1401,48.94
1402,49.64
1403,48.29
1404,48.29
1405,48.29
1406,48.28
1407,49.55
1408,48.92
1409,50.24
1410,51.01
1411,51.01
1412,51.01
1413,49.94
1414,50.0
1415,49.65
1416,49.8
1417,50.45
1418,50.45
1419,50.45
1420,49.53
1421,49.58
1422,49.32
1423,49.32
1424,49.22
1425,49.22
1426,49.22
1427,48.72
1428,48.63
1429,49.45
1430,50.39
1431,50.57
1432,50.57
1433,50.57
1434,50.99
1435,50.7
1436,50.7
1437,50.49
1438,50.54
1439,50.54
1440,50.54
1441,50.55
1442,51.82
1443,51.66
1444,51.6
1445,52.28
1446,52.28
1447,52.28
1448,52.9
1449,52.47
1450,51.08
1451,51.31
1452,52.05
1453,52.05
1454,52.05
1455,52.05
1456,52.76
1457,53.2
1458,53.32
1459,53.5
1460,53.5
1461,53.5
1462,53.5
1463,53.55
1464,53.3
1465,51.74
1466,52.22
1467,52.22
1468,52.22
1469,52.57
1470,51.41
1471,51.24
1472,51.19
1473,51.4
1474,51.4
1475,51.4
1476,51.4
1477,51.26
1478,51.99
1479,51.01
1480,51.01
1481,51.01
1482,51.01
1483,51.59
1484,51.66
1485,51.59
1486,51.0
1487,50.85
1488,50.85
1489,50.85
1490,50.6
1491,50.5
1492,50.74
1493,49.58
1494,48.61
1495,48.61
1496,48.61
1497,48.18
1498,48.44
1499,48.1
1500,47.26
1501,48.82
1502,48.82
1503,48.82
1504,48.7
1505,48.29
1506,47.86
1507,48.5
1508,48.48
1509,48.48
1510,48.48
1511,48.48
1512,48.32
1513,46.99
1514,47.84
1515,48.66
1516,48.66
1517,48.66
1518,49.4
1519,47.81
1520,47.68
1521,48.12
1522,48.3
1523,48.3
1524,48.3
1525,48.9
1526,48.96
1527,48.43
1528,48.54
1529,48.63
1530,48.63
1531,48.63
1532,48.68
1533,48.91
1534,49.22
1535,48.64
1536,48.8
1537,48.8
1538,48.8
1539,48.27
1540,48.01
1541,47.94
1542,47.37
1543,47.12
1544,47.12
1545,47.12
1546,47.62
1547,46.73
1548,48.42
1549,47.94
1550,47.94
1551,47.94
1552,47.94
1553,47.36
1554,47.71
1555,48.35
1556,48.12
1557,47.67
1558,47.67
1559,47.67
1560,47.46
1561,47.93
1562,47.52
1563,46.38
1564,46.94
1565,46.94
1566,46.94
1567,47.11
1568,47.41
1569,47.19
1570,46.49
1571,45.55
1572,45.55
1573,45.55
1574,45.44
1575,45.72
1576,45.39
1577,46.45
1578,48.3
1579,48.3
1580,48.3
1581,48.36
1582,49.42
1583,49.25
1584,49.2
1585,49.29
1586,49.29
1587,49.29
1588,49.43
1589,49.11
1590,49.48
1591,49.87
1592,49.46
1593,49.46
1594,49.46
1595,48.88
1596,47.84
1597,47.74
1598,47.54
1599,47.7
1600,47.7
1601,47.7
1602,48.58
1603,48.95
1604,49.27
1605,49.12
1606,49.34
1607,49.34
1608,49.34
1609,49.34
1610,49.42
1611,49.99
1612,49.56
1613,49.74
1614,49.74
1615,49.74
1616,50.31
1617,50.4
1618,51.13
1619,50.98
1620,51.16
1621,51.16
1622,51.16
1623,51.07
1624,51.4
1625,50.27
1626,50.75
1627,50.88
1628,50.88
1629,50.88
1630,51.06
1631,51.16
1632,52.0
1633,52.43
1634,53.47
1635,53.47
1636,53.47
1637,53.04
1638,53.33
1639,52.87
1640,52.96
1641,52.65
1642,52.65
1643,52.65
1644,52.48
1645,52.94
1646,52.94
1647,53.35
1648,53.5
1649,53.5
1650,53.5
1651,53.24
1652,53.46
1653,52.93
1654,53.09
1655,53.1
1656,53.1
1657,53.1
1658,52.78
1659,52.73
1660,52.8
1661,53.8
1662,52.73
1663,52.73
1664,52.73
1665,52.7
1666,52.52
1667,52.93
1668,52.86
1669,52.14
1670,52.14
1671,52.14
1672,53.16
1673,54.5
1674,54.98
1675,54.52
1676,55.14
1677,55.14
1678,55.14
1679,54.77
1680,54.58
1681,54.52
1682,54.65
1683,53.93
1684,53.93
1685,53.93
1686,54.06
1687,54.31
1688,54.79
1689,54.68
1690,55.2
1691,55.2
1692,55.2
1693,56.1
1694,55.74
1695,55.48
1696,55.81
1697,55.96
1698,55.96
1699,55.96
1700,55.69
1701,56.43
1702,56.16
1703,56.12
1704,56.61
1705,56.61
1706,56.61
1707,56.61
1708,56.24
1709,56.42
1710,57.07
1711,56.2
1712,56.2
1713,56.2
1714,56.32
1715,57.0
1716,57.2
1717,57.29
1718,56.45
1719,56.45
1720,56.45
1721,56.74
1722,56.11
1723,55.61
1724,55.71
1725,55.82
1726,55.82
1727,55.82
1728,54.64
1729,54.74
1730,54.22
1731,54.27
1732,54.67
1733,54.67
1734,54.67
1735,54.69
1736,54.51
1737,53.6
1738,52.35
1739,53.03
1740,53.03
1741,53.03
1742,54.16
1743,54.22
1744,53.45
1745,52.76
1746,53.0
1747,53.0
1748,53.0
1749,52.95
1750,53.9
1751,53.49
1752,53.6
1753,54.11
1754,54.11
1755,54.11
1756,53.22
1757,53.47
1758,53.88
1759,55.99
1760,55.66
1761,55.66
1762,55.66
1763,56.0
1764,58.13
1765,56.82
1766,56.24
1767,55.86
1768,55.86
1769,55.86
1770,56.71
1771,56.86
1772,57.98
1773,57.99
1774,58.42
1775,58.42
1776,58.42
1777,58.19
1778,58.48
1779,58.02
1780,56.48
1781,57.3
1782,57.3
1783,57.3
1784,57.84
1785,56.71
1786,56.67
1787,56.67
1788,56.49
1789,56.49
1790,56.49
1791,55.96
1792,56.27
1793,57.06
1794,57.16
1795,57.49
1796,57.49
1797,57.49
1798,57.88
1799,57.29
1800,57.29
1801,59.01
1802,58.34
1803,58.34
1804,58.34
1805,57.62
1806,58.04
1807,56.51
1808,56.99
1809,56.56
1810,56.56
1811,56.56
1812,54.18
1813,54.18
1814,53.24
1815,52.04
1816,51.05
1817,51.05
1818,51.05
1819,49.74
1820,49.74
1821,51.6
1822,51.81
1823,52.05
1824,52.05
1825,52.05
1826,52.01
1827,52.01
1828,50.98
1829,50.94
1830,51.72
1831,51.72
1832,51.72
1833,52.26
1834,53.51
1835,53.58
1836,53.56
1837,53.25
1838,53.25
1839,53.25
1840,52.75
1841,52.91
1842,53.42
1843,53.54
1844,53.75
1845,53.75
1846,53.75
1847,53.75
1848,53.53
1849,53.81
1850,54.15
1851,54.72
1852,54.72
1853,54.72
1854,55.15
1855,55.37
1856,56.0
1857,56.27
1858,55.37
1859,55.37
1860,55.37
1861,56.19
1862,56.85
1863,56.81
1864,57.42
1865,56.88
1866,56.88
1867,56.88
1868,57.25
1869,57.04
1870,56.85
1871,56.78
1872,56.65
1873,56.65
1874,56.65
1875,56.65
1876,56.31
1877,55.38
1878,56.28
1879,56.74
1880,56.74
1881,56.74
1882,56.64
1883,56.63
1884,56.0
1885,55.97
1886,54.25
1887,54.25
1888,54.25
1889,54.17
1890,54.5
1891,54.5
1892,54.19
1893,53.83
1894,53.83
1895,53.83
1896,54.34
1897,54.97
1898,55.04
1899,55.55
1900,54.41
1901,54.41
1902,54.41
1903,53.86
1904,53.58
1905,53.74
1906,55.05
1907,54.87
1908,54.87
1909,54.87
1910,54.99
1911,56.0
1912,55.96
1913,56.65
1914,56.3
1915,56.3
1916,56.3
1917,56.47
1918,56.58
1919,56.48
1920,56.76
1921,57.05
1922,57.05
1923,57.05
1924,56.64
1925,56.36
1926,57.09
1927,56.87
1928,57.27
1929,57.27
1930,57.27
1931,56.96
1932,54.67
1933,54.78
1934,54.97
1935,54.97
1936,54.97
1937,54.97
1938,53.63
1939,54.52
1940,55.0
1941,54.9
1942,55.14
1943,55.14
1944,55.14
1945,54.26
1946,53.62
1947,54.87
1948,54.89
1949,55.39
1950,55.39
1951,55.39
1952,54.98
1953,53.72
1954,53.36
1955,53.64
1956,54.09
1957,54.09
1958,54.09
1959,54.02
1960,54.41
1961,54.64
1962,54.12
1963,53.86
1964,53.86
1965,53.86
1966,52.65
1967,53.34
1968,53.0
1969,52.94
1970,52.89
1971,52.89
1972,52.89
1973,52.89
1974,51.89
1975,50.62
1976,50.34
1977,50.04
1978,50.04
1979,50.04
1980,49.91
1981,50.04
1982,50.92
1983,50.51
1984,50.44
1985,50.44
1986,50.44
1987,49.82
1988,50.22
1989,50.18
1990,50.57
1991,50.29
1992,50.29
1993,50.29
1994,51.41
1995,51.29
1996,51.02
1997,50.89
1998,50.66
1999,50.66
2000,50.66
2001,50.02
2002,49.85
2003,49.17
2004,49.37
2005,49.32
2006,49.32
2007,49.32
2008,48.75
2009,49.76
2010,50.71
2011,50.71
2012,50.07
2013,50.07
2014,50.07
2015,50.48
2016,50.56
2017,50.36
2018,49.95
2019,49.86
2020,49.86
2021,49.86
2022,49.96
2023,49.78
2024,49.21
2025,48.98
2026,48.07
2027,48.07
2028,48.07
2029,47.67
2030,48.63
2031,48.91
2032,48.65
2033,48.65
2034,48.65
2035,48.65
2036,49.05
2037,49.23
2038,49.84
2039,48.39
2040,48.93
2041,48.93
2042,48.93
2043,47.55
2044,47.15
2045,47.17
2046,47.67
2047,47.61
2048,47.61
2049,47.61
2050,47.03
2051,47.74
2052,46.74
2053,45.44
2054,45.66
2055,45.66
2056,45.66
2057,46.08
2058,45.33
2059,45.29
2060,45.69
2061,44.87
2062,44.87
2063,44.87
2064,45.16
2065,44.7
2066,45.03
2067,45.54
2068,45.77
2069,45.77
2070,45.77
2071,45.77
2072,45.94
2073,46.14
2074,46.11
2075,46.48
2076,46.48
2077,46.48
2078,48.61
2079,49.54
2080,48.51
2081,47.71
2082,47.3
2083,47.3
2084,47.3
2085,47.44
2086,47.37
2087,47.88
2088,47.51
2089,47.64
2090,47.64
2091,47.64
2092,47.61
2093,47.32
2094,47.25
2095,47.82
2096,48.54
2097,48.54
2098,48.54
2099,47.83
2100,46.92
2101,45.94
2102,45.42
2103,45.58
2104,45.58
2105,45.58
2106,45.64
2107,44.92
2108,44.95
2109,45.33
2110,45.76
2111,45.76
2112,45.76
2113,45.78
2114,45.85
2115,45.8
2116,45.83
2117,46.17
2118,46.17
2119,46.17
2120,47.17
2121,47.58
2122,47.64
2123,47.56
2124,47.9
2125,47.9
2126,47.9
2127,47.38
2128,47.08
2129,46.56
2130,46.4
2131,47.46
2132,47.46
2133,47.46
2134,48.67
2135,48.17
2136,47.76
2137,48.03
2138,47.58
2139,47.58
2140,47.58
2141,47.86
2142,47.3
2143,47.53
2144,47.29
2145,47.42
2146,47.42
2147,47.42
2148,47.33
2149,46.45
2150,45.65
2151,45.12
2152,45.48
2153,45.48
2154,45.48
2155,45.96
2156,46.42
2157,46.57
2158,46.57
2159,46.57
2160,46.57
2161,46.57
2162,45.84
2163,45.61
2164,45.93
2165,45.73
2166,45.65
2167,45.65
2168,45.65
2169,46.13
2170,45.9
2171,44.78
2172,44.35
2173,44.45
2174,44.45
2175,44.45
2176,44.83
2177,44.55
2178,44.45
2179,44.76
2180,44.8
2181,44.8
2182,44.8
2183,44.64
2184,44.89
2185,44.89
2186,45.15
2187,45.45
2188,45.45
2189,45.45
2190,45.45
2191,45.87
2192,45.87
2193,44.47
2194,44.55
2195,44.55
2196,44.55
2197,44.78
2198,44.27
2199,44.57
2200,44.21
2201,44.38
2202,44.38
2203,44.38
2204,44.53
2205,45.1
2206,45.09
2207,45.53
2208,45.29
2209,45.29
2210,45.29
2211,45.29
2212,45.7
2213,44.75
2214,45.13
2215,44.39
2216,44.39
2217,44.39
2218,43.41
2219,42.91
2220,42.92
2221,41.82
2222,40.81
2223,40.81
2224,40.81
2225,40.7
2226,42.08
2227,43.05
2228,43.17
2229,43.22
2230,43.22
2231,43.22
2232,43.85
2233,43.55
2234,42.66
2235,42.5
2236,42.58
2237,42.58
2238,42.58
2239,42.58
2240,42.66
2241,41.99
2242,43.07
2243,43.6
2244,43.6
2245,43.6
2246,43.15
2247,41.46
2248,40.53
2249,38.56
2250,37.72
2251,37.72
2252,37.72
2253,38.99
2254,37.54
2255,37.85
2256,36.75
2257,36.49
2258,36.49
2259,36.49
2260,31.58
2261,34.16
2262,31.11
2263,25.59
2264,27.51
2265,27.51
2266,27.51
2267,20.16
2268,18.04
2269,13.77
2270,17.08
2271,14.76
2272,14.76
2273,14.76
2274,15.37
2275,16.77
2276,19.11
2277,19.03
2278,17.83
2279,17.83
2280,17.83
2281,17.25
2282,16.81
2283,14.39
2284,13.46
2285,14.29
2286,14.29
2287,14.29
2288,16.54
2289,18.62
2290,19.24
2291,20.85
2292,20.85
2293,20.85
2294,20.85
2295,19.97
2296,20.72
2297,18.73
2298,16.24
2299,17.17
2300,17.17
2301,17.17
2302,16.47
2303,16.38
2304,16.05
2305,16.26
2306,15.75
2307,15.75
2308,15.75
2309,17.49
2310,19.37
2311,21.04
2312,20.42
2313,19.33
2314,19.33
2315,19.33
2316,19.27
2317,18.52
2318,17.05
2319,17.44
2320,17.75
2321,17.75
2322,17.75
2323,16.85
2324,16.68
2325,15.65
2326,15.77
2327,15.7
2328,15.7
2329,15.7
2330,17.41
2331,17.4
2332,17.03
2333,17.13
2334,16.7
2335,16.7
2336,16.7
2337,16.7
2338,18.12
2339,19.33
2340,18.28
2341,17.65
2342,17.65
2343,17.65
2344,18.84
2345,19.41
2346,22.29
2347,23.47
2348,27.1
2349,27.1
2350,27.1
2351,29.21
2352,26.45
2353,25.39
2354,22.0
2355,23.24
2356,23.24
2357,23.24
2358,22.75
2359,23.1
2360,21.92
2361,21.71
2362,20.53
2363,20.53
2364,20.53
2365,20.97
2366,21.45
2367,19.92
2368,19.86
2369,18.93
2370,18.93
2371,18.93
2372,20.84
2373,20.92
2374,21.36
2375,21.05
2376,21.05
2377,21.05
2378,21.05
2379,21.09
2380,19.77
2381,19.7
2382,18.67
2383,19.57
2384,19.57
2385,19.57
2386,19.48
2387,18.95
2388,20.37
2389,19.24
2390,19.09
2391,19.09
2392,19.09
2393,18.48
2394,18.65
2395,18.98
2396,18.91
2397,18.53
2398,18.53
2399,18.53
2400,18.95
2401,19.62
2402,20.06
2403,19.46
2404,19.07
2405,19.07
2406,19.07
2407,18.67
2408,19.27
2409,19.12
2410,18.72
2411,19.02
2412,19.02
2413,19.02
2414,20.03
2415,20.54
2416,20.75
2417,20.2
2418,20.86
2419,20.86
2420,20.86
2421,20.86
2422,19.92
2423,19.54
2424,19.84
2425,19.74
2426,19.74
2427,19.74
2428,20.96
2429,21.0
2430,20.29
2431,20.67
2432,21.36
2433,21.36
2434,21.36
2435,20.76
2436,20.56
2437,20.75
2438,20.8
2439,21.49
2440,21.49
2441,21.49
2442,21.49
2443,21.43
2444,21.07
2445,20.25
2446,19.62
2447,19.62
2448,19.62
2449,20.74
2450,21.74
2451,22.67
2452,21.99
2453,21.36
2454,21.36
2455,21.36
2456,19.84
2457,19.92
2458,19.24
2459,19.22
2460,19.45
2461,19.45
2462,19.45
2463,20.13
2464,19.58
2465,19.79
2466,20.54
2467,21.06
2468,21.06
2469,21.06
2470,21.23
2471,21.61
2472,21.93
2473,21.63
2474,20.91
2475,20.91
2476,20.91
2477,21.0
2478,20.32
2479,20.29
2480,20.11
2481,20.01
2482,20.01
2483,20.01
2484,19.73
2485,19.9
2486,19.82
2487,20.48
2488,20.65
2489,20.65
2490,20.65
2491,19.97
2492,19.14
2493,18.76
2494,19.58
2495,19.39
2496,19.39
2497,19.39
2498,19.98
2499,20.06
2500,19.23
2501,19.6
2502,19.1
2503,19.1
2504,19.1
2505,24.42
2506,24.34
2507,22.66
2508,21.35
2509,23.06
2510,23.06
2511,23.06
2512,24.38
2513,24.38
2514,23.65
2515,24.89
2516,25.04
2517,25.04
2518,25.04
2519,26.37
2520,27.41
2521,26.92
2522,26.92
2523,26.41
2524,26.41
2525,26.41
2526,25.49
2527,26.24
2528,26.94
2529,27.67
2530,28.99
2531,28.99
2532,28.99
2533,27.59
2534,27.82
2535,28.05
2536,27.92
2537,27.14
2538,27.14
2539,27.14
2540,26.96
2541,27.71
2542,27.26
2543,27.49
2544,26.38
2545,26.38
2546,26.38
2547,25.83
2548,25.85
2549,25.83
2550,26.05
2551,26.05
2552,26.05
2553,26.05
2554,26.39
2555,25.71
2556,25.92
2557,26.33
2558,26.33
2559,26.33
2560,26.33
2561,27.2
2562,27.32
2563,27.95
2564,27.97
2565,28.41
2566,28.41
2567,28.41
2568,27.31
2569,28.06
2570,29.2
2571,31.19
2572,30.55
2573,30.55
2574,30.55
2575,30.55
2576,30.44
2577,31.3
2578,31.05
2579,31.37
2580,31.37
2581,31.37
2582,32.02
2583,32.54
2584,31.75
2585,32.03
2586,30.53
2587,30.53
2588,30.53
2589,30.53
2590,30.37
2591,30.68
2592,31.26
2593,31.78
2594,31.78
2595,31.78
2596,32.5
2597,33.69
2598,34.89
2599,35.9
2600,35.89
2601,35.89
2602,35.89
2603,35.89
2604,36.13
2605,35.56
2606,34.99
2607,35.95
2608,35.95
2609,35.95
2610,37.05
2611,37.82
2612,39.09
2613,37.72
2614,37.1
2615,37.1
2616,37.1
2617,37.42
2618,36.69
2619,37.45
2620,36.17
2621,36.52
2622,36.52
2623,36.52
2624,36.7
2625,36.47
2626,37.55
2627,38.06
2628,38.72
2629,38.72
2630,38.72
2631,39.75
2632,38.5
2633,38.84
2634,38.38
2635,38.33
2636,38.33
2637,38.33
2638,37.86
2639,36.27
2640,35.94
2641,37.33
2642,37.67
2643,37.67
2644,37.67
2645,37.39
2646,37.91
2647,37.38
2648,37.85
2649,37.85
2650,37.85
2651,37.85
2652,37.8
2653,38.28
2654,38.02
2655,37.57
2656,38.09
2657,38.09
2658,38.09
2659,37.7
2660,37.26
2661,37.38
2662,37.65
2663,38.48
2664,38.48
2665,38.48
2666,38.3
2667,37.55
2668,38.65
2669,38.0
2670,38.42
2671,38.42
2672,38.42
2673,39.49
2674,40.21
2675,40.45
2676,40.53
2677,40.0
2678,40.0
2679,40.0
2680,40.48
2681,39.88
2682,39.73
2683,40.39
2684,41.05
2685,41.05
2686,41.05
2687,41.65
2688,40.3
2689,38.65
2690,38.77
2691,40.15
2692,40.15
2693,40.15
2694,40.17
2695,40.28
2696,40.18
2697,40.28
2698,40.21
2699,40.21
2700,40.21
2701,40.96
2702,40.88
2703,41.63
2704,42.16
2705,42.22
2706,42.22
2707,42.22
2708,42.22
2709,44.09
2710,44.42
2711,44.05
2712,43.46
2713,43.46
2714,43.46
2715,44.03
2716,44.59
2717,44.55
2718,44.21
2719,44.11
2720,44.11
2721,44.11
2722,43.8
2723,43.14
2724,42.96
2725,42.28
2726,41.18
2727,41.18
2728,41.18
2729,43.21
2730,42.8
2731,43.44
2732,42.92
2733,43.07
2734,43.07
2735,43.07
2736,42.78
2737,43.04
2738,42.87
2739,43.23
2740,42.6
2741,42.6
2742,42.6
2743,42.6
2744,41.94
2745,41.34
2746,41.11
2747,42.62
2748,42.62
2749,42.62
2750,42.81
2751,41.61
2752,41.88
2753,41.58
2754,40.91
2755,40.91
2756,40.91
2757,38.51
2758,41.28
2759,42.04
2760,41.11
2761,40.8
2762,40.8
2763,40.8
2764,41.74
2765,41.36
2766,41.15
2767,41.38
2768,41.58
2769,41.58
2770,41.58
2771,41.51
2772,42.57
2773,42.29
2774,44.04
2775,44.43
2776,44.43
2777,44.43
2778,43.66
2779,43.41
2780,43.87
2781,43.99
2782,43.93
2783,43.93
2784,43.93
2785,43.04
2786,42.1
2787,42.06
2788,42.21
2789,42.32
2790,42.32
2791,42.32
2792,42.54
2793,43.56
2794,43.56
2795,43.06
2796,43.93
2797,43.93
2798,43.93
2799,43.84
2800,44.18
2801,44.63
2802,44.83
2803,44.61
2804,44.61
2805,44.61
2806,44.61
2807,44.23
2808,43.42
2809,42.93
2810,42.03
2811,42.03
2812,42.03
2813,43.09
2814,42.58
2815,43.1
2816,43.6
2817,43.14
2818,43.14
2819,43.14
2820,42.56
2821,42.85
2822,43.92
2823,44.4
2824,43.99
2825,43.99
2826,43.99
2827,44.08
2828,43.94
2829,43.99
2830,42.71
2831,43.75
2832,43.75
2833,43.75
2834,43.46
2835,43.17
2836,43.57
2837,44.03
2838,43.4
2839,43.4
2840,43.4
2841,43.58
2842,44.28
2843,45.07
2844,45.78
2845,46.07
2846,46.07
2847,46.07
2848,47.49
2849,46.94
2850,47.63
2851,47.3
2852,47.69
2853,47.69
2854,47.69
2855,48.25
2856,48.1
2857,47.29
2858,48.34
2859,48.16
2860,48.16
2861,48.16
2862,49.08
2863,52.24
2864,54.62
2865,54.45
2866,56.02
2867,56.02
2868,56.02
2869,55.0
2870,55.04
2871,53.88
2872,54.36
2873,54.15
2874,54.15
2875,54.15
2876,54.64
2877,54.17
2878,55.04
2879,55.66
2880,54.79
2881,54.79
2882,54.79
2883,55.2
2884,55.54
2885,55.54
2886,55.54
2887,52.73
2888,52.73
2889,52.73
2890,52.55
2891,50.22
2892,48.54
2893,49.9
2894,49.02
2895,49.02
2896,49.02
2897,50.14
2898,51.34
2899,51.74
2900,50.02
2901,50.08
2902,50.08
2903,50.08
2904,49.65
2905,49.59
2906,49.96
2907,49.83
2908,49.53
2909,49.53
2910,49.53
2911,48.06
2912,50.76
2913,51.11
2914,51.08
2915,51.08
2916,51.08
2917,51.08
2918,52.06
2919,51.84
2920,52.17
2921,52.59
2922,52.5
2923,52.5
2924,52.5
2925,52.68
2926,53.56
2927,52.92
2928,53.62
2929,52.99
2930,52.99
2931,52.99
2932,52.87
2933,53.18
2934,53.21
2935,53.56
2936,51.16
2937,51.16
2938,51.16
2939,51.16
2940,50.57
2941,48.83
2942,48.45
2943,48.29
2944,48.29
2945,48.29
2946,48.01
2947,48.23
2948,47.84
2949,47.28
2950,48.11
2951,48.11
2952,48.11
2953,48.37
2954,48.42
2955,49.14
2956,47.83
2957,47.71
2958,47.71
2959,47.71
2960,48.94
2961,46.68
2962,47.02
2963,47.31
2964,46.61
2965,46.61
2966,46.61
2967,45.97
2968,46.44
2969,47.27
2970,47.21
2971,46.32
2972,46.32
2973,46.32
2974,46.32
2975,45.36
2976,44.06
2977,45.29
2978,45.91
2979,45.91
2980,45.91
2981,45.2
2982,44.23
2983,45.6
2984,45.81
2985,44.98
2986,44.98
2987,44.98
2988,42.15
2989,43.18
2990,43.56
2991,43.58
2992,42.74
2993,42.74
2994,42.74
2995,42.12
2996,42.35
2997,43.16
2998,43.26
2999,42.99
3000,42.99
3001,42.99
3002,42.41
3003,43.65
3004,42.72
3005,42.76
3006,42.77
3007,42.77
3008,42.77
3009,43.29
3010,45.37
3011,44.29
3012,43.23
3013,43.68
3014,43.68
3015,43.68
3016,44.19
3017,42.89
3018,41.99
3019,41.22
3020,41.87
3021,41.87
3022,41.87
3023,41.64
3024,41.44
3025,41.9
3026,42.0
3027,42.0
3028,42.0
3029,42.0
3030,42.0
3031,43.13
3032,43.55
3033,42.98
3034,41.34
3035,41.34
3036,41.34
3037,41.48
3038,40.77
3039,40.11
3040,40.86
3041,38.76
3042,38.76
3043,38.76
3044,38.38
3045,39.7
3046,40.92
3047,40.18
3048,39.88
3049,39.88
3050,39.88
3051,38.82
3052,39.11
3053,37.12
3054,37.97
3055,38.36
3056,38.36
3057,38.36
3058,38.39
3059,39.66
3060,37.33
3061,36.14
3062,35.75
3063,35.75
3064,35.75
3065,35.4
3066,35.42
3067,35.86
3068,36.8
3069,37.35
3070,37.35
3071,37.35
3072,37.35
3073,37.66
3074,36.51
3075,36.89
3076,36.11
3077,36.11
3078,36.11
3079,36.0
3080,36.88
3081,35.43
3082,34.12
3083,33.26
3084,33.26
3085,33.26
3086,31.91
3087,31.7
3088,32.02
3089,31.08
3090,31.43
3091,31.43
3092,31.43
3093,31.43
3094,31.72
3095,31.51
3096,31.76
3097,32.72
3098,32.72
3099,32.72
3100,32.88
3101,32.6
3102,31.94
3103,31.18
3104,31.31
3105,31.31
3106,31.31
3107,31.31
3108,31.93
3109,31.56
3110,32.03
3111,31.97
3112,31.97
3113,31.97
3114,31.82
3115,31.94
3116,31.28
3117,30.76
3118,31.54
3119,31.54
3120,31.54
3121,32.28
3122,33.47
3123,33.86
3124,34.12
3125,33.93
3126,33.93
3127,33.93
3128,34.05
3129,33.57
3130,34.08
3131,35.17
3132,35.56
3133,35.56
3134,35.56
3135,35.55
3136,34.52
3137,35.0
3138,34.63
3139,34.86
3140,34.86
3141,34.86
3142,35.62
3143,35.35
3144,36.45
3145,37.33
3146,37.92
3147,37.92
3148,37.92
3149,37.07
3150,37.48
3151,36.93
3152,37.09
3153,36.33
3154,36.33
3155,36.33
3156,34.93
3157,34.97
3158,34.91
3159,35.43
3160,34.32
3161,34.32
3162,34.32
3163,33.92
3164,33.97
3165,33.38
3166,33.16
3167,32.9
3168,32.9
3169,32.9
3170,32.9
3171,33.07
3172,33.86
3173,33.56
3174,33.96
3175,33.96
3176,33.96
3177,34.45
3178,32.86
3179,32.74
3180,32.58
3181,32.63
3182,32.63
3183,32.63
3184,32.82
3185,32.18
3186,31.3
3187,30.17
3188,29.51
3189,29.51
3190,29.51
3191,28.59
3192,29.14
3193,30.28
3194,29.17
3195,29.37
3196,29.37
3197,29.37
3198,29.82
3199,31.43
3200,31.4
3201,31.04
3202,30.34
3203,30.34
3204,30.34
3205,30.33
3206,31.08
3207,30.71
3208,31.41
3209,31.42
3210,31.42
3211,31.42
3212,32.5
3213,32.34
3214,32.14
3215,32.23
3216,33.12
3217,33.12
3218,33.12
3219,33.57
3220,34.7
3221,34.59
3222,34.88
3223,35.72
3224,35.72
3225,35.72
3226,35.73
3227,37.32
3228,36.59
3229,36.91
3230,37.89
3231,37.89
3232,37.89
3233,38.31
3234,37.84
3235,37.02
3236,39.35
3237,39.4
3238,39.4
3239,39.4
3240,38.53
3241,39.39
3242,37.89
3243,37.96
3244,38.65
3245,38.65
3246,38.65
3247,38.41
3248,39.13
3249,39.21
3250,39.21
3251,39.57
3252,39.57
3253,39.57
3254,37.95
3255,38.51
3256,39.15
3257,39.01
3258,39.12
3259,39.12
3260,39.12
3261,38.58
3262,38.77
3263,39.03
3264,38.39
3265,38.27
3266,38.27
3267,38.27
3268,38.89
3269,39.42
3270,39.24
3271,38.75
3272,38.13
3273,38.13
3274,38.13
3275,37.9
3276,37.92
3277,38.21
3278,38.14
3279,38.65
3280,38.65
3281,38.65
3282,38.65
3283,38.72
3284,37.72
3285,38.46
3286,38.51
3287,38.51
3288,38.51
3289,38.51
3290,38.43
3291,39.61
3292,38.39
3293,38.87
3294,38.87
3295,38.87
3296,38.69
3297,38.2
3298,39.68
3299,41.19
3300,41.06
3301,41.06
3302,41.06
3303,41.06
3304,40.88
3305,39.97
3306,39.54
3307,40.43
3308,40.43
3309,40.43
3310,40.86
3311,41.02
3312,40.93
3313,41.3
3314,42.05
3315,42.05
3316,42.05
3317,41.18
3318,42.0
3319,42.15
3320,43.09
3321,42.44
3322,42.44
3323,42.44
3324,42.06
3325,41.16
3326,40.62
3327,40.68
3328,40.66
3329,40.66
3330,40.66
3331,41.12
3332,41.0
3333,41.04
3334,40.66
3335,40.43
3336,40.43
3337,40.43
3338,40.43
3339,39.44
3340,39.59
3341,39.99
3342,39.83
3343,39.83
3344,39.83
3345,40.06
3346,39.92
3347,39.64
3348,40.17
3349,40.57
3350,40.57
3351,40.57
3352,40.49
3353,39.43
3354,39.95
3355,38.35
3356,36.46
3357,36.46
3358,36.46
3359,36.43
3360,36.68
3361,35.86
3362,35.7
3363,34.1
3364,34.1
3365,34.1
3366,35.02
3367,35.68
3368,34.1
3369,33.47
3370,33.83
3371,33.83
3372,33.83
3373,33.77
3374,34.05
3375,34.85
3376,35.17
3377,36.61
3378,36.61
3379,36.61
3380,36.78
3381,36.42
3382,35.97
3383,35.92
3384,35.92
3385,35.92
3386,35.92
3387,35.85
3388,36.04
3389,35.83
3390,35.64
3391,35.19
3392,35.19
3393,35.19
3394,36.43
3395,36.42
3396,36.66
3397,36.24
3398,36.21
3399,36.21
3400,36.21
3401,36.07
3402,35.74
3403,35.45
3404,36.19
3405,37.08
3406,37.08
3407,37.08
3408,37.13
3409,36.66
3410,35.2
3411,35.29
3412,35.84
3413,35.84
3414,35.84
3415,35.34
3416,34.84
3417,34.86
3418,34.76
3419,34.8
3420,34.8
3421,34.8
3422,34.99
3423,33.94
3424,34.78
3425,34.53
3426,34.47
3427,34.47
3428,34.47
3429,34.68
3430,34.07
3431,33.43
3432,33.13
3433,33.49
3434,33.49
3435,33.49
3436,33.49
3437,33.87
3438,34.4
3439,33.83
3440,34.85
3441,34.85
3442,34.85
3443,34.86
3444,35.72
3445,36.87
3446,35.9
3447,36.22
3448,36.22
3449,36.22
3450,35.98
3451,36.31
3452,36.29
3453,36.29
3454,36.9
3455,36.9
3456,36.9
3457,36.9
3458,36.23
3459,36.23
3460,35.69
3461,35.25
3462,35.25
3463,35.25
3464,36.34
3465,37.0
3466,36.9
3467,37.55
3468,37.78
3469,37.78
3470,37.78
3471,38.29
3472,38.29
3473,38.67
3474,38.96
3475,38.78
3476,38.78
3477,38.78
3478,39.57
3479,40.24
3480,40.06
3481,39.86
3482,39.68
3483,39.68
3484,39.68
3485,39.8
3486,39.76
3487,40.37
3488,40.49
3489,40.45
3490,40.45
3491,40.45
3492,40.7
3493,40.47
3494,40.62
3495,40.24
3496,40.72
3497,40.72
3498,40.72
3499,40.76
3500,41.04
3501,40.59
3502,38.73
3503,38.7
3504,38.7
3505,38.7
3506,39.15
3507,38.93
3508,38.87
3509,38.88
3510,38.89
3511,38.89
3512,38.89
3513,38.94
3514,38.56
3515,37.82
3516,37.35
3517,37.82
3518,37.82
3519,37.82
3520,36.88
3521,36.29
3522,36.52
3523,36.2
3524,36.23
3525,36.23
3526,36.23
3527,36.53
3528,37.14
3529,37.14
3530,37.13
3531,37.59
3532,37.59
3533,37.59
3534,37.59
3535,37.6
3536,37.87
3537,37.44
3538,37.5
3539,37.5
3540,37.5
3541,37.54
3542,37.78
3543,37.55
3544,38.4
3545,38.08
3546,38.08
3547,38.08
3548,37.38
3549,37.38
3550,37.22
3551,36.52
3552,36.54
3553,36.54
3554,36.54
3555,36.68
3556,35.71
3557,35.4
3558,35.6
3559,35.34
3560,35.34
3561,35.34
3562,34.19
3563,33.78
3564,34.13
3565,34.16
3566,34.12
3567,34.12
3568,34.12
3569,34.46
3570,34.69
3571,35.4
3572,35.08
3573,34.98
3574,34.98
3575,34.98
3576,35.4
3577,36.0
3578,35.48
3579,34.81
3580,34.69
3581,34.69
3582,34.69
3583,34.38
3584,34.63
3585,34.31
3586,34.75
3587,34.16
3588,34.16
3589,34.16
3590,34.42
3591,35.91
3592,36.76
3593,37.86
3594,38.53
3595,38.53
3596,38.53
3597,38.26
3598,37.66
3599,37.73
3600,37.19
3601,37.69
3602,37.69
3603,37.69
3604,37.76
3605,39.48
3606,39.39
3607,39.35
3608,39.77
3609,39.77
3610,39.77
3611,40.12
3612,39.79
3613,39.58
3614,39.58
3615,39.49
3616,39.49
3617,39.49
3618,39.78
3619,39.9
3620,40.12
3621,40.82
3622,42.1
3623,42.1
3624,42.1
3625,42.76
3626,42.74
3627,43.05
3628,42.93
3629,43.43
3630,43.43
3631,43.43
3632,44.05
3633,43.95
3634,45.51
3635,47.9
3636,47.17
3637,47.17
3638,47.17
3639,46.94
3640,47.44
3641,47.1
3642,46.48
3643,46.5
3644,46.5
3645,46.5
3646,46.5
3647,46.95
3648,46.95
3649,47.15
3650,46.62
3651,46.62
3652,46.62
3653,46.62
3654,46.62
3655,45.66
3656,45.71
3657,45.84
3658,45.84
3659,45.84
3660,46.38
3661,46.33
3662,47.15
3663,47.06
3664,47.79
3665,47.79
3666,47.79
3667,47.79
3668,47.43
3669,46.32
3670,46.22
3671,46.16
3672,46.16
3673,46.16
3674,46.29
3675,46.48
3676,46.11
3677,46.55
3678,46.27
3679,46.27
3680,46.27
3681,46.19
3682,45.38
3683,45.17
3684,45.43
3685,44.96
3686,44.96
3687,44.96
3688,44.58
3689,46.73
3690,46.75
3691,46.96
3692,47.89
3693,47.89
3694,47.89
3695,47.49
3696,46.77
3697,46.56
3698,48.23
3699,48.87
3700,48.87
3701,48.87
3702,48.87
3703,48.53
3704,48.98
3705,49.38
3706,49.0
3707,49.0
3708,49.0
3709,48.73
3710,48.79
3711,48.84
3712,48.28
3713,49.03
3714,49.03
3715,49.03
3716,49.67
3717,48.84
3718,49.64
3719,48.79
3720,49.2
3721,49.2
3722,49.2
3723,48.82
3724,49.08
3725,49.37
3726,48.68
3727,49.14
3728,49.14
3729,49.14
3730,49.52
3731,50.22
3732,50.65
3733,50.78
3734,49.49
3735,49.49
3736,49.49
3737,49.23
3738,49.11
3739,50.3
3740,51.0
3741,51.0
3742,51.0
3743,51.0
3744,50.04
3745,48.92
3746,48.82
3747,48.24
3748,48.95
3749,48.95
3750,48.95
3751,49.02
3752,48.97
3753,47.45
3754,47.88
3755,47.21
3756,47.21
3757,47.21
3758,46.42
3759,45.76
3760,45.95
3761,45.77
3762,45.79
3763,45.79
3764,45.79
3765,46.43
3766,46.88
3767,46.56
3768,46.54
3769,46.41
3770,46.41
3771,46.41
3772,47.22
3773,45.82
3774,45.7
3775,46.09
3776,46.6
3777,46.6
3778,46.6
3779,47.09
3780,48.24
3781,48.21
3782,48.62
3783,48.16
3784,48.16
3785,48.16
3786,47.92
3787,48.76
3788,48.99
3789,48.47
3790,48.51
3791,48.51
3792,48.51
3793,47.72
3794,48.24
3795,47.66
3796,47.16
3797,48.21
3798,48.21
3799,48.21
3800,48.21
3801,47.99
3802,47.96
3803,48.4
3804,49.33
3805,49.33
3806,49.33
3807,49.43
3808,49.71
3809,50.03
3810,50.14
3811,49.49
3812,49.49
3813,49.49
3814,49.57
3815,49.16
3816,49.94
3817,49.52
3818,48.52
3819,48.52
3820,48.52
3821,48.15
3822,47.9
3823,47.9
3824,47.68
3825,47.65
3826,47.65
3827,47.65
3828,49.05
3829,48.21
3830,48.12
3831,48.84
3832,49.49
3833,49.49
3834,49.49
3835,47.79
3836,48.2
3837,48.36
3838,48.36
3839,47.65
3840,47.65
3841,47.65
3842,47.9
3843,48.13
3844,48.41
3845,48.53
3846,48.75
3847,48.75
3848,48.75
3849,48.94
3850,49.42
3851,50.52
3852,49.94
3853,50.05
3854,50.05
3855,50.05
3856,51.45
3857,51.15
3858,48.89
3859,48.7
3860,49.72
3861,49.72
3862,49.72
3863,49.85
3864,50.49
3865,50.05
3866,50.05
3867,49.27
3868,49.27
3869,49.27
3870,48.29
3871,50.73
3872,49.88
3873,50.61
3874,51.75
3875,51.75
3876,51.75
3877,49.93
3878,50.85
3879,51.15
3880,51.49
3881,51.11
3882,51.11
3883,51.11
3884,52.15
3885,51.99
3886,52.56
3887,52.91
3888,54.31
3889,54.31
3890,54.31
3891,54.59
3892,54.81
3893,54.7
3894,53.98
3895,54.58
3896,54.58
3897,54.58
3898,54.58
3899,53.46
3900,53.84
3901,53.55
3902,53.65
3903,53.65
3904,53.65
3905,52.81
3906,53.48
3907,53.29
3908,53.41
3909,53.5
3910,53.5
3911,53.5
3912,53.78
3913,53.6
3914,53.6
3915,54.49
3916,54.32
3917,54.32
3918,54.32
3919,54.84
3920,55.48
3921,55.15
3922,54.28
3923,54.7
3924,54.7
3925,54.7
3926,55.13
3927,55.3
3928,54.97
3929,54.91
3930,55.31
3931,55.31
3932,55.31
3933,54.63
3934,54.54
3935,55.2
3936,54.74
3937,55.7
3938,55.7
3939,55.7
3940,55.99
3941,56.96
3942,57.09
3943,56.87
3944,57.7
3945,57.7
3946,57.7
3947,56.82
3948,57.03
3949,56.69
3950,56.56
3951,55.62
3952,55.62
3953,55.62
3954,56.27
3955,56.09
3956,56.13
3957,55.16
3958,54.7
3959,54.7
3960,54.7
3961,56.15
3962,56.88
3963,56.62
3964,57.32
3965,58.39
3966,58.39
3967,58.39
3968,59.15
3969,58.13
3970,58.44
3971,58.16
3972,58.8
3973,58.8
3974,58.8
3975,58.99
3976,59.1
3977,59.01
3978,59.3
3979,59.08
3980,59.08
3981,59.08
3982,58.74
3983,59.84
3984,59.93
3985,59.93
3986,59.88
3987,59.88
3988,59.88
3989,59.16
3990,58.91
3991,59.2
3992,59.32
3993,59.96
3994,59.96
3995,59.96
3996,59.4
3997,58.46
3998,57.61
3999,57.8
4000,58.58
4001,58.58
4002,58.58
4003,59.34
4004,58.7
4005,55.94
4006,55.21
4007,55.97
4008,55.97
4009,55.97
4010,55.9
4011,56.54
4012,56.54
4013,56.69
4014,56.1
4015,56.1
4016,56.1
4017,55.73
4018,56.17
4019,56.17
4020,56.6
4021,57.43
4022,57.43
4023,57.43
4024,56.89
4025,56.81
4026,56.98
4027,56.98
4028,55.76
4029,55.76
4030,55.76
4031,56.36
4032,56.61
4033,56.02
4034,56.33
4035,56.8
4036,56.8
4037,56.8
4038,56.8
4039,57.39
4040,56.39
4041,57.03
4042,56.83
4043,56.83
4044,56.83
4045,57.63
4046,57.28
4047,56.63
4048,57.34
4049,56.71
4050,56.71
4051,56.71
4052,56.56
4053,56.54
4054,58.42
4055,58.76
4056,58.69
4057,58.69
4058,58.69
4059,58.89
4060,60.14
4061,59.97
4062,60.74
4063,60.36
